Time,V1,V2,V3,V4,V5,V6,V7,V8,V9,V10,V11,V12,V13,V14,V15,V16,V17,V18,V19,V20,V21,V22,V23,V24,V25,V26,V27,V28,Amount,card_id,device_type,channel,corridor,merchant_category,account_age_days,device_change,corridor_new,n_clicks_session,session_duration_s,txn_gap_s,card_txn_rank,txn_count_1h,fraud_mode,Class
133288,0.817353,0.000262,0.276772,-1.17631,0.074129,0.777969,-1.118706,2.691106,-0.991641,-0.50416,-0.442991,0.679032,0.819131,-1.2855,0.235594,1.475896,0.758372,-0.410138,-0.281279,-0.242527,-0.383545,-0.364944,0.900933,-0.29023,-0.548946,-0.125519,0.368521,-1.394829,23.15,25485,web_desktop,web,US->IN,p2p_transfer,419,0,0,7,87.6,51751.0,3,1,none,0
126008,-0.213942,-0.19637,0.666645,-0.210647,0.903442,0.526906,-2.345227,-0.992356,-1.746852,1.296838,-1.484465,-0.258116,-0.228621,-0.262938,-0.571029,-0.068752,-0.972696,-1.11916,-0.954437,-0.108616,1.304094,-0.263501,-0.657341,0.066937,-0.953747,-1.019103,-0.697308,-2.400941,20.18,41467,android_app,app,CA->IN,cash_pickup,999,0,0,9,33.2,38316.0,8,1,none,0
146831,-0.732211,1.426491,-0.00458,-1.226984,0.331675,0.464983,0.217316,0.220331,-0.075067,-0.846536,-1.600142,-0.735212,-0.027474,0.4439,-0.275852,0.517617,-2.049081,-1.476639,-2.367944,-0.533705,-0.877851,-1.502965,-0.015026,-1.376305,0.76899,0.040943,-1.165976,0.934158,12.26,44949,android_app,app,CA->IN,p2p_transfer,692,0,0,7,51.1,16486.0,3,1,none,0
158333,-1.309252,1.171931,-1.547443,-0.701503,0.743414,1.440158,-0.256422,1.327697,-1.270494,0.096244,0.428438,-1.064275,-1.585487,-0.484638,-1.355668,-0.725196,-0.17516,0.777767,-0.846103,0.25378,0.687253,-0.372139,-0.735295,1.426237,-0.832388,0.902997,-0.946797,-1.12308,20.97,22263,web_mobile,web,US->IN,airtime_topup,447,0,0,10,63.1,38573.0,6,1,none,0
24074,1.164381,0.586387,-0.056419,0.576605,-0.976242,-0.880972,-0.128438,-0.510268,1.821373,-0.906459,-0.838229,0.590261,0.681492,1.135165,0.06309,0.89392,0.732412,0.195553,0.032787,0.050296,-1.193027,-0.556109,0.704595,0.211958,0.338885,-2.04768,-0.303347,1.860821,121.23,44536,android_app,web,US->PH,p2p_transfer,146,1,0,9,94.4,7622.0,2,1,none,0
141164,1.857605,0.894303,0.567356,1.105663,-1.803095,-0.681749,0.35485,1.651565,-1.00872,1.951402,-0.656535,-1.025694,-0.316512,0.581552,-0.301102,-0.700238,-2.309334,0.682515,-0.709333,1.371884,-0.907404,0.513507,0.039307,-2.090538,-1.363851,1.381985,2.115254,-1.087065,22.83,5772,web_desktop,web,CA->IN,airtime_topup,1268,0,0,5,88.1,53804.0,8,1,none,0
45080,-1.394206,-1.297013,-0.304756,0.296023,-1.221256,1.188952,0.457277,-0.502454,0.079964,-1.025189,-0.824286,1.166255,1.76814,2.008593,-0.326212,-0.469453,-1.181124,-0.423796,-1.910147,-0.402978,0.291624,1.059825,0.825395,0.079306,0.893101,0.504143,-0.026006,-1.294042,35.24,72,ios_app,app,CA->IN,airtime_topup,354,0,0,13,49.2,16013.0,2,1,none,0
151909,1.673992,0.922612,-0.827827,0.853625,0.369392,0.559173,1.578021,0.746868,1.059478,-0.709364,0.615982,-0.109198,-0.726873,0.91542,0.959829,-0.292754,0.392308,-0.619642,2.284871,-0.215663,-0.488715,-0.003857,0.509387,0.161512,-1.478776,-3.001881,-0.380006,0.848858,23.85,33746,web_mobile,web,US->MX,p2p_transfer,1161,0,0,9,108.3,1133.0,8,2,none,0
49939,-0.020964,-0.510903,0.385064,-0.276219,-1.589829,0.14425,-0.462944,0.765167,-0.771164,-0.964322,-0.810308,-2.971921,1.337067,-1.13806,-1.341481,-0.232744,1.268265,1.307399,-1.648471,-0.536471,0.397384,0.961536,-0.683427,-0.277063,-2.139252,0.448138,-0.850237,-0.344094,36.75,17965,android_app,app,UK->NG,bank_deposit,1489,0,0,10,71.2,20815.0,2,1,none,0
125902,-0.704344,0.650069,-0.987507,0.307366,-0.221153,1.130347,1.267557,1.122407,1.47803,1.004578,1.177075,-1.143387,-0.010052,2.233928,-0.209266,0.515264,0.384497,0.086007,0.384589,0.543705,0.639911,0.160155,0.194475,-1.164361,1.460561,-0.280968,-1.341411,2.180238,36.04,17650,android_app,app,UK->NG,bill_pay,193,0,0,10,29.6,11648.0,8,1,none,0
149571,-0.372957,-0.02453,-1.533729,-0.569101,0.557741,1.570514,1.499754,0.341851,0.623555,-0.514674,-1.375358,-0.415938,-0.191782,-1.163291,0.141754,-0.341842,0.025087,-0.834511,0.135289,-0.370555,-1.526533,-0.790817,1.431829,1.093441,-0.511317,1.82153,-2.000012,-0.843601,25.78,10704,ios_app,app,US->PH,cash_pickup,324,0,0,8,94.3,9468.0,9,1,none,0
95475,1.246561,0.230599,-0.823022,-0.185371,-0.901681,0.021572,0.059951,-0.431399,0.164473,0.30296,1.332231,-1.775654,-1.34796,0.095746,-1.084097,0.88051,-1.600089,1.499991,-1.307532,0.501787,-1.128025,1.055693,-0.775988,-0.843934,1.394079,-0.355794,0.331193,2.465218,34.28,38656,web_desktop,web,US->NG,p2p_transfer,518,0,0,7,40.9,5094.0,7,1,none,0
107009,0.022416,-0.564175,-0.548565,0.741073,-0.805456,-0.216789,-1.280348,0.204675,-0.998643,0.314002,0.183284,0.150391,0.109331,0.279262,-0.638561,-0.552715,-0.39182,-0.0388,0.916453,-0.380526,0.642922,0.596384,1.683424,1.326535,0.585388,0.381697,-0.997808,-0.222988,15.35,42401,ios_app,app,US->NG,airtime_topup,977,0,0,8,36.2,32570.0,6,1,none,0
161011,1.127219,1.133246,1.699365,0.310352,0.916947,-1.078379,-1.060769,0.195154,0.413736,-0.817501,0.060011,-0.376677,-0.369126,1.204758,0.37592,-0.969208,-0.05524,1.413937,-0.555402,-0.026663,1.006481,0.220878,0.762951,0.478861,0.530935,1.126464,1.082727,0.093665,13.54,8139,web_mobile,web,US->IN,bank_deposit,336,0,0,9,16.6,16255.0,12,1,none,0
170946,0.745073,1.093013,-0.482773,-1.765652,-0.497895,-0.93319,0.0408,-0.018135,-0.128407,-0.09288,0.34896,-0.869099,-0.988232,-0.276122,-0.710474,0.623,0.549486,1.588414,-0.438555,1.380403,-1.791698,0.309767,0.56948,-0.462084,-0.918375,0.913042,0.128846,0.133443,81.71,8866,web_desktop,web,AU->PH,p2p_transfer,1393,0,0,11,80.3,5693.0,6,1,none,0
8641,0.477682,-2.058647,0.552081,0.642734,0.98573,-0.295649,0.928931,-0.42518,1.289564,1.053758,1.241519,-0.272395,-2.195308,-1.803896,0.893939,0.828983,0.056445,-1.220293,1.574164,0.06854,0.561422,-1.446095,-1.690717,1.988821,0.763947,-0.681486,-0.6145,-1.479573,37.19,33433,ios_app,app,US->GT,p2p_transfer,1377,0,0,4,207.7,999999.0,1,1,none,0
153718,-0.589547,0.628182,-1.273469,-0.985716,-1.171327,-1.168741,1.348766,-0.208995,0.481602,-0.976914,-0.149176,0.543692,0.223051,-0.112138,1.484852,0.873195,0.207411,1.333325,-1.13445,-1.145169,0.23899,-0.943148,0.883301,0.487101,0.662848,0.434755,0.573623,-0.302749,46.24,39533,android_app,app,US->MX,p2p_transfer,648,0,0,12,127.9,2425.0,9,2,none,0
143664,-0.08245,1.0599,0.908934,0.520174,0.711784,0.238025,-1.695235,0.41139,0.071556,-1.754697,0.922156,0.111182,0.013216,0.738668,0.046064,-0.278013,-0.947531,0.279329,2.773858,-0.030815,1.274989,0.213643,0.390932,-0.761719,-0.999865,-0.106978,-0.825163,-1.273592,71.32,33604,ios_app,app,US->NG,airtime_topup,1030,0,0,10,26.2,39796.0,16,1,none,0
170191,-0.162656,1.378962,0.429121,0.754529,0.766776,-1.538212,0.283231,-2.075045,0.098578,-0.572799,0.314476,1.39461,-0.786047,-0.424558,-1.119919,-0.477747,0.054011,0.270657,1.72281,0.899937,-1.502588,-0.407388,0.918705,0.056145,1.297311,1.318306,0.597071,0.08794,5.94,37167,web_desktop,web,CA->IN,airtime_topup,402,0,0,6,85.8,34705.0,8,1,none,0
121494,0.432263,-0.740709,0.243933,-0.531941,1.8692,-0.087285,-1.077395,1.688405,0.073124,-1.407211,-1.941706,1.936722,1.038475,1.590563,-0.068894,-0.261322,1.240775,0.236698,0.15562,1.560301,-0.327524,-0.341924,-0.589419,-0.101514,1.230443,-1.799839,1.387693,0.269575,27.29,46041,web_mobile,web,AU->PH,airtime_topup,326,0,0,6,116.1,31017.0,7,1,none,0
160209,2.035671,-0.247841,0.054208,-0.130926,0.578817,0.011365,0.964906,1.747027,0.356571,0.382589,-0.985625,-0.653659,0.021989,2.537895,1.434301,-1.127713,1.481736,0.183861,0.373224,0.926349,0.662682,1.684912,-0.613063,2.981429,1.038751,-0.757793,-1.121748,-1.083229,58.49,46549,android_app,app,CA->IN,airtime_topup,312,0,0,12,237.7,59054.0,7,1,none,0
23617,0.990056,-1.61902,2.716162,-0.391396,-1.822369,1.754079,0.103279,1.050015,-0.731509,0.63925,0.528701,-2.125704,1.291143,0.679334,-1.010556,0.342371,-0.256139,-2.106307,0.578919,0.533853,1.097445,-0.704692,-0.154262,0.961456,-0.773709,0.886331,-1.122158,2.272749,18.75,16457,web_desktop,web,US->PH,p2p_transfer,642,0,0,7,22.6,14266.0,2,1,none,0
168536,-0.729253,0.630147,0.361152,2.014271,-1.262793,-1.976391,-1.623964,-0.256688,0.04151,1.127296,-0.032947,-0.694115,-1.01852,0.264778,0.42426,0.748091,-0.23932,-0.095389,1.691161,-1.040485,-0.68325,0.832245,-1.144977,-1.86864,-0.59014,0.211675,-0.093651,0.544383,12.57,27237,web_desktop,web,US->PH,airtime_topup,1216,0,0,7,150.7,42809.0,11,1,none,0
70449,1.009748,-0.45712,-0.256721,0.102988,-0.362381,-2.032578,0.338633,-0.492984,0.13409,-0.311584,0.926167,0.728316,-0.399529,0.26519,-0.285002,0.291913,0.411016,-0.174972,-2.129258,-0.396235,-0.187239,-0.023102,-0.007087,-0.076545,1.858507,-0.222555,-0.289345,-1.277728,14.63,31781,web_desktop,web,AU->PH,cash_pickup,444,0,0,6,138.1,16159.0,5,1,none,0
57365,-0.314278,-1.682152,-0.082718,2.183217,0.141966,0.666119,0.301711,1.294009,1.55689,-0.127178,0.449688,1.989321,-0.251555,0.520462,1.446878,1.381167,1.748132,1.108464,-1.160851,1.136828,-0.105285,0.679129,1.142571,0.313879,-2.163386,1.083319,0.151447,-0.981224,10.51,2137,web_mobile,web,US->NG,bill_pay,389,0,0,10,188.1,3236.0,4,2,none,0
131120,-0.259408,0.070319,-1.012642,-1.202018,0.320957,0.591208,0.473789,-0.249175,1.526795,-0.653944,0.322963,-0.944436,0.790181,0.680248,1.099512,-1.098424,-0.0702,-0.560318,-0.625998,-1.594361,2.123503,-0.656508,0.251063,-0.083084,-0.655999,-1.290445,-0.921984,-0.351437,51.01,9389,web_desktop,web,UK->NG,p2p_transfer,1208,0,1,10,32.8,3921.0,5,1,none,0
166738,0.894982,0.323715,2.524431,-0.75691,0.109199,1.722695,-1.230966,-1.551583,-0.179682,0.758503,1.758476,1.421498,1.616421,-1.017701,-0.206768,2.31955,0.294954,-0.446669,-0.617829,-0.936084,0.038214,-0.821584,0.160381,-0.992036,0.397937,-0.560832,0.699343,-0.57061,12.59,42145,web_mobile,web,US->PH,p2p_transfer,1287,0,0,6,33.1,26682.0,8,1,none,0
113781,-0.101127,-0.585247,-0.79986,-0.287291,0.615346,1.553523,1.247678,0.129299,1.992386,0.973743,-0.975464,0.516069,0.981192,1.994381,0.836488,-0.660126,-0.602079,0.609692,-0.672742,-0.401428,0.99715,0.833966,0.766641,0.543925,0.851035,0.49036,0.715087,-1.005325,48.4,31827,web_mobile,web,AU->PH,p2p_transfer,101,0,0,11,187.1,16768.0,9,1,none,0
145843,0.146784,0.030203,-1.597446,-0.05367,0.186206,-0.058974,-1.545292,-0.509793,0.690976,-0.74443,-0.326654,-0.294113,-0.537778,0.211993,2.519854,0.546889,0.169214,0.483281,0.116812,1.428905,1.868567,1.29524,-1.098899,-0.739806,-0.325329,0.216962,1.431255,-0.527601,10.36,18734,ios_app,app,US->PH,airtime_topup,190,0,0,11,19.4,8532.0,8,1,none,0
122167,0.81995,0.230472,0.07228,-0.201563,-0.080017,-0.723715,-0.551682,0.692284,-1.570039,1.765581,0.791054,-1.568381,0.604014,0.203413,0.413812,0.651619,0.942579,-0.436659,-0.235353,0.13746,1.371951,-0.35608,-2.026213,0.097538,0.173481,-1.248555,0.433314,0.67563,17.76,22710,android_app,app,US->MX,airtime_topup,322,0,0,15,95.7,59636.0,3,1,none,0
124419,-1.263832,-0.037633,-1.623591,0.771478,0.73143,-1.335592,2.44356,2.595031,0.613573,0.183967,0.628531,-0.551516,0.33861,2.172592,0.253051,1.678295,-1.732762,-0.763754,-0.262379,-0.449223,-0.700079,0.21427,0.593961,-0.197344,-1.30234,-0.71011,-1.934014,0.397208,18.42,26655,web_mobile,web,US->GT,airtime_topup,875,0,0,8,67.2,999999.0,1,1,none,0
40662,0.501693,2.821615,0.401778,-1.164024,0.822829,1.830181,0.187384,1.396692,-1.379662,-0.981885,-1.839883,0.139932,-0.805591,-1.592134,0.568595,1.482542,0.792859,-0.315592,-0.085042,-0.861274,-0.29781,-1.158584,-0.617043,0.676177,-0.343304,0.916141,-1.161859,-0.824391,11.07,3251,web_mobile,web,US->IN,bank_deposit,1261,0,0,9,36.9,35859.0,2,1,none,0
142506,-0.137375,0.656074,0.172165,1.648933,1.362871,1.111617,-0.038485,0.773956,-0.760499,-1.461973,0.838084,0.577207,0.05026,0.381328,-1.58442,1.718015,0.174817,0.212977,0.762966,-1.200676,0.964282,-1.23224,0.822847,0.285332,1.304887,1.090298,0.079756,0.908561,29.92,30735,android_app,app,US->GT,cash_pickup,155,0,0,8,82.1,23104.0,8,1,none,0
166636,0.173394,-0.362367,-1.311742,-0.905627,-0.64472,0.532776,-0.618221,0.541899,0.445344,-0.257229,-0.898669,-0.574978,-0.056346,1.635815,-1.215694,-0.737467,-1.897366,-0.067881,-0.749791,-1.262199,-0.857613,0.282397,-0.025742,2.005559,-0.790966,0.138139,1.236562,0.44461,17.79,35425,web_mobile,web,US->GT,p2p_transfer,777,0,0,15,82.2,8722.0,6,1,none,0
150115,-0.173623,0.161495,0.520104,-0.662142,-0.084786,1.035573,1.515261,0.625696,0.144618,1.529324,0.735307,0.326498,-0.31437,1.087196,0.16485,0.240865,0.707357,1.545269,-1.661643,0.985427,0.752079,0.414669,-1.378796,0.654392,0.151212,1.285608,-1.389286,-0.87919,63.7,34331,web_mobile,web,US->PH,cash_pickup,369,0,0,5,134.5,1305.0,12,2,none,0
109781,-0.348442,-0.781449,0.290996,-0.592504,-0.64549,1.118976,0.610761,1.187415,0.652465,0.533875,1.420116,0.372383,2.666202,-1.310468,-0.814113,-0.744491,1.832038,-0.1195,2.180165,1.693024,1.046682,-0.666795,0.502053,-0.476336,0.784081,-1.017836,0.583869,-0.019428,7.46,31086,web_desktop,web,CA->IN,p2p_transfer,997,0,0,11,53.7,29402.0,5,1,none,0
28596,-0.55815,1.337753,-1.093314,1.081537,0.324615,-1.123682,-0.276263,-0.010754,0.078364,-0.773173,-0.252287,-1.498329,1.719678,-1.116059,0.188851,1.087847,0.291638,0.000367,1.481913,0.784082,-0.75944,0.462765,1.675498,-0.850903,-0.356835,-0.250704,0.151134,0.18872,27.36,36895,web_desktop,web,US->GT,bank_deposit,337,0,0,6,34.8,5016.0,2,1,none,0
100867,0.331053,-0.140626,0.6698,-2.433083,1.612717,0.623625,0.033855,-0.20244,0.083909,0.908397,1.493583,-0.971111,-0.250696,2.08335,0.650416,-0.667302,-1.737201,-0.244964,-0.161425,-1.789302,-0.472027,-0.911731,1.045359,-0.138358,-2.188851,1.243893,0.598739,-0.033934,32.26,2818,web_mobile,web,US->GT,airtime_topup,1126,0,0,14,47.5,18198.0,3,1,none,0
64486,-0.050395,-0.29917,0.979084,0.016626,-0.761346,-0.538843,0.426494,-0.966062,-1.104626,0.417671,-0.473573,0.119106,0.232877,0.361464,-0.040187,0.303276,0.742909,-0.219111,1.017599,-1.350233,-0.776847,-1.083902,1.869965,2.085476,-0.546862,1.646754,-2.049104,-0.122837,10.5,33556,web_mobile,web,AU->PH,p2p_transfer,998,0,0,3,46.9,494.0,3,2,none,0
108972,-0.208859,-0.261998,0.105208,-1.825119,0.514879,1.57792,0.469704,-0.660308,-1.363171,-0.644879,-0.865554,0.614166,-0.428199,-0.781453,0.370928,-1.339802,-0.622101,-0.212288,-0.456279,-1.334231,0.787631,-1.067065,2.344346,0.418998,-1.09962,0.403043,0.241799,-0.064382,31.92,7077,ios_app,app,US->IN,cash_pickup,974,0,0,6,43.5,28600.0,8,1,none,0
115297,0.756393,-0.182504,0.511698,-1.081392,-0.57657,-0.761865,0.27058,-1.660119,-0.768958,-1.214911,-1.697682,-0.643524,0.284602,-1.533302,-0.092876,0.990469,-0.571685,-0.126446,1.035574,0.688994,0.728859,0.852364,-3.030559,0.792801,2.721485,-0.650475,-0.365257,0.598804,22.9,375,android_app,app,US->MX,airtime_topup,710,0,0,8,87.6,1476.0,4,2,none,0
57595,-0.698838,-0.380571,1.448515,-0.280065,-0.041406,-0.369096,0.951517,0.633397,-1.489002,0.325378,0.306742,-0.665456,0.801632,-1.234915,1.774247,0.016711,0.727659,0.219528,0.70982,-0.774131,0.252163,-1.458625,0.085633,1.348779,1.239764,1.048065,0.064757,1.680256,17.82,36642,ios_app,app,US->PH,airtime_topup,1215,0,0,8,131.1,999999.0,1,1,none,0
122846,-1.119294,-0.611532,1.27016,0.63201,-1.039314,0.659122,-0.129406,-0.369795,0.068913,-0.954767,-0.72359,-0.640826,0.152803,0.510832,0.48009,-1.085236,-0.490278,-0.895236,0.052054,-0.057076,0.390468,-0.400901,0.390562,-0.21161,0.342516,-0.335838,0.612312,-0.073079,30.29,45143,web_desktop,web,UK->NG,cash_pickup,964,0,0,14,102.3,69657.0,5,1,none,0
161653,0.614715,0.254001,-1.347461,-2.056847,-0.330232,-0.106164,1.281834,1.232277,0.119482,0.542016,-0.56815,-1.670961,0.533432,0.334869,0.375828,0.815549,-2.070794,-0.530041,-2.277505,0.467046,0.307792,0.400132,0.655357,0.394344,1.176486,1.733648,-2.869269,0.355816,28.89,37019,web_desktop,web,US->GT,bank_deposit,1245,0,0,13,55.7,32921.0,4,1,none,0
153481,3.187899,0.032811,-0.311446,-0.617651,-0.00284,0.144975,-0.314694,0.610034,0.242593,-0.790951,1.039355,0.335827,-0.722342,0.311136,0.847946,-1.142598,1.582256,1.407237,1.674058,-1.000155,0.400834,0.354432,0.900693,-0.70949,-0.745143,-0.76042,-0.413984,-0.435278,29.72,20235,android_app,app,AU->PH,airtime_topup,925,0,0,9,33.5,4307.0,7,1,none,0
64953,-1.007175,-0.857038,-1.266365,0.790211,1.180369,1.054956,-1.616144,2.319842,1.007903,1.194528,-0.034599,1.034963,0.340628,0.323544,-0.513278,0.160026,0.647962,-1.304646,1.374488,1.288447,0.137106,0.237711,-1.190369,-1.998141,-0.046856,-0.901765,0.622114,-0.478925,11.45,24993,web_desktop,web,US->PH,bill_pay,1104,0,0,9,141.1,25159.0,4,1,none,0
83713,-0.513728,0.966367,-0.49044,-0.381508,0.553603,-0.220694,1.771528,1.271952,-0.218135,0.56087,0.516507,0.195675,-0.800631,0.412184,-1.110361,0.931883,-1.144948,0.154496,0.80706,-0.49618,0.203575,0.87463,0.237847,-0.691347,-1.296245,-0.793154,-1.494894,0.490885,18.31,9201,web_desktop,web,US->IN,p2p_transfer,143,1,0,11,28.8,40625.0,5,1,none,0
127326,0.14024,-1.170365,0.433081,1.176281,0.741037,0.663449,0.298453,0.247258,0.431265,2.182643,-0.061144,-0.835502,0.2489,0.130885,-0.524062,0.649822,1.864637,1.11927,0.504832,0.449489,1.35004,0.470472,0.144224,1.192677,-1.325973,1.092831,-1.021328,-0.769472,26.91,19822,ios_app,app,AU->PH,cash_pickup,469,0,0,15,41.6,36281.0,6,1,none,0
98562,-0.4602,1.468066,-1.280935,1.275773,-0.279299,-1.512415,1.367447,-0.563464,0.421182,0.751328,-1.012404,-0.612851,-0.49428,-1.65575,1.299652,0.214735,-0.728857,0.003153,-0.373519,0.054729,0.079866,1.157235,-0.462835,-0.773936,-2.325772,-0.299739,0.784649,1.040652,10.65,44471,web_desktop,app,US->PH,airtime_topup,1169,1,0,8,31.2,74282.0,2,1,none,0
145840,-0.469099,1.117952,1.742263,1.082133,0.562722,0.579915,1.956549,-1.601798,-0.859076,-1.6642,1.519044,-1.186171,0.409097,-1.789015,-0.412239,0.022074,-0.972151,1.117603,-0.058376,0.052053,-0.034586,-1.880156,-1.47869,0.168137,-0.6281,-0.964569,0.322382,0.615936,6.61,42369,ios_app,app,UK->NG,bill_pay,557,0,0,12,81.4,64697.0,3,1,none,0
2192,0.763457,-0.754079,-0.691169,-0.297818,0.416655,1.821743,-1.9219,-0.414807,1.371629,0.954455,-0.769391,0.50224,-0.267332,0.247377,-0.583892,-0.306223,-0.962907,-0.871878,0.608919,1.316026,0.234934,-2.52854,-0.610417,0.485652,3.120049,1.368998,-1.503261,-0.364603,8.12,1005,web_desktop,web,AU->PH,p2p_transfer,1337,0,0,9,141.7,999999.0,1,1,none,0
25872,-1.063661,-1.079779,-0.311249,0.153226,1.613381,0.279491,0.300832,-1.034575,-0.664784,-0.210927,-0.146272,-0.22489,0.044331,2.129326,0.599496,-0.672234,-0.357022,-2.481911,-0.180538,-1.639746,-0.888523,-0.120168,1.253404,0.137869,-0.103216,2.573535,0.741665,-1.789463,9.35,37705,android_app,app,US->MX,p2p_transfer,1164,0,0,11,66.9,999999.0,1,1,none,0
89767,-1.859307,0.135999,1.355899,-0.925108,0.072609,-0.433016,-0.930975,-2.002137,0.654703,0.345808,1.436076,2.707106,-0.743448,-0.784722,-0.106657,-1.123284,1.323478,0.215568,-2.149802,1.587092,0.582287,-0.095718,-2.86066,-1.71932,-0.427117,0.354805,-0.649728,1.193237,9.78,37021,android_app,web,US->PH,p2p_transfer,1066,1,0,16,55.9,4202.0,4,1,none,0
48115,0.20649,-1.873784,-0.910195,0.752771,-0.987862,0.066937,0.347431,-0.310708,-0.923858,-0.076741,0.960971,0.475725,0.412699,1.691,0.255396,-0.37796,0.149951,-0.00092,1.048095,-0.717866,-1.034923,0.34883,-2.63561,-0.204058,0.841734,0.281002,-0.478974,-0.489498,739.72,13393,android_app,app,US->NG,cash_pickup,709,0,0,13,64.8,22773.0,3,1,none,0
82289,0.818966,0.441742,-1.328232,-0.488129,0.107984,0.628671,-0.034029,0.17084,0.182582,0.028864,-1.023129,-0.451962,0.934628,0.287661,-0.254685,1.578497,0.896757,-0.499886,-0.444912,0.572725,-1.915853,-1.73429,-2.344259,0.278704,0.034742,0.349355,0.2658,-1.85501,129.72,36577,web_mobile,web,US->IN,bank_deposit,15,0,0,9,202.0,2381.0,4,2,none,0
160407,-1.533785,-0.945894,-0.414759,0.585515,0.550244,-0.708834,-0.531834,-0.756625,0.478304,-2.136718,0.674408,-0.64985,0.869979,1.10873,-0.249559,-1.488307,0.531428,0.257495,1.016458,-1.070439,-0.029448,-0.198494,1.95616,-0.38049,0.853549,-0.358317,1.236237,-1.800363,10.08,4597,web_mobile,app,US->NG,p2p_transfer,198,1,0,7,87.2,18755.0,4,1,none,0
12298,1.099502,0.162141,1.93873,0.928103,-0.199742,-2.090528,-0.765744,-0.108916,-0.337967,-0.262202,-1.085878,1.422376,1.207537,1.684747,-0.507104,0.044762,-0.785781,0.897285,-1.020434,-1.250309,0.117608,0.279407,1.569788,0.092362,1.18381,-0.823375,-0.355969,-0.664616,31.1,31181,web_desktop,web,US->GT,p2p_transfer,285,0,0,9,119.8,999999.0,1,1,none,0
66327,0.979288,0.630087,-0.775401,-1.027218,-0.174083,1.513118,-1.599934,0.852135,1.16634,-0.05924,-0.624832,-1.534428,0.441286,0.195979,-0.207592,0.387445,-0.823865,0.059418,-0.29263,0.878777,1.065927,0.457439,-2.03354,-0.678305,-0.860126,-0.283429,-0.72626,1.410644,24.03,37212,android_app,app,CA->IN,airtime_topup,271,0,1,10,130.5,7810.0,2,1,none,0
75309,-1.936886,-0.021151,-0.786393,1.882789,-0.499042,-0.367912,-0.08623,1.81032,-0.454276,0.003466,-0.410586,-0.018308,-0.25508,-0.482654,-0.06135,0.292146,1.077883,-0.003284,0.185802,0.907471,1.013507,1.652509,-0.292594,1.601774,-1.36837,-0.17899,0.007504,0.577906,36.09,15512,ios_app,app,US->MX,p2p_transfer,1185,0,0,11,7.4,999999.0,1,1,none,0
40541,1.203504,-0.095598,-0.26509,-0.331166,0.374673,-0.148966,-0.510626,0.224313,-0.84723,-0.526967,1.852488,0.515841,-0.005628,1.157099,0.930728,0.246039,-0.473603,-2.14287,-0.413079,1.536047,-1.307698,0.737144,-1.120684,-1.540409,-0.778317,0.332668,-0.675366,0.115766,917.14,38795,web_desktop,web,US->GT,p2p_transfer,718,0,0,13,52.8,23144.0,2,1,none,0
100597,-0.74041,-0.494047,-1.264747,-1.42539,0.312111,-0.113775,-0.288965,-1.442395,0.570465,0.154883,-0.23659,-0.241886,0.337457,-0.90722,-0.24905,-0.110293,-0.235866,-1.308147,0.685122,0.971098,-0.708403,0.20328,0.390794,-0.71822,-0.116148,-1.506288,-0.252371,0.062238,53.19,33273,web_mobile,web,US->MX,cash_pickup,1153,0,0,8,78.4,2076.0,7,2,none,0
162235,-0.348647,-0.486177,1.204511,-1.530454,-1.000414,-0.735367,-0.624553,-0.789609,-1.026311,-2.503565,0.388781,1.246244,-1.250883,-1.575037,0.018504,1.250264,-0.214549,-1.630467,-1.678082,0.317027,-0.139531,0.800169,-0.95373,-0.316867,-0.927367,0.290365,-0.189556,1.30315,23.6,8325,web_mobile,web,US->NG,p2p_transfer,1111,0,0,12,117.5,10381.0,7,1,none,0
82512,0.40567,1.480378,-0.32568,-0.117616,-0.913719,-1.693191,2.869044,0.66682,3.036198,0.495505,0.504432,-1.499035,0.424254,-1.242056,0.231419,0.959769,-1.231678,-1.169162,-1.867703,-0.011797,-1.702736,0.520826,1.666443,0.465237,0.386581,-0.21823,0.218454,0.631098,9.49,44312,ios_app,app,CA->IN,cash_pickup,908,0,0,12,121.8,551.0,4,2,none,0
140190,-0.245537,-0.004805,0.818539,-0.490305,0.475052,1.012647,0.249336,0.712349,1.04439,0.583499,0.195316,-0.199223,1.755638,0.729709,0.675497,0.858455,-0.68489,-0.54978,2.433061,1.605994,-0.307119,-1.721041,-1.574749,0.976422,2.51831,-0.535387,0.789792,1.234351,70.36,36015,web_mobile,web,US->MX,bank_deposit,670,0,1,6,160.4,16457.0,5,1,none,0
112409,0.806852,2.66152,-0.508972,1.122108,1.156184,0.598139,-0.598508,-0.068256,-0.229572,0.17697,0.984572,-0.529859,0.811125,0.913184,1.014658,0.346592,-0.558173,-0.706234,0.675276,-1.44067,-0.970594,1.253385,0.196414,0.691248,-1.829978,-0.004064,-0.018957,-0.528242,51.61,33838,web_desktop,web,CA->IN,p2p_transfer,20,0,0,12,27.3,32002.0,6,1,none,0
136327,1.858704,-0.405946,0.738325,-0.081855,0.387336,0.978373,-0.391803,0.277747,0.374506,0.660646,1.014284,-0.967537,1.238334,1.511561,0.635359,0.324215,-0.69171,-0.398475,-0.161388,-0.106138,1.723438,2.298185,0.488734,0.720717,-0.797856,1.048018,1.078036,1.297337,27.76,8985,web_mobile,web,US->MX,p2p_transfer,819,0,1,15,53.8,42607.0,6,1,none,0
74826,1.74709,-0.701257,-0.858916,0.140304,0.178153,0.622916,0.947873,-0.511007,0.066301,-0.694638,1.518705,0.757888,0.091604,0.180987,-0.621132,1.247671,0.613372,-0.48454,-0.099737,0.94152,0.345131,0.815734,-0.079429,0.573136,-0.133588,0.36995,-0.461674,2.762887,5.22,37478,android_app,app,US->NG,cash_pickup,1055,0,0,9,131.1,27168.0,7,1,none,0
166551,-1.02621,2.680539,-0.127727,0.693483,-0.158138,-1.128371,0.27558,-0.60642,-0.344563,-1.232396,-0.535431,0.896933,0.622805,-1.339295,-1.620754,-1.025905,0.308195,0.453467,0.149915,-0.060317,-0.36341,0.41913,-0.547834,-0.696376,-0.629598,-2.21667,0.425374,0.072484,14.43,20705,ios_app,app,US->GT,p2p_transfer,1383,0,0,10,35.1,29834.0,10,1,none,0
69476,1.313675,-0.938952,0.413571,0.227473,-1.72609,-1.071752,1.24225,-0.628921,-1.101813,1.054662,0.357326,0.288808,-0.27693,-0.027427,-0.265818,-0.886793,-0.554597,0.454194,0.38135,-0.733392,0.570631,-1.123083,0.792629,-1.135238,1.454459,-1.968248,0.921989,-0.540465,75.13,4265,android_app,app,US->PH,bill_pay,28,0,0,6,60.5,41492.0,4,1,none,0
146452,-0.253173,-1.207528,1.341219,0.324528,-0.34726,-0.279746,-1.294213,-0.310742,-0.448967,-1.735692,-0.746766,2.102286,1.45717,0.59506,-2.191639,-0.186505,-0.609137,0.647127,-0.563399,-0.509449,1.031196,-1.715995,0.399552,1.028313,0.380821,-0.695963,-0.400599,-0.554919,32.15,41660,ios_app,app,UK->NG,bank_deposit,687,0,0,12,50.5,999999.0,1,1,none,0
72830,0.050224,-0.39358,1.428582,-0.626304,0.667499,0.861629,-0.708057,-1.2599,0.48417,-0.215606,0.138886,0.630877,0.873127,0.411934,-0.692231,-0.186834,0.462587,0.754185,-1.062957,-0.014236,1.185186,0.917246,-0.462271,-0.199707,-0.709524,0.389005,1.009553,-1.863852,10.24,43704,android_app,app,UK->NG,airtime_topup,892,0,0,11,44.0,999999.0,1,1,none,0
63770,-1.448956,0.181091,1.417554,-1.398963,0.659334,-1.425931,0.312319,0.450687,0.201213,1.380197,-0.648543,0.570089,0.417997,-1.135571,-2.404918,-0.323154,-0.370624,-1.153116,1.081667,0.888545,1.204111,-0.909279,-0.792677,1.008581,0.361002,-0.262493,1.108572,1.066921,17.45,993,web_desktop,web,UK->NG,cash_pickup,405,0,0,11,30.2,999999.0,1,1,none,0
146375,0.867402,-1.370241,0.050866,-0.849843,-0.275225,0.811988,-1.232011,-0.425038,-1.675043,0.724903,1.767717,0.693696,-0.736449,-0.353609,1.14807,-0.079768,-1.973823,1.814671,-0.029971,-0.016674,0.264423,0.206284,-0.570328,0.699375,-0.02897,-1.227535,-2.128501,-0.729256,15.94,836,web_mobile,web,US->GT,airtime_topup,452,1,0,9,64.7,44127.0,7,1,none,0
143848,0.354512,-0.685447,0.735564,-0.027501,-0.771411,-0.742485,-0.622756,0.301103,-0.673442,2.897266,-0.048842,0.278473,-1.37049,1.882714,0.579043,-1.796843,0.383858,0.933863,-0.049579,-1.08781,0.24454,-1.307213,0.868756,1.179397,-3.269989,0.294235,-0.674167,0.102185,19.54,29175,android_app,app,US->MX,airtime_topup,52,0,1,9,40.5,60004.0,6,1,none,0
70337,0.524914,-0.925509,-0.241287,-1.169105,0.475811,-0.195462,-0.603568,-0.63436,2.324533,-0.85212,0.029658,-0.331075,0.039401,0.707096,0.592504,-0.189132,1.639677,-0.971314,1.338557,0.229565,0.052429,-1.269853,-2.046912,-1.615876,0.91687,0.384899,0.686075,0.532935,34.03,4068,ios_app,app,US->PH,bill_pay,351,0,0,9,321.1,20040.0,3,1,none,0
168042,0.909028,1.196823,1.128967,-1.773552,0.03058,-1.603237,1.043764,0.054121,-0.261571,0.3733,-1.459934,-0.296364,-0.622077,-0.185116,-1.214157,-1.040409,2.328843,1.016122,0.546045,-0.556694,0.667278,0.864327,1.206447,0.291405,0.244051,0.156883,-0.083876,-2.463761,902.73,19889,web_mobile,web,US->GT,airtime_topup,1198,0,0,8,36.3,54677.0,6,1,none,0
49400,-0.029735,-2.01431,0.380489,-1.175444,1.244544,-1.464947,-0.755939,0.259042,-0.743116,-0.229717,0.146255,0.101782,0.012309,-1.190369,0.774237,0.717892,0.628722,-0.786206,0.214435,-1.986776,0.586124,-0.251862,0.861821,0.795776,0.518688,-0.233422,1.080671,1.853465,91.54,3674,web_mobile,web,AU->PH,p2p_transfer,598,0,0,8,73.3,10468.0,4,1,none,0
18375,-0.717045,0.64227,-0.538363,0.775387,-0.145436,0.144234,-1.632801,2.44345,0.591655,0.418631,-0.183668,-2.067238,-1.457787,-0.58332,0.462786,0.41272,-0.193473,0.355293,0.553921,-0.02447,0.548417,1.450886,-1.792124,-0.816501,0.718499,-0.495753,-1.203405,0.754886,17.99,25948,web_mobile,web,US->GT,p2p_transfer,320,0,0,8,120.3,10342.0,2,1,none,0
159034,0.043833,0.431652,0.251042,0.448432,-0.510869,1.484231,1.636472,-0.500552,1.096726,0.680292,0.634246,-0.968617,-1.324312,0.057651,-0.189562,0.392782,0.417208,-0.07759,0.328673,-0.641884,-1.070023,-0.362899,-0.178249,-1.18705,0.692379,-1.493201,2.418539,0.47095,24.05,20464,ios_app,app,US->GT,bill_pay,858,0,0,9,19.4,98.0,8,2,none,0
117147,0.248704,-0.327123,0.251709,-0.118553,0.202903,-0.787491,-1.609374,1.135396,0.430481,0.905957,-0.190508,1.443386,-0.429212,1.687108,0.533311,-0.041606,-0.396388,0.300283,0.358819,-0.386995,-0.3911,1.026192,-0.938256,-0.88538,1.039542,0.890604,0.226651,0.791578,2.39,5762,ios_app,app,US->IN,bill_pay,986,0,0,13,20.7,10454.0,8,1,none,0
111977,-0.730421,0.476481,0.009635,-0.977355,-1.196241,-1.649141,0.027903,-0.901625,-1.495138,-0.417677,1.832291,-0.460926,-0.318162,1.168679,1.819898,1.231279,-1.266304,-1.896378,0.609258,-2.133523,-0.959269,0.952992,-1.550303,0.267589,0.537793,-0.076136,0.371106,-0.253494,39.58,47073,android_app,app,UK->NG,p2p_transfer,911,0,0,14,132.4,10804.0,3,1,none,0
33859,-0.323702,-1.370309,1.559105,0.892594,-0.031033,-1.589643,1.403657,0.780274,0.208203,1.556588,0.434754,-0.308595,0.268256,0.272911,-0.521149,-0.607476,0.486376,0.907647,-0.499186,1.271335,-0.392183,-0.731905,0.504799,-0.999691,-0.961009,1.044185,1.171403,-0.044986,10.84,22723,web_desktop,web,AU->PH,p2p_transfer,600,0,0,6,69.4,999999.0,1,1,none,0
102058,-0.337209,0.170368,0.299511,-0.423524,0.516704,0.197968,0.852647,-0.605059,-0.307713,0.367647,0.620657,0.950347,-0.343551,-1.144302,0.864945,0.596011,-0.625122,-1.60794,-0.443001,0.654794,-1.422076,-0.483418,-1.693071,1.252503,-0.704656,-0.554457,-1.594241,1.187913,13.81,41716,android_app,app,UK->NG,p2p_transfer,999,0,0,13,12.9,999999.0,1,1,none,0
141538,0.520424,-3.12975,1.319961,0.711087,-0.18345,-1.414497,0.105085,0.169144,1.609334,0.564917,1.468593,2.55217,0.016387,-1.920832,-0.789434,-0.412664,-2.475662,-0.458401,0.910081,0.528247,0.128396,0.846538,1.397834,0.125517,-0.069843,-0.710762,1.048679,0.051044,13.96,27483,web_mobile,web,US->MX,p2p_transfer,415,0,0,13,61.7,35700.0,7,1,none,0
155318,-0.241979,-0.270693,-1.296426,-0.373719,0.472718,0.303191,0.542095,-1.057969,0.835868,-2.34563,0.792913,-0.576897,-0.586524,0.402197,1.004015,1.032868,-0.76093,0.148149,1.183258,0.961095,-0.593677,-0.32066,-0.405315,0.888153,-2.461538,0.922653,-0.308487,0.955206,9.15,6722,web_desktop,web,US->PH,bill_pay,88,0,0,10,113.7,74523.0,4,1,none,0
126860,-0.583999,-0.766943,-1.51699,1.352614,2.116994,0.542406,-0.321688,-1.428414,-0.210658,1.054524,1.817022,1.754684,0.284718,-0.181747,-1.275097,-0.064063,-1.061352,-1.088296,-0.409956,0.278391,-0.059288,2.559126,-0.729473,-0.101144,-0.478936,-1.4148,-0.6587,-0.342721,4.97,6635,ios_app,app,UK->NG,p2p_transfer,519,0,0,7,107.7,4715.0,9,1,none,0
44750,0.192735,2.170177,0.028654,1.522321,1.953122,-0.014168,1.680461,0.089679,-0.043583,0.625556,-0.349285,-0.018992,-1.827564,0.087573,-0.279202,-0.55282,0.214296,-0.155696,0.188621,0.982642,-0.634816,-0.663155,-1.725156,-0.891972,0.819252,1.369832,-0.074496,0.677917,22.12,21429,web_mobile,web,US->NG,airtime_topup,426,0,1,10,136.7,28692.0,2,1,none,0
26223,1.800738,0.59181,1.367814,-1.257452,-1.337176,0.740232,-0.204459,0.49964,-1.226935,0.315738,-0.940803,-2.109986,-0.344396,0.65832,2.172138,1.089543,-0.15876,-0.548033,0.70486,-1.815888,-0.544137,1.217893,-0.873819,-1.39935,-0.128054,0.858679,-0.827742,0.46574,22.86,23100,web_mobile,web,US->GT,bill_pay,243,0,0,7,126.0,999999.0,1,1,none,0
143276,0.612914,-1.311994,1.780828,0.874766,-0.105129,-0.305441,0.159205,0.954841,-1.520698,-1.349619,-0.435399,0.506949,0.953599,-0.206066,-0.734032,0.550016,1.085247,-0.960953,-1.011537,-1.838924,0.813274,0.317961,-1.12801,-0.667516,0.077669,-1.331371,-0.683089,1.420855,46.68,46381,ios_app,app,AU->PH,bank_deposit,1046,0,0,9,15.0,7220.0,7,1,none,0
71231,-0.151057,-0.744623,-1.148684,-0.936161,2.457795,-0.859068,-0.172825,-0.635892,0.716185,0.133377,-1.322744,-0.824111,0.440825,0.386969,-0.443298,1.686088,0.149004,-0.145006,-0.093308,-1.312493,-1.239513,-0.778247,-1.148398,0.132678,-2.254625,-0.973965,1.398216,-0.124585,27.98,27680,web_mobile,web,UK->NG,bill_pay,69,0,0,9,149.2,9178.0,6,1,none,0
70403,0.078532,-0.910784,-0.58366,-0.875018,0.754888,-2.174799,-1.288877,-0.744968,-1.228874,1.033837,0.171911,2.813421,0.97121,-0.930121,-1.353437,-0.759589,-0.00331,0.395023,-1.161878,-0.623678,1.731582,-0.720632,0.056922,0.064783,-0.393435,1.058023,-0.587091,0.702665,20.54,27482,web_desktop,web,US->NG,airtime_topup,769,0,1,10,102.7,20102.0,5,1,none,0
113987,-0.285709,-0.607802,-0.027236,-1.363025,0.970846,-0.626189,0.999936,-0.456218,-0.595573,-0.187204,0.512268,-0.262283,-1.136021,-1.768333,2.193622,-1.405091,0.097993,-0.666409,0.981565,-0.263681,0.350467,-0.507669,-0.968218,0.587297,1.484276,-0.43858,-0.577439,1.621993,12.17,20502,web_mobile,web,UK->NG,bill_pay,1366,0,0,13,162.3,27160.0,5,1,none,0
113344,1.032033,-0.648364,-0.573388,0.967913,1.931378,-0.347426,0.785943,-0.049764,0.357937,-0.798852,-0.158627,1.637673,0.402159,1.555517,0.396135,-1.45311,0.659347,-2.169599,-0.264463,0.945697,0.6377,-0.036607,0.594985,-0.387121,1.710665,0.410105,0.227716,0.193372,10.28,19046,ios_app,app,US->NG,p2p_transfer,1199,0,0,8,43.8,7377.0,8,1,none,0
130598,1.975368,-1.293174,-1.497263,-1.081245,-0.642834,-0.376328,1.932858,1.65673,-2.607223,-0.693806,1.499124,0.603958,0.481488,-0.350426,1.893868,0.760693,0.307831,-0.808128,-0.804045,-0.085709,-0.570762,-0.985494,-0.929227,0.708941,0.246796,0.528927,1.469146,0.709971,942.11,14956,android_app,app,US->MX,p2p_transfer,399,0,0,13,158.7,7325.0,6,1,none,0
73519,-0.122806,0.325677,0.037088,1.340117,0.086919,-1.672608,-1.351835,0.712527,0.824461,0.426711,0.883497,-0.132789,0.179249,-3.055115,0.338336,1.186338,1.096069,-0.503604,0.212448,-0.886986,-0.500098,1.985223,-1.580315,-1.075828,1.080906,-0.496597,0.448448,1.854937,12.46,15712,web_mobile,web,UK->NG,bill_pay,1088,0,0,10,109.2,11739.0,4,1,none,0
69918,-0.384268,-0.821258,0.083316,0.610714,0.20984,0.351972,1.770165,-0.82478,-0.303529,0.260455,0.792944,-0.660167,-0.965771,-0.682716,-1.905879,0.069449,1.669571,0.554676,1.349162,0.189743,-0.617094,1.109919,-0.008822,-2.092604,-1.293352,0.846903,-0.029622,-0.552265,5.07,44878,web_desktop,web,CA->IN,p2p_transfer,33,0,0,7,211.2,30735.0,4,1,none,0
50807,1.570751,-0.059063,0.045752,-0.169454,0.612106,0.886164,0.760208,-1.132959,-1.357788,0.422014,1.276216,1.109987,1.199589,0.547231,0.369761,-0.936985,0.732633,0.415579,-0.238652,0.740424,-0.73121,0.296654,-0.226111,0.748165,0.248247,-1.238615,0.143765,-0.381923,12.64,4889,web_mobile,web,US->MX,cash_pickup,1059,0,0,17,63.8,22377.0,3,1,none,0
40007,0.20275,0.43121,-1.00228,-2.712701,-0.453014,0.757009,-0.586126,0.928544,-1.513129,-0.67234,0.251914,0.421079,-1.605155,-0.202658,0.561446,0.244331,0.211682,0.810566,-1.52004,-0.71917,-0.409487,-0.201026,-1.41694,0.987842,-0.017149,1.179563,-1.412508,-0.804015,10.09,40485,ios_app,app,US->NG,bank_deposit,1459,0,0,8,58.2,999999.0,1,1,none,0
132174,-0.320903,-0.363192,-0.627551,-0.308318,0.73176,-1.380495,0.84196,0.742728,-2.344451,0.026557,-0.399937,-1.90247,0.206741,-0.887129,-1.363046,0.281688,-0.508879,-0.938677,-0.644974,-0.007536,-1.675858,-0.388323,-0.639686,0.988559,0.181595,0.681782,2.280466,-0.836192,26.95,44446,android_app,app,US->IN,bank_deposit,892,0,0,12,26.0,16284.0,9,1,none,0
104636,0.403562,-0.06831,-0.303927,-1.415561,-1.200001,0.444745,-1.573994,-1.254988,0.180799,0.285029,-0.874064,-0.1923,-0.317088,0.271385,1.287409,1.1874,-1.580202,0.595822,-0.436388,-1.998894,0.362063,-0.991651,0.971934,-0.829532,-0.368637,1.908042,-1.643645,1.209668,19.47,21202,ios_app,app,US->IN,airtime_topup,741,0,0,10,182.0,33456.0,4,1,none,0
11898,-0.111328,0.025185,0.490138,-1.41646,0.649129,0.838134,0.393874,2.68563,1.417535,-0.159223,-0.889156,0.080506,-1.460372,0.528166,-1.113919,0.116291,0.683788,0.768407,-0.134614,-0.804243,-1.211651,1.712443,-0.949156,0.228176,0.354202,-0.695978,-0.044852,0.042317,75.43,43592,ios_app,app,US->IN,p2p_transfer,61,0,0,13,20.8,999999.0,1,1,none,0
18461,1.859992,-0.405481,-0.49677,1.924922,0.506302,-0.563285,1.750719,0.214674,-0.145431,0.086307,0.162122,1.199675,0.25623,0.834421,-0.752137,-0.012246,-0.342484,0.465544,0.590439,1.153605,0.126962,-0.107547,-0.842196,-0.59749,2.447444,-0.769321,-1.742387,-0.380433,69.62,15140,ios_app,app,UK->NG,p2p_transfer,1301,0,0,11,148.7,999999.0,1,1,none,0
93152,0.789847,-1.399507,-0.668956,-0.381357,1.817889,-1.136127,0.647191,0.535434,-0.084929,-1.652387,1.265819,0.622137,1.681294,0.177373,-0.494677,0.76439,2.043393,-0.382454,1.314596,0.049874,-0.798396,0.258625,-0.272192,-1.109878,0.212743,-0.237406,0.099728,0.711214,36.11,40869,web_desktop,web,UK->NG,cash_pickup,1172,0,0,6,182.3,41449.0,3,1,none,0
155921,0.073682,0.288029,0.696579,0.622673,-1.99708,0.340748,-0.555812,-0.877856,1.953584,1.57739,-0.498335,1.037399,-0.592951,-1.740776,-0.371198,0.361679,-2.950262,-0.422068,-1.117014,-0.03221,-0.863153,-0.437354,-1.188594,0.497524,0.991139,1.172055,-1.781992,0.727133,61.84,42018,ios_app,app,US->NG,bill_pay,581,0,0,9,70.5,3028.0,7,2,none,0
163953,-0.800639,0.079379,0.036437,0.658711,0.613601,-1.109674,2.432792,-1.855645,-0.006687,0.5359,-1.169334,0.299945,0.609665,-0.990543,-0.026944,-0.423876,0.704883,-0.317304,0.634908,0.08513,0.091806,1.359395,0.175868,0.066061,1.436858,-2.551884,1.103663,-0.063982,25.05,37362,web_mobile,web,US->PH,bill_pay,577,0,0,9,148.8,50492.0,5,1,none,0
160628,0.661099,-0.486145,-2.068932,1.964512,-0.459234,-1.08317,-0.347039,-0.539973,0.137977,-1.279254,-0.498756,0.19138,0.887067,1.054537,-1.61145,-1.321349,-0.442425,-1.620813,-0.157914,1.716855,-2.422886,1.557429,-0.171422,0.38704,0.253659,-2.386103,1.877306,1.034829,12.82,46615,android_app,app,US->GT,p2p_transfer,44,0,0,11,116.4,36688.0,6,1,none,0
33065,1.947623,1.77203,0.161366,-0.288377,2.776775,-1.510922,-0.665288,0.453183,-0.902896,-0.557253,-2.087483,-0.755242,-0.528006,-0.429595,-0.621607,-0.584756,1.871115,-0.536322,-0.1628,-1.391185,-0.481893,1.225653,-0.724775,-2.281657,-0.914511,-0.975246,1.638893,-1.294729,146.94,28796,android_app,app,CA->IN,bill_pay,424,0,0,11,55.0,1088.0,3,2,none,0
63867,-1.161594,-0.592969,-1.086782,0.364062,0.005436,-0.350854,-1.801359,0.117029,-0.912343,0.202412,-0.943202,0.240164,0.292534,0.063073,-0.111659,0.747756,-0.84891,-0.680339,0.531066,0.364797,-0.862453,0.663715,-0.64625,-0.645458,1.855516,0.020195,0.939091,0.71001,31.99,47030,web_mobile,web,AU->PH,p2p_transfer,265,0,0,12,73.1,32440.0,3,1,none,0
105595,0.71521,-2.153396,-2.074635,1.286887,0.025735,0.11201,-1.219917,-0.790368,-0.403723,1.739075,-0.110211,0.581535,0.177999,1.412242,0.277046,0.817896,0.331107,0.146714,0.051401,0.208864,0.090204,1.011969,-1.340422,0.704836,-0.173308,0.796863,0.750644,0.316762,77.78,3454,web_mobile,web,US->NG,airtime_topup,589,0,0,10,64.3,2066.0,6,2,none,0
165938,0.111905,0.920283,0.891647,-0.412054,-1.529401,-0.662424,0.155213,-0.165987,0.216233,0.160134,1.580362,0.155199,1.059527,-0.202136,0.320608,0.428038,-0.842155,-0.361536,-0.74529,0.002249,-0.699731,0.778858,-0.123824,-0.07184,1.115637,-1.901079,0.153126,-0.283955,6.36,35847,android_app,app,US->MX,cash_pickup,627,0,0,10,51.7,22792.0,5,1,none,0
71346,1.819914,0.066702,1.538731,-0.410921,-0.676453,1.534934,1.102972,1.308261,2.026817,1.25456,1.701638,-1.444112,1.823455,-1.082318,0.083264,-1.138147,2.097884,1.014351,-0.348288,0.925383,0.166933,0.215884,-0.507434,0.171572,-0.703755,0.041672,0.047583,-1.737545,19.43,4577,ios_app,app,US->GT,p2p_transfer,1076,0,0,6,49.9,829.0,7,2,none,0
154061,1.118686,0.306346,0.599006,2.054287,-0.717789,0.664449,-0.334624,-1.482457,-1.632891,-0.739102,1.480407,1.304188,-0.587016,0.188198,-0.654209,-1.034579,-1.431154,0.914124,0.271817,0.136677,0.873544,-1.709038,0.421179,0.909401,0.715442,-0.489194,2.31138,-1.001512,24.93,38269,web_desktop,web,CA->IN,bill_pay,808,0,0,15,8.8,50144.0,7,1,none,0
24813,2.320915,-1.067072,0.694117,-0.809998,0.144121,0.141533,0.273621,-1.482849,-0.950106,0.084413,1.27159,1.089615,0.360439,-1.144101,-0.454606,-2.22186,-0.387083,-0.001966,0.72164,0.464949,-1.369065,0.198435,-0.89946,0.420213,1.475907,0.74195,-1.963672,0.377817,17.24,31389,web_desktop,web,US->MX,p2p_transfer,225,0,0,6,468.9,3602.0,2,1,none,0
166036,-1.210241,0.615234,-0.754403,-0.980119,1.067893,0.107344,1.01686,-0.626164,-0.065247,0.36396,-0.288227,-0.616138,-0.858483,0.006403,-0.6261,-0.368424,0.522278,-0.260973,0.303377,-0.126089,-0.327222,-1.31674,0.25798,-1.718129,0.187791,0.530911,1.364284,-0.279827,7.52,36364,ios_app,app,AU->PH,p2p_transfer,510,0,0,7,24.5,57528.0,10,1,none,0
11695,-0.576261,-0.512287,-1.679184,1.399742,0.918525,1.567837,0.830282,-0.43216,2.176314,-0.611677,0.092255,-0.250896,0.052439,0.235004,-1.164876,0.880318,-1.375722,1.10818,-0.784956,0.603626,-1.114367,0.012993,0.708098,-0.633356,-0.71347,-0.360464,0.589626,-0.101629,13.36,24326,android_app,app,AU->PH,p2p_transfer,195,0,0,7,128.4,999999.0,1,1,none,0
8358,-1.08288,-1.426042,0.415785,0.670037,0.272841,-1.318406,-0.974798,-0.772434,1.392927,0.658322,0.04062,1.483436,-0.390237,1.004063,-0.312394,1.456822,0.345228,1.585506,-1.558667,-0.071182,0.177649,0.713694,0.887064,-0.6021,1.589072,0.790185,0.177817,-0.031903,17.22,3706,android_app,app,US->PH,p2p_transfer,1463,0,0,13,123.6,999999.0,1,1,none,0
74160,0.470159,0.874229,-0.480698,1.055767,0.329938,0.569191,-0.994328,-1.132903,1.751063,-0.490261,-0.584661,-1.829357,-0.801637,1.252903,1.028946,0.36374,-1.553148,-0.365524,0.101047,1.713598,-2.412292,-0.079618,1.054466,1.925509,-1.094077,-0.17326,0.148393,0.532138,26.46,1161,web_desktop,web,UK->NG,cash_pickup,875,0,0,7,185.0,50655.0,2,1,none,0
36515,0.576533,2.074731,2.083411,0.594812,-0.62937,0.339852,-0.304175,-0.122845,0.91427,0.969515,0.486517,1.094888,-2.212534,0.409282,1.145895,0.117115,0.309304,-0.041288,-0.0517,0.248079,-1.332502,1.747272,-0.380147,0.373292,2.060292,-0.143075,-2.224999,-0.916587,3.83,16236,android_app,app,US->NG,bill_pay,1192,0,1,8,62.3,7984.0,3,1,none,0
147147,0.797109,0.001962,0.928216,-1.108925,0.360377,0.404226,-0.271149,-0.419693,0.118577,-0.321468,-0.680505,0.198528,-0.421312,-0.622289,-1.830086,-0.228255,-0.977282,-0.216828,0.51011,0.180858,0.88958,1.751277,0.175547,0.411558,-1.308308,2.223693,-0.023421,-2.049136,11.11,17754,android_app,app,US->NG,airtime_topup,340,0,0,8,170.9,22610.0,3,1,none,0
42577,0.636517,0.545565,1.819301,0.233218,-0.40836,-0.124368,0.642455,0.025816,-0.285752,-0.650683,-0.898206,-0.103811,0.009723,1.388342,0.958002,-0.776332,0.600205,0.805261,0.449381,-0.244361,-0.928753,-0.459874,1.092083,0.024315,0.070593,0.364888,0.765134,1.699311,977.77,22640,ios_app,app,US->IN,bill_pay,1074,0,0,8,75.1,5470.0,5,1,none,0
83492,0.887415,-0.841309,0.348894,-0.521553,0.721359,1.028103,-0.646328,-0.901408,-0.301625,0.765281,-0.953277,0.034351,-0.851338,-0.037773,0.108234,-1.412987,-0.068176,-0.217777,0.38262,-0.255301,-1.566532,0.314479,0.886562,0.338603,-0.730784,-0.444807,2.196265,-1.181616,3.29,15662,web_desktop,web,US->PH,cash_pickup,233,0,0,8,100.1,51830.0,4,1,none,0
18268,-0.036529,-0.313367,1.455418,-1.61664,0.799312,-0.77701,0.387236,-0.095161,-2.151176,-1.432748,-1.296513,0.324544,-0.196458,1.630516,-1.577329,-1.408775,0.445943,-0.794674,0.092272,0.386166,-0.207961,-0.128486,-1.321212,-0.809227,3.290822,0.131191,0.965127,-1.711654,14.36,12668,web_desktop,web,AU->PH,p2p_transfer,1367,0,0,12,180.2,999999.0,1,1,none,0
20941,-0.396448,1.86943,-0.010507,0.210717,1.418406,-0.089741,-0.697875,0.571601,-0.833251,-2.054685,0.029229,-1.065218,-0.693104,-0.083373,0.780925,0.272826,2.692265,-0.388412,1.215654,-1.201323,0.66303,-0.578943,0.780295,-0.828497,-0.274278,0.41802,-1.328964,0.38008,96.37,39620,web_desktop,web,CA->IN,p2p_transfer,1086,0,0,16,221.2,1534.0,2,2,none,0
145220,-0.729849,1.278517,-0.8975,0.065271,2.080364,0.328794,-0.804604,1.252489,-0.851433,-0.30738,-1.523979,1.220606,0.588684,-2.230935,-1.087259,0.084227,-0.070786,0.404546,0.737163,0.396098,-1.44518,-0.091358,-1.466072,0.86828,1.335293,0.71397,-1.599,-0.352743,26.54,13814,android_app,app,AU->PH,airtime_topup,236,0,0,10,76.7,54588.0,4,1,none,0
6276,0.032953,0.210762,-1.75794,-0.34119,0.179665,-1.318912,0.256671,0.504408,-0.826578,0.468781,-0.722156,1.415447,-0.080211,-0.250916,0.637389,0.296664,-0.117772,-0.886481,-0.216359,-1.216176,0.296248,0.76273,1.248359,-1.358389,1.941386,-0.308614,-1.497892,0.471833,38.73,9343,android_app,app,AU->PH,p2p_transfer,942,0,0,12,90.1,999999.0,1,1,none,0
146335,0.236683,0.09981,1.578658,0.125344,1.408101,-0.308406,-0.753507,-1.522646,0.503424,0.102865,-0.020414,0.412645,0.277196,1.32702,1.066337,-2.287843,-0.711067,0.199056,-1.414225,0.990638,1.249747,-1.453279,-0.396569,-0.356217,0.479128,1.067058,-0.414466,-2.425884,12.37,29952,web_mobile,web,US->IN,bill_pay,1334,0,0,15,141.6,32771.0,4,1,none,0
161643,0.17427,-0.311414,-0.309137,-0.337713,1.54253,-0.679589,-0.360674,1.743691,-1.073988,1.863859,0.736975,1.358038,0.971814,1.052428,0.496933,0.437061,-0.845928,-0.160787,-1.487056,-0.269441,-1.738189,-0.806648,-1.083446,0.96241,0.474403,0.619236,0.805966,-1.528902,69.97,4886,web_mobile,web,CA->IN,p2p_transfer,220,0,0,10,51.7,54941.0,4,1,none,0
90806,1.039839,1.044208,-0.985385,0.535756,0.347032,0.283601,-0.059665,1.273434,0.506172,0.429733,0.882131,-0.085085,0.294679,-1.582529,0.407174,-1.807527,0.124772,-0.24474,0.738336,0.562118,1.711165,0.968522,-1.250903,0.943632,-1.487571,-1.023074,0.197381,-0.941368,86.11,10246,web_mobile,web,US->NG,airtime_topup,1153,0,0,10,155.6,27240.0,6,1,none,0
20361,0.05162,-0.137732,-0.10838,1.231843,-0.101857,1.158388,0.619248,0.774205,-1.195933,1.498325,1.08493,0.25924,0.436898,0.966455,0.957408,-0.334951,-0.245787,0.699528,-0.230694,2.22289,0.885642,0.369462,0.213282,-1.65868,-1.759191,-0.694296,1.816599,1.129694,61.33,20539,ios_app,app,UK->NG,p2p_transfer,101,0,0,9,30.3,999999.0,1,1,none,0
93117,0.395509,1.300631,0.775564,-0.084294,0.142639,1.294848,-1.934484,-0.639118,-0.275681,0.06927,0.466928,-1.78846,2.927672,1.819264,1.695676,-1.165685,0.713076,1.871714,-0.60185,-0.611436,-1.571145,-1.506601,-1.35606,1.044661,-0.008415,-1.189228,1.620189,-0.562515,52.86,14076,web_mobile,web,US->MX,airtime_topup,636,0,0,8,83.7,10997.0,5,1,none,0
80085,1.325055,-0.169333,-0.990957,1.379938,1.24718,0.674009,0.604934,1.557664,-2.814111,-0.891296,0.575425,0.399745,0.875895,-1.412977,1.826093,0.003937,1.541444,-0.045272,-0.331834,0.817716,0.924579,-0.256348,0.461613,0.10079,-1.613886,0.066895,-1.089747,0.163404,413.35,18791,ios_app,app,US->MX,cash_pickup,757,0,0,11,175.0,7645.0,4,1,none,0
65640,0.072245,-0.253843,-0.494746,-0.007584,-0.082229,-0.699215,0.496078,-1.077266,-0.334723,0.048821,-0.381652,-1.356716,-0.312471,0.256186,1.588241,-1.021701,0.562185,-0.929802,0.700011,0.058723,2.044499,-1.867381,-1.161715,-0.46878,0.980758,-0.03637,1.469767,0.333852,24.06,20040,web_mobile,web,US->PH,p2p_transfer,1461,0,0,7,111.3,22011.0,6,1,none,0
83078,0.100374,-0.545928,0.603861,-1.079016,0.159424,0.909842,-0.585529,-1.908141,-0.315259,-0.172831,-0.140636,0.210887,0.395728,-0.770423,-0.721583,-0.147282,0.591987,0.863945,0.145437,-2.113637,0.217536,0.980942,-0.231679,0.037075,-0.75012,-0.26129,-1.054036,-1.798096,22.06,43934,web_desktop,web,US->MX,p2p_transfer,1270,0,0,12,50.1,2039.0,5,2,none,0
92496,1.281227,-2.854005,0.380041,-0.466125,-0.609477,-1.416413,-0.724155,0.041838,-0.847235,1.210164,-2.11648,0.999986,0.728662,0.795865,0.349267,-2.101941,-1.179641,0.064956,-0.573808,-0.447446,0.428025,0.445164,0.308849,-1.359805,0.295359,-0.515789,-0.799373,0.671869,33.65,44050,ios_app,app,US->NG,p2p_transfer,908,0,0,11,25.9,88669.0,2,1,none,0
87189,-0.12566,-0.50049,-0.855072,0.860582,-0.706679,-1.84593,0.043404,-0.656483,0.070777,1.151539,0.565909,0.434145,0.456819,0.948574,-1.121162,0.920339,-1.903502,-0.562925,0.059995,-1.816236,-0.765737,-0.446285,0.357191,0.529651,1.707292,2.21548,0.987301,-1.418761,18.1,17333,web_mobile,web,US->GT,cash_pickup,100,0,0,12,58.0,17767.0,5,1,none,0
73642,-1.676788,-1.752087,0.214669,-0.804037,-0.326469,-0.054485,2.041415,-0.865473,-0.801912,-0.760666,-0.228784,0.551525,0.754885,-1.361151,1.08097,0.165214,0.730585,-1.149358,-0.168993,-0.638621,-1.641312,0.414209,0.184753,-0.858727,1.163268,-0.299374,-0.270939,-0.836584,9.81,31010,android_app,app,US->MX,p2p_transfer,825,0,0,11,252.3,22760.0,4,1,none,0
130671,-0.264034,0.858434,-1.500792,0.476412,0.34239,-0.994635,-0.331484,-0.431192,-0.074317,1.383627,0.33661,-0.139947,-0.327921,0.887822,-0.476695,-0.530542,-1.510088,-0.09892,-1.017831,-0.191244,-0.403773,0.005588,-1.16016,0.571736,-0.198686,0.582866,0.598454,0.379092,16.92,3105,web_mobile,web,AU->PH,bill_pay,104,0,0,11,32.5,2582.0,6,2,none,0
5858,1.342024,0.45792,0.533739,1.691343,1.746581,-0.285819,0.578733,-0.114261,0.850333,-1.143697,0.973023,0.673511,0.541392,-0.178754,0.193168,-1.891359,-0.869494,1.252916,0.353543,-1.446396,0.145959,-0.429172,-2.060103,-0.035631,0.797934,1.444556,0.326997,0.28398,51.81,41249,android_app,app,US->NG,bank_deposit,545,0,0,13,46.4,3752.0,2,1,none,0
68791,0.784105,-0.867797,0.082265,0.193025,-0.073283,1.932591,1.799607,0.332189,-1.030811,2.837493,-0.341251,0.767396,2.359778,-1.474782,-0.116577,-0.720499,0.579973,-1.311327,0.59007,0.40624,-0.602597,-0.958205,0.187902,-0.276018,-0.202692,1.340954,-0.017446,1.053775,61.9,42644,android_app,app,US->MX,bank_deposit,762,0,0,6,150.4,8223.0,2,1,none,0
55840,1.37748,-0.439403,-0.64172,1.250404,0.167801,1.138837,-1.137304,0.489721,-1.04862,1.249518,1.021004,-0.681331,0.40963,0.124631,-0.143362,-0.171187,-0.423868,0.917051,-0.486458,-1.891492,-1.373183,0.812858,-0.068333,-0.368393,-0.270162,0.708421,1.27291,-0.479563,20.74,14719,ios_app,app,UK->NG,bill_pay,247,0,0,11,94.2,8404.0,5,1,none,0
91112,-1.759049,0.609368,-0.662133,-0.241185,-0.25939,-0.686295,0.809531,-0.672335,0.12678,-0.361721,-1.399184,0.111687,-1.818356,0.20747,-0.335825,-1.272436,-1.037254,-0.150228,-2.039584,-0.678314,0.301165,-1.466041,1.464972,0.105356,-0.843481,-1.272956,0.535722,-2.441215,8.28,35345,ios_app,app,US->GT,p2p_transfer,492,0,0,7,158.4,33616.0,3,1,none,0
75956,1.373829,1.0424,1.945017,0.883253,0.230528,-1.288326,-0.153582,0.10228,-0.210714,1.412186,1.279946,1.719391,-1.193593,-1.974435,-0.09244,0.656497,-1.697592,-0.933185,-0.37513,-0.960521,-1.233217,-0.560489,-1.023312,0.833159,0.523168,-0.170319,0.138651,-0.825303,39.43,45620,android_app,app,AU->PH,p2p_transfer,1494,0,0,9,237.7,999999.0,1,1,none,0
89163,0.508172,-0.250072,0.851984,-0.091998,-1.067032,-2.393872,-1.605437,0.439647,0.877726,0.58318,-2.327394,0.296194,-0.719746,0.794035,0.397323,0.91345,-1.39565,0.54211,-0.046718,-0.008514,0.071983,0.980706,0.289366,-1.271627,1.321769,1.127753,-0.810238,1.279732,27.64,2340,ios_app,app,US->NG,bank_deposit,445,0,0,6,73.1,19717.0,6,1,none,0
162729,0.330183,-1.451504,-0.395876,1.691195,1.045663,-1.297189,-0.901415,-0.825828,1.184983,-0.438398,-1.853466,-1.357809,-0.895905,-1.692847,-1.24329,-0.285683,-0.931799,-1.444681,0.707699,0.354911,1.271518,0.541632,-0.818931,0.173279,0.652378,-1.267285,-0.527701,1.103234,36.11,26833,web_mobile,web,US->NG,airtime_topup,281,0,0,9,218.7,19365.0,7,1,none,0
74912,0.660264,-0.834737,-0.115788,0.562974,0.592013,-1.357842,-1.576385,-0.13983,2.788957,0.124175,0.191849,0.421472,-0.307463,1.036066,0.393325,0.223486,1.906281,-1.801809,-1.216618,-0.943513,1.161067,1.153516,-2.418116,-0.531243,-0.990979,0.598207,0.843582,-1.26917,15.77,25276,web_desktop,web,CA->IN,p2p_transfer,1013,1,0,12,31.7,28721.0,3,1,none,0
141510,0.380634,-1.603484,0.033813,0.312646,-0.912024,0.426614,-0.512811,-0.165796,-0.110775,-1.219381,-2.123747,0.177006,1.502325,-0.961693,0.040137,0.309702,-0.426535,-1.255016,0.209729,-0.015382,0.524947,0.495664,0.955504,0.923049,-0.946656,-0.782777,-1.410319,0.276106,9.72,14098,android_app,app,US->NG,p2p_transfer,374,0,0,13,49.6,42290.0,3,1,none,0
162296,-2.73301,-0.383425,-0.13099,-0.952565,-0.199282,-0.438549,0.689835,-0.270755,0.010347,0.922713,0.059762,-0.781903,-0.928715,0.136263,-0.104805,1.025299,-0.892079,0.990797,0.719286,0.451786,0.3976,-0.312622,0.367624,0.633579,0.083116,-0.122997,0.637501,-1.571425,4.52,14508,web_desktop,web,US->MX,airtime_topup,47,0,0,9,44.7,59791.0,6,1,none,0
157651,-0.359732,-1.386642,-0.444199,-1.123216,0.41887,0.406373,0.369679,-2.307422,-0.439454,0.578113,0.211138,-0.511366,-1.053974,-0.302504,-0.266028,-0.467214,-0.086456,-1.568349,0.419149,-0.407314,-0.957427,-0.473131,1.036823,0.254668,-1.681155,-2.529216,2.24963,-1.208319,17.91,26396,web_mobile,web,US->NG,bank_deposit,586,1,0,7,94.4,9610.0,3,1,none,0
46657,-1.58841,0.886265,1.578861,-1.022554,-0.376613,-0.301123,0.115388,-1.079803,-0.236046,-0.794909,0.442199,1.355663,-1.334378,-1.713314,0.000247,0.385319,-0.214877,1.17568,0.177838,0.326742,0.756336,-0.309776,0.599078,-1.272567,-0.331576,-1.203505,0.851096,-0.21312,12.2,18659,web_mobile,web,US->IN,p2p_transfer,446,0,0,8,105.9,10722.0,2,1,none,0
147987,1.026102,0.180772,-0.478346,-0.022332,-0.740353,-1.410136,0.636525,0.919873,0.517188,3.001032,-1.1316,0.560603,-0.518437,0.809698,-0.43226,0.936416,1.520708,-1.675888,0.208422,-1.427344,-0.596728,-0.635537,0.135117,-0.034198,-0.690323,0.169775,2.524144,-0.015224,29.39,36550,ios_app,app,US->MX,p2p_transfer,1066,1,0,9,53.9,28726.0,5,1,none,0
515,-0.61245,0.13122,0.980488,0.459569,0.521356,1.753326,0.531992,2.004243,-0.005649,-0.522139,-0.597227,1.25788,0.178546,0.074883,0.068358,0.938988,-0.415311,-0.168922,-2.296225,0.544714,-1.288837,-1.024181,-0.660955,-0.806285,-1.275093,-0.591073,0.456703,-0.883019,4.29,19204,android_app,app,US->IN,cash_pickup,503,0,0,8,179.0,999999.0,1,1,none,0
120958,0.021523,0.366401,-0.801519,-1.146883,-0.403354,-0.190475,1.17741,0.387823,0.346582,-1.338613,0.053005,1.071336,-0.803208,1.687234,-1.404966,-0.295018,-1.107752,-0.647064,-1.282909,-0.663049,0.246521,-0.295746,-0.426013,-1.730124,-0.916332,2.46132,0.223121,0.369108,4.54,13622,web_desktop,web,CA->IN,p2p_transfer,613,0,0,10,111.1,94725.0,4,1,none,0
96377,1.174552,-0.11104,-0.191226,-0.135401,-0.442265,-1.302055,2.367377,-1.372686,-0.149525,0.802689,-1.433929,0.906718,0.731327,-0.107684,0.198458,0.985686,-0.309924,-0.246414,0.195558,1.003015,0.538332,-0.486628,-0.2371,-0.701552,-1.067213,-1.725788,0.597734,-0.090001,57.7,24561,web_mobile,web,CA->IN,p2p_transfer,1366,0,0,7,93.7,24428.0,4,1,none,0
57123,-0.239863,2.732007,-1.300104,-0.122488,0.758112,-0.045581,-0.699466,-1.154324,0.272436,-0.716487,-0.981669,-0.348704,-0.09465,1.064616,-1.303383,0.947257,-0.652468,0.496948,0.284172,-0.434282,-0.63645,-1.756455,0.268174,1.099837,-1.418801,-0.785225,-0.737362,0.704838,20.27,46887,android_app,app,US->NG,p2p_transfer,449,0,0,7,19.2,47569.0,3,1,none,0
167578,-0.91917,0.30819,0.518744,-2.173395,-1.974252,0.078561,0.516756,-2.372954,1.101264,1.932848,-0.263909,0.566803,-0.362594,-1.914907,0.378683,0.478117,0.147523,-1.473854,-0.475248,0.004569,-1.449724,-1.442859,0.387391,0.345805,-0.999074,0.017995,-1.031774,-0.092874,82.83,39647,web_desktop,web,US->IN,cash_pickup,949,0,0,8,40.4,3611.0,5,1,none,0
117369,2.34329,-0.241472,-0.698216,-0.151858,-0.06132,0.395034,1.238356,-1.203241,-1.127127,1.396078,-1.460524,-0.468475,-0.21927,-1.838208,0.230697,0.267511,-1.459778,-0.156373,0.044607,1.14868,-0.417278,-0.175675,-0.787507,-0.777815,-0.381451,-0.788872,-0.712205,-0.34973,33.02,34945,android_app,app,US->GT,p2p_transfer,151,0,0,9,137.6,35775.0,3,1,none,0
50600,1.230782,-0.585437,1.150509,2.706903,0.710765,0.677042,-0.165724,1.623109,0.549835,-0.237361,0.251544,-2.137029,-0.805155,0.78819,-0.473818,1.681041,0.55159,1.044267,-0.45646,1.196102,-1.424149,1.268277,1.055814,1.62634,-1.671028,0.115233,0.24543,0.985481,23.73,15200,android_app,app,AU->PH,airtime_topup,1286,0,0,8,202.2,26646.0,2,1,none,0
109874,1.104459,0.077638,-0.333799,1.581433,-0.082749,-1.018143,1.562867,-1.080864,-0.388132,-2.2856,1.264126,-0.052871,-0.156249,-1.334971,-1.157313,-0.55765,0.253028,-0.029248,0.764874,-0.55711,-0.30158,-1.504777,2.017603,0.438113,-1.72375,1.457947,-0.312962,1.078499,25.03,36999,web_mobile,web,CA->IN,bill_pay,572,0,0,9,106.6,1728.0,7,2,none,0
158054,-2.918752,0.837581,-0.978195,-0.33922,-0.226148,-0.931845,-0.286681,-0.239704,1.283463,-2.84934,-0.258617,0.999029,0.356267,0.863266,-0.260682,-1.203181,-1.00224,0.003482,-1.584236,0.029373,-1.934911,1.163451,0.152856,-1.357959,0.293165,1.287509,0.473324,-0.280376,19.25,42317,ios_app,app,UK->NG,airtime_topup,1351,0,0,9,21.5,11022.0,8,1,none,0
144090,0.049899,-0.950659,1.719034,0.856427,-0.069695,0.418251,2.122371,-0.70656,0.121396,1.201421,0.287366,0.737029,0.423849,-1.602216,-0.15138,-0.846008,-2.481121,1.7715,-0.031256,0.60447,-0.269964,1.61556,1.185,-0.727995,-1.635726,0.116948,1.150307,1.616085,8.54,15469,web_mobile,web,US->PH,bank_deposit,1464,0,0,8,38.3,6795.0,6,1,none,0
93864,0.482787,0.572814,1.323606,0.508865,-0.679183,0.172975,1.63971,0.527671,-1.550404,-0.615972,-0.58113,-0.02444,-0.266376,-0.151512,0.993487,0.775055,0.464644,-1.0057,-0.304974,1.107062,0.56782,1.853569,0.828631,-1.432595,-0.444365,0.237283,-0.783885,-0.112244,9.81,36281,ios_app,app,US->IN,airtime_topup,1418,0,0,8,62.8,14045.0,2,1,none,0
156132,-1.099466,0.595423,-1.093193,2.736455,-3.294981,-0.4283,-0.739373,0.934072,-0.533602,-0.228753,-1.610417,0.981853,0.015869,-0.767266,0.96217,0.60378,-0.356575,0.422099,0.421991,-0.904634,-0.51304,-0.389487,-0.793212,-0.24032,2.240552,0.31061,-0.132098,1.497247,19.97,24,ios_app,app,US->IN,bill_pay,1214,0,0,15,61.5,31037.0,10,1,none,0
144637,-0.684017,1.05751,1.586919,1.081767,-1.12183,0.73402,-0.752206,0.374303,0.343633,1.233827,1.448359,0.34369,1.718793,0.133411,-1.259892,0.890591,-0.131677,0.805669,0.031184,-0.744876,-1.354728,0.367076,-1.182026,0.195606,0.582645,0.132783,-0.063307,0.016806,26.86,35090,ios_app,app,US->MX,cash_pickup,1154,0,0,12,114.5,29205.0,8,1,none,0
47861,1.30033,-1.114573,0.399824,-1.714464,-0.065667,2.00967,1.125661,1.111728,-1.14306,-0.354349,-0.633811,0.126257,0.598124,-0.725971,0.16808,0.459119,0.112184,0.647046,-1.197961,-2.975354,-0.43873,2.355948,1.588523,-0.675495,1.742613,-0.252336,0.897421,0.124846,28.25,27208,android_app,app,US->MX,cash_pickup,725,0,0,11,145.8,24842.0,4,1,none,0
101089,-0.27118,0.947293,1.474308,1.239912,1.193259,-0.807308,-0.772835,0.167923,0.076681,0.726957,-1.662053,-0.030767,-0.153606,0.343338,-0.528021,0.157533,2.469532,-0.479055,1.24659,0.666934,-0.663241,1.186638,-1.457345,1.385223,-0.478664,-1.058668,0.317621,-0.951541,26.97,43780,web_mobile,web,CA->IN,p2p_transfer,1305,0,0,8,100.5,999999.0,1,1,none,0
29076,-1.70951,0.703453,-0.544468,0.817159,1.862758,-0.209316,0.720868,-1.710183,-0.745917,-0.836109,0.515817,-1.579114,0.869751,0.415493,-1.005332,-0.400561,-1.03005,-0.764181,0.232373,0.859907,0.480491,-0.21927,2.128033,0.31815,-0.375784,1.052995,1.474821,-0.886943,13.89,3705,web_mobile,web,AU->PH,p2p_transfer,159,0,0,11,40.3,999999.0,1,1,none,0
35657,-0.360649,0.662297,-0.322915,-0.586187,0.41374,-0.536308,0.610864,1.52855,1.714674,2.078684,-1.108743,0.025992,-0.067994,0.461294,0.300273,-0.836099,-0.640289,-1.696444,0.000707,-0.022458,-0.477388,-0.218856,-0.798679,0.985193,-0.078405,0.385121,0.152059,-0.441684,14.98,11728,ios_app,web,US->NG,p2p_transfer,261,1,0,9,114.3,32541.0,2,1,none,0
108601,1.194789,1.460811,1.033944,1.121451,-1.036995,0.088283,0.37786,-0.483062,0.328008,-0.183845,-0.501474,0.676016,-0.53486,0.723265,-0.519486,-0.542579,-0.357808,0.023033,1.011077,-0.284142,-0.67875,-0.459907,-0.360475,0.389945,-0.117444,-0.141389,1.473836,-0.490326,15.98,16226,web_mobile,web,US->NG,cash_pickup,760,0,0,6,156.6,25976.0,7,1,none,0
66313,0.28155,-1.64179,-1.363509,-0.176242,0.196454,-1.01681,-0.410302,0.54389,1.651433,0.804183,0.259219,-1.305154,0.681155,-1.090748,-1.059228,-0.702969,1.619586,-0.050937,0.328375,0.566612,0.100454,-1.644326,-0.530193,1.492201,-0.379538,1.002628,-2.151533,0.40597,10.16,13035,web_desktop,web,AU->PH,airtime_topup,564,0,0,5,282.5,11580.0,6,1,none,0
39625,0.407795,1.108553,-0.46227,0.481186,-0.632229,-0.136406,-0.255396,-0.373981,-0.199086,1.016811,1.720635,0.827179,0.380464,-0.303409,-0.126956,1.658362,1.728202,0.285359,0.242754,-0.0722,0.494227,0.583489,-0.710567,-1.231796,-1.71726,0.403796,-0.348827,-0.053973,14.3,20267,web_desktop,web,CA->IN,p2p_transfer,1252,0,0,9,237.8,822.0,4,2,none,0
69448,0.676009,-0.468731,-0.408162,-0.89602,0.331651,0.957133,1.295715,-0.38374,-1.532573,0.311594,0.650731,-1.637499,1.366551,-0.060753,-1.756117,-1.218995,0.311278,0.000464,-0.72158,1.571318,1.720664,0.803122,-0.768632,-0.565673,-0.206917,-1.658093,0.089846,-0.252217,87.9,41822,web_mobile,web,US->IN,airtime_topup,89,0,0,6,101.9,22519.0,3,1,none,0
35867,0.035682,0.562555,0.197559,-0.952764,0.779163,-0.75185,0.949913,0.279801,-0.337381,2.435283,-1.072688,-0.363269,0.178623,0.749008,-0.735106,-0.80396,-0.750688,-1.855836,-0.013984,-2.767016,0.251315,-0.566108,-0.82528,0.352909,-1.96934,-1.674847,0.739129,-0.867347,31.61,699,web_desktop,web,US->MX,p2p_transfer,72,0,0,8,42.7,999999.0,1,1,none,0
171706,0.778899,-0.67092,-1.435359,-2.126268,1.576451,1.321225,0.664333,-1.416615,0.054928,0.442101,-0.509369,0.661656,-0.796542,0.876593,-1.574293,1.323149,1.25173,-0.227218,0.735438,0.633085,-0.167598,0.036599,-1.826815,-1.333562,-0.345876,-1.297316,-1.478555,-0.64327,28.83,47142,web_desktop,web,US->PH,cash_pickup,480,0,0,12,315.5,17305.0,7,1,none,0
116536,0.208865,-0.359712,-0.543036,1.306544,-0.938343,0.510768,1.120549,0.16189,0.5772,0.755685,-1.019936,-0.90302,0.512953,-0.729145,0.503874,-0.298877,0.311583,-0.291109,-0.615374,-0.588294,2.026852,-1.258328,-1.923157,0.242728,1.733658,1.721495,-0.975261,1.005174,4.74,21806,web_mobile,web,US->NG,bill_pay,516,0,0,12,73.7,3261.0,6,2,none,0
146690,-2.155541,0.485266,-2.288619,0.78517,1.523498,-0.026644,1.57837,-1.410759,-1.685829,0.227486,-1.442153,1.620763,1.128862,-0.748169,-0.489726,0.844065,1.968552,-1.89724,0.479633,0.819002,-0.595684,-0.874341,-1.548918,-0.795178,-0.544631,-0.144301,-0.31241,0.058483,8.59,29348,android_app,app,UK->NG,airtime_topup,962,0,0,14,120.5,9504.0,5,1,none,0
10929,1.005624,-0.047153,0.36118,-0.637084,-0.698806,-0.927171,2.343304,1.326206,0.646846,0.921248,-0.942177,0.544528,-1.037002,-0.329032,-0.705115,0.018932,-0.231157,-0.211763,2.160848,0.100334,0.251753,1.213447,1.451561,0.809005,0.101188,-1.499984,-0.936418,-1.433119,27.53,42947,android_app,app,UK->NG,airtime_topup,1427,0,0,10,24.7,999999.0,1,1,none,0
3844,2.633507,0.240833,-0.238406,-0.079962,-0.028534,-0.397873,0.28013,-0.440268,-0.082262,-1.170706,1.473012,-0.106851,-0.393621,0.592234,-0.059364,0.028909,-2.35644,-0.628132,-1.919237,0.598965,0.221002,-1.018737,-0.940229,0.909008,-0.431965,0.313074,-0.838974,-2.400769,24.66,21434,web_mobile,web,US->PH,bank_deposit,777,0,0,9,156.1,999999.0,1,1,none,0
8877,-1.504175,-0.048029,-0.979647,1.048464,-0.202215,1.773031,-0.264143,-0.773933,-0.089881,0.505931,0.056064,-0.191145,0.521814,-0.479785,-0.042794,-0.658636,-0.476824,-0.561614,-0.542715,-0.169577,-1.823547,-0.385496,0.404876,1.633127,2.357609,-0.614982,0.04622,-0.072394,14.35,5720,web_desktop,web,US->NG,airtime_topup,275,0,0,12,35.7,999999.0,1,1,none,0
73463,-1.967003,0.559451,-0.038157,0.179939,-1.371662,0.429833,0.591119,-1.844421,0.465884,-0.442726,-2.543999,-0.962213,-0.088265,-0.153758,0.965355,0.127173,0.762853,0.735017,-1.049608,0.74612,1.418259,1.381235,-2.723556,-0.892862,-0.225968,0.790163,-1.064424,0.508767,63.41,44045,android_app,app,US->PH,p2p_transfer,1258,0,0,13,8.5,62187.0,2,1,none,0
23207,-2.562106,0.029708,0.624424,0.354965,-0.479165,2.786825,-0.530895,-0.11079,0.965457,0.73885,0.675824,-1.398734,-1.146835,0.269962,-1.856221,-1.389349,0.689285,0.455788,0.379351,0.009495,0.53752,0.142036,-0.400604,1.383669,0.913364,-0.665002,0.645196,1.124229,6.14,31641,web_mobile,web,CA->IN,p2p_transfer,1064,0,0,9,208.3,277.0,2,2,none,0
112740,2.892958,-0.46946,0.969109,-1.278737,0.02415,-0.105116,2.576046,1.578253,1.353524,1.485355,2.159765,0.389792,0.449597,0.269515,-0.979496,0.930665,-0.034051,0.831131,0.324169,-0.282505,1.645009,0.499585,0.158854,-0.45306,-0.553391,1.528972,1.064096,0.47002,63.14,8704,android_app,app,AU->PH,p2p_transfer,1489,0,0,5,162.2,17278.0,4,1,none,0
130704,-1.495015,1.193832,-1.008286,-0.341609,0.090827,-1.061555,-0.70606,0.716434,0.202702,-0.526472,1.135446,0.425575,0.794931,-0.257113,0.063008,0.531734,0.675673,0.282335,0.378041,-0.407921,0.26856,1.319819,0.86781,0.039504,0.812673,1.099801,0.404101,0.262371,8.92,44481,web_desktop,web,CA->IN,bill_pay,959,0,0,9,25.1,485.0,4,2,none,0
140524,1.128956,0.432223,-0.197484,-0.951212,-1.633156,-4.077421,0.120047,0.2281,0.050598,-0.161265,-0.366863,-0.932074,-0.749301,0.481844,-0.436694,0.944529,-0.596721,-0.092075,0.306744,-1.762078,-0.289045,0.521395,-0.502052,1.764706,0.884577,1.143122,-0.629008,0.231656,30.98,9658,ios_app,app,US->MX,cash_pickup,47,0,0,12,46.3,20426.0,6,1,none,0
168681,-0.918053,1.548378,-0.267056,-0.35509,-0.426905,1.21218,0.056671,-0.824597,-0.273232,-1.114215,0.227837,0.999177,-1.197061,-0.802499,-0.650068,-1.638167,1.372271,0.760644,0.941412,-0.174468,-0.191058,0.495671,0.157232,-0.523761,0.771018,0.597793,-0.476441,-0.094887,353.64,5993,web_mobile,web,US->NG,airtime_topup,671,0,0,12,44.9,1111.0,10,2,none,0
103350,-0.216415,2.005771,1.358396,-0.392199,-1.816237,0.647812,0.35301,-0.547163,0.010716,0.692186,0.853843,0.922168,-1.101821,0.554413,-1.475887,0.967046,0.863187,-0.296533,-0.308524,-0.431531,-0.074674,0.239703,-2.355045,-0.608602,-0.672637,-0.118774,-2.329329,-0.084149,13.36,46573,web_desktop,web,US->IN,p2p_transfer,905,0,0,16,139.2,45844.0,5,1,none,0
91236,1.210204,1.759043,-0.632593,0.556983,0.331612,-0.283803,1.264538,0.765394,1.603619,0.202086,0.638467,-1.333457,1.365468,-0.832436,1.077357,0.813666,0.606673,0.220486,0.55864,0.916405,-0.728242,-1.15981,0.45522,1.523039,-0.192406,-0.941467,0.39804,1.617923,12.11,2587,web_desktop,web,US->GT,p2p_transfer,1494,0,0,6,46.8,15111.0,6,1,none,0
64962,0.92324,-1.595305,-0.092366,-1.043631,-0.938233,-0.018388,0.17865,2.001916,0.602673,-0.21749,0.657959,-1.212728,-0.226161,1.532322,1.035447,-1.412058,-1.012381,-0.039739,0.618122,-0.084758,0.07722,-1.948794,-0.421478,1.254209,0.487087,-0.255441,-1.794812,-0.889831,8.24,27015,android_app,app,US->NG,p2p_transfer,480,0,0,9,101.0,2059.0,3,2,none,0
156414,0.355004,0.432381,-0.98413,0.291265,-0.04394,0.123068,1.215355,0.833413,-0.02553,0.908602,0.038757,0.014849,-0.925424,0.678492,-0.099351,0.654579,-0.521378,1.444308,1.011052,-2.338658,0.170031,-0.240815,-0.245722,-0.662064,-1.699486,-1.044621,-0.617955,-1.913299,10.08,4542,android_app,app,CA->IN,p2p_transfer,733,0,0,12,74.5,28043.0,5,1,none,0
46128,-0.588872,0.090829,0.42078,0.057671,-0.738661,-0.900113,-0.055261,0.434052,0.38356,-0.692807,-1.035886,-0.003912,1.252265,-0.940122,-0.002053,0.169107,0.324906,2.355071,-0.29328,-0.537027,-0.872061,-0.930256,-0.519121,-1.174468,-1.02106,-0.60602,0.86858,-1.533,23.73,5309,web_mobile,web,US->MX,p2p_transfer,93,0,0,7,101.6,12790.0,2,1,none,0
132229,-0.906664,0.733998,0.067821,-0.947801,-1.618369,2.952535,0.732169,-0.781178,1.024387,-1.841152,0.783728,2.241361,-0.705171,1.283884,1.342698,-0.691058,0.63041,0.095972,-0.397453,1.108719,0.209264,-0.728538,2.075333,0.051449,1.422639,-1.409508,-0.038487,0.085777,15.09,36425,web_mobile,web,AU->PH,bill_pay,915,0,0,7,32.2,50541.0,3,1,none,0
121840,1.125898,0.284724,-1.309181,-0.498853,0.775418,0.939104,0.806052,0.62907,0.290104,-1.02315,-0.096727,1.491477,-0.993723,-1.847205,-1.885763,1.022151,-0.307056,-0.770133,0.324019,0.099865,0.704218,-0.011354,1.025965,0.460109,-1.042254,1.07185,1.520955,0.715929,198.55,10781,android_app,app,US->IN,bank_deposit,562,0,0,8,68.2,15228.0,8,1,none,0
16504,0.924597,1.581528,0.014378,-1.399556,-0.409939,-0.666702,0.390027,0.028464,-0.188898,-0.482229,0.56904,-0.9688,-0.507569,-0.324641,-0.2393,-0.518246,0.579087,-0.106526,0.446086,0.23399,-0.645792,-0.732119,0.998426,-0.728684,2.366145,0.742356,-0.574045,0.222551,21.23,13004,web_desktop,web,US->IN,bill_pay,1081,0,0,13,136.5,999999.0,1,1,none,0
135944,0.738223,-1.672668,-0.187344,-0.892304,0.644996,1.319644,1.707507,-0.002923,0.725693,-0.399181,-1.752203,0.772752,-1.509937,-0.222433,-0.551192,-0.405471,2.308306,-1.866744,1.461354,1.318208,-1.406439,0.854562,-1.528201,-0.913986,1.625117,-0.126338,-0.410493,0.229527,61.78,30950,web_mobile,web,US->NG,p2p_transfer,268,1,0,15,98.4,35079.0,4,1,none,0
61218,0.638519,-1.17729,-2.174138,0.370137,1.357602,0.239331,0.295911,0.290905,-0.342585,0.26684,0.124536,0.366777,-0.358359,0.726674,1.529909,-1.900761,0.703318,-0.538936,-0.155565,1.329272,-0.297194,0.335092,0.239686,-0.191206,-1.276017,-1.133156,1.004019,-0.705148,19.47,38765,web_mobile,web,US->GT,p2p_transfer,1235,0,0,10,87.0,5712.0,6,1,none,0
105563,-1.357289,-0.007859,1.11425,-0.360323,0.661998,0.010916,-0.2438,-0.293138,-1.140137,-0.36406,-0.65596,-1.226238,0.018039,-0.687368,0.302242,1.194932,1.435985,0.151659,1.865407,-0.568218,0.298726,1.812525,0.947587,-0.744204,0.582743,1.211267,-0.828329,-0.383385,29.53,486,android_app,app,AU->PH,bill_pay,678,0,1,12,86.7,98660.0,2,1,none,0
42756,0.592747,-0.885234,-0.33168,-1.123755,0.325513,-0.422829,0.341337,0.832025,0.361419,-1.058819,-0.954692,-0.102554,-0.506689,-0.697752,-1.090142,-0.968529,0.844494,-0.068153,0.036159,0.246906,0.561733,-1.38719,-1.342629,0.224671,-0.376745,1.469249,-1.201938,1.317039,8.09,44484,web_mobile,web,US->IN,airtime_topup,667,0,0,8,110.9,999999.0,1,1,none,0
89866,-0.294881,-1.114556,0.034057,-0.045363,0.099674,2.071353,0.332554,2.098451,-0.525035,2.128332,-0.815234,0.84098,-0.765458,0.878281,-0.864686,-0.271017,0.771646,0.160846,0.946661,-0.639453,1.179234,0.184061,-0.581928,0.339967,-0.513683,-1.684432,0.902403,-0.093689,45.84,7791,android_app,app,US->GT,cash_pickup,602,0,0,9,97.1,34606.0,4,1,none,0
161464,1.371723,-0.173941,-0.623069,-0.346116,0.354551,-0.894023,-0.281422,-1.029937,-0.240031,0.696665,-0.790695,0.45612,1.733588,-0.78486,0.099751,-0.805221,0.600879,0.842466,-0.278573,1.425775,1.735336,-1.786935,-1.412581,-1.131241,-0.014093,0.531068,-2.093467,0.609183,54.34,32683,ios_app,app,CA->IN,bill_pay,381,0,0,15,93.7,24174.0,6,1,none,0
50024,0.226051,1.147799,0.064495,-0.876056,0.557344,-0.747441,-1.984255,-1.850964,-2.010597,-0.040739,1.050101,0.145341,-1.171755,1.094472,-0.669427,0.957686,1.425821,-0.919993,0.09048,-0.478364,0.947409,-0.174724,0.26331,-0.197184,2.41813,-1.252714,-0.838431,1.237902,12.79,16689,android_app,app,US->GT,bill_pay,1419,0,0,9,357.8,1622.0,4,2,none,0
109012,-1.364571,-0.271418,1.038055,0.563551,-1.585947,0.168803,1.033442,-0.512535,0.787019,0.660074,1.950453,-1.782858,1.070976,-0.919477,-2.673615,-0.231953,1.318133,0.819807,-1.649787,1.836033,1.45496,0.505795,0.13732,-0.753697,0.053011,-1.290928,-0.319811,1.996752,17.63,5563,android_app,app,US->NG,bank_deposit,1095,0,0,11,65.3,53269.0,6,1,none,0
28748,-0.9851,-1.27739,-0.037862,-0.854362,-0.005182,-0.762972,-1.164275,-0.147289,0.027996,0.697989,0.372475,0.318246,0.255764,1.340771,0.002175,0.718965,-0.260185,-2.178541,0.161563,1.253425,-1.147589,1.237419,0.94217,-0.363778,0.271501,-0.013207,0.698788,0.420347,9.12,11505,web_desktop,web,AU->PH,airtime_topup,1461,0,0,4,117.8,11773.0,3,1,none,0
95152,-0.371333,-1.333569,0.439359,-0.105823,-0.556249,-1.42183,0.122817,1.088915,1.593478,0.781764,1.85338,-0.596304,0.841022,0.217767,1.50489,1.502808,1.329844,0.33176,1.341378,-1.459881,0.896513,0.924203,-0.226025,0.062138,-1.633799,-0.709898,0.023078,0.985163,15.34,33124,android_app,app,US->MX,p2p_transfer,85,0,0,10,258.5,7387.0,4,1,none,0
124091,-2.602159,1.387646,-0.470007,0.125142,-0.792662,0.995284,0.547184,0.81999,0.160841,0.249574,0.210258,-0.097262,-2.611969,-0.283423,0.482384,0.879308,-0.777197,0.005268,-0.336109,-1.355827,-0.259456,-0.234472,-0.930121,-2.336438,0.695137,0.781023,-0.726871,-0.202768,9.38,18402,ios_app,app,CA->IN,cash_pickup,406,0,0,11,192.1,29507.0,6,1,none,0
100403,-1.142054,1.017615,1.153104,1.464963,1.179467,-1.762917,-0.229223,-0.865734,-0.367504,1.30343,-0.630987,-0.601598,-1.068358,-1.680258,-1.168807,0.056269,0.531078,-0.196132,1.107494,-0.774466,1.376943,0.459459,-0.01395,-0.323263,0.688642,1.09865,-0.386609,-0.831157,20.78,31507,web_desktop,web,UK->NG,p2p_transfer,857,0,0,6,10.1,13138.0,5,1,none,0
44175,-0.191272,0.043854,-0.795251,0.173751,-0.298257,-0.356226,0.885033,1.933563,0.986009,-1.754609,-0.000552,1.695326,-0.853606,-0.079892,2.259937,-0.171907,0.505588,-0.364523,-0.98232,-1.809703,0.070531,0.308689,-1.607483,0.607987,0.198363,-0.758022,0.119438,0.081884,75.79,14439,android_app,app,US->PH,p2p_transfer,1460,0,0,10,34.8,9143.0,2,1,none,0
96967,2.057894,1.511472,0.681849,-0.633409,-0.272608,0.484848,0.440817,-1.191861,0.313698,-0.542126,0.724723,-2.283846,0.290111,0.2064,-0.455873,0.986042,1.188541,-0.662292,0.943454,-0.891173,-0.057335,0.226918,1.351739,-0.106291,0.093681,-1.208589,2.011681,2.0548,38.52,30410,web_mobile,web,CA->IN,bill_pay,407,0,0,11,102.5,9730.0,4,1,none,0
169496,0.78587,-0.391073,0.882119,1.414333,-1.132866,0.45438,0.96522,-0.769318,0.863669,0.958263,1.330476,0.728369,-0.003877,-0.048036,-1.299724,-1.08072,-1.390852,-0.422376,1.427658,0.829977,-1.360189,-1.439015,0.741908,1.67843,-0.808118,-0.612268,-0.12574,-0.679952,21.86,14166,android_app,app,US->NG,bank_deposit,909,0,0,7,24.5,11897.0,8,1,none,0
133043,-0.420252,2.146381,-0.592321,-0.494048,0.068137,-1.283219,-0.297453,-0.52646,0.724521,-1.293479,0.054196,-1.95838,-0.592461,-0.870949,2.471466,-0.442568,-1.634544,-0.270367,-0.163686,0.305219,-0.014489,0.553104,-0.997036,-0.647507,0.320416,-0.802541,0.058686,0.592621,40.75,20538,android_app,app,CA->IN,p2p_transfer,669,0,0,17,98.2,1111.0,9,2,none,0
147668,0.858143,0.135023,0.190711,0.082222,0.549075,-0.526207,-0.818898,-0.353212,0.463703,1.407777,-0.221379,0.619881,0.223863,-1.028409,-0.657547,-1.601329,1.135767,1.516054,0.071676,1.193249,-0.475255,1.002193,1.544863,0.332148,-0.462248,-0.078834,0.88864,-1.038159,46.52,10873,android_app,app,UK->NG,airtime_topup,21,0,0,7,143.4,17941.0,9,1,none,0
2234,-0.1076,-0.549856,0.370096,0.220347,0.868363,1.965105,-0.611059,-1.906924,-1.561845,1.316829,-0.639727,-0.529024,0.758809,1.537313,0.057871,-1.546105,0.757201,-0.839149,1.42139,-0.681701,0.383845,-0.520033,0.108278,-0.706853,0.502164,-0.821035,0.479726,1.114247,80.85,18738,android_app,app,UK->NG,airtime_topup,456,0,1,7,66.6,434.0,2,2,none,0
58609,-1.72188,-0.271256,1.371755,1.684451,0.901338,-1.298815,-1.014725,-0.791035,-0.707817,-1.449942,0.004106,0.458226,-1.17913,-0.542856,-0.469416,-0.179586,-1.169868,0.005374,1.246317,0.872934,0.984046,-0.86461,-0.013308,-1.401136,0.539369,0.481231,-0.086334,0.820792,31.88,2919,ios_app,app,US->NG,bill_pay,1041,0,0,10,6.9,27577.0,2,1,none,0
134854,0.570022,-1.232469,-1.068139,-0.052594,0.69751,2.081661,1.118363,0.081549,-0.734358,1.034472,-1.069786,0.870334,-0.107571,-0.015196,0.00716,-0.384649,-0.571603,1.335428,1.165635,-0.021076,-1.289572,1.152751,1.585471,-0.521647,-0.058048,0.581792,0.028399,1.80083,10.22,32303,web_desktop,web,AU->PH,p2p_transfer,724,0,0,6,50.4,13753.0,9,1,none,0
29270,0.614355,-0.067974,-0.612341,-0.436798,-0.086649,0.171465,-0.225549,-0.176205,-1.209425,0.027975,0.655262,-0.271563,1.388819,-1.895308,0.685008,-0.654606,0.825233,1.194542,-0.496357,0.480617,0.589144,-0.180176,0.757711,-0.369347,-1.350461,-0.606834,-0.593525,1.023901,96.4,35296,android_app,app,CA->IN,p2p_transfer,1325,0,1,9,94.2,999999.0,1,1,none,0
135085,2.512648,0.108044,0.519078,0.300258,-0.584641,1.438123,0.458137,0.548507,-0.039331,1.573529,-0.352324,-0.149415,-0.955269,-0.140546,-0.045629,0.607694,-1.220022,1.61467,-0.104885,1.071287,-0.163539,0.360433,0.176886,-0.396738,-0.922343,-0.347727,1.239552,0.558393,38.18,1462,web_desktop,web,AU->PH,airtime_topup,446,0,0,14,227.5,17579.0,9,1,none,0
60012,1.29918,-0.703021,0.659436,0.574839,-0.479992,0.893151,1.605109,-1.67392,0.703441,0.262119,-0.656436,-0.527386,0.499113,0.400937,-0.669631,0.163776,-1.647902,1.399384,1.806734,-1.195866,-0.036128,-0.220449,1.436044,0.206172,0.978132,1.171102,-1.195686,-1.717127,9.27,44529,android_app,app,US->IN,p2p_transfer,1314,0,0,16,30.1,16586.0,2,1,none,0
47617,2.286399,0.352599,-0.673138,-1.421363,-0.851119,-1.396118,-0.318381,-0.617149,-0.215251,-0.530525,-0.033778,0.090694,-0.034411,0.532546,0.404205,-0.590742,-0.589483,2.010176,-0.496592,-1.246984,0.556136,0.925466,0.84688,1.947542,0.024769,-1.167135,-0.059879,1.276045,31.22,2370,ios_app,app,US->NG,p2p_transfer,156,0,0,8,60.3,5556.0,2,1,none,0
30759,1.13768,0.259586,0.134208,0.597199,-1.960706,-1.348366,-0.852696,-0.524089,0.93113,0.555486,-1.574919,1.609631,-0.807963,0.810381,-0.308226,-1.51249,0.366497,2.063106,-0.759406,-0.431877,-1.587928,0.884347,-1.549512,-0.282144,1.518826,-1.407872,1.196111,0.981467,25.06,36255,android_app,app,UK->NG,cash_pickup,198,0,0,13,78.6,10988.0,2,1,none,0
114732,0.171023,0.305116,-0.471757,-0.887857,-0.238449,-0.364972,0.397063,-0.595836,0.091136,0.352351,1.515037,-0.653357,-1.129148,-0.290481,-1.523733,0.509181,-0.61529,0.624655,-0.720908,1.244456,0.220035,0.416846,1.491714,-1.471029,2.140773,0.070056,-1.691176,1.033628,28.46,2820,web_mobile,web,US->NG,p2p_transfer,1334,0,0,12,66.2,30600.0,4,1,none,0
3767,-0.478115,-0.116036,0.602956,0.369979,-0.297959,-0.798178,0.666076,1.335724,1.389027,0.327119,0.560384,0.590739,-2.095002,0.8709,-1.260307,1.20645,-1.823902,-1.232129,0.164631,-1.274166,-0.50063,-0.892563,-1.452354,-1.226665,1.04846,0.500913,-1.115145,0.09373,73.28,29389,android_app,app,US->MX,p2p_transfer,343,0,0,14,113.8,168.0,2,2,none,0
110902,1.965629,1.262793,-1.917188,0.147498,0.296483,-0.104719,-0.079361,0.584917,0.738417,-0.853099,2.009138,1.897626,-0.766269,1.328912,-0.072031,0.473765,-1.445479,-1.100046,-1.586787,0.686632,-0.359837,0.994106,0.567066,-1.075456,-0.647594,-0.647716,1.069207,-0.34695,15.7,35358,android_app,app,UK->NG,airtime_topup,515,0,0,12,21.9,14378.0,7,1,none,0
11443,0.117371,-0.673837,0.808342,-0.025617,-0.318782,0.318343,0.730829,1.684871,-0.507388,0.560431,0.871675,0.914654,0.24462,0.087254,0.374032,-0.354684,-0.257779,0.5629,-0.473059,-2.20941,-1.457363,-0.161074,1.96901,0.799952,0.028116,1.125465,-1.028268,0.848497,22.12,32625,web_mobile,web,US->GT,p2p_transfer,774,0,0,12,96.0,999999.0,1,1,none,0
71680,-0.50073,-0.906025,-0.198571,-0.40222,-0.829931,0.931248,-0.514459,-0.428909,0.966779,-1.807937,1.153804,-0.960332,-0.038731,-0.332521,0.910539,0.129936,-0.92979,0.497596,-1.636001,2.339244,0.719099,-0.314844,0.618277,0.54209,-0.713827,-0.304366,-0.405075,0.305025,15.24,28104,android_app,app,US->PH,p2p_transfer,432,0,0,8,112.5,17085.0,5,1,none,0
11688,0.432038,0.277,-1.147523,-1.754065,0.245353,-0.009246,0.466039,0.104792,-1.088796,-1.387437,0.901255,-1.517986,0.502978,0.06961,1.420846,1.027754,-1.884223,0.232503,0.209765,-0.030738,0.253363,0.371898,0.441418,0.116785,-0.704382,-0.915851,1.083186,1.207447,9.48,7829,web_mobile,web,US->IN,bill_pay,146,0,0,12,33.2,999999.0,1,1,none,0
148259,-0.999173,-0.277815,0.023223,-1.699253,0.124014,-0.65125,1.225917,-0.747928,-0.009344,-1.392469,-1.709016,0.432894,0.727258,-0.089518,0.467837,-1.366384,-1.49426,-2.23185,-0.807498,-0.981138,-1.381178,-0.011257,2.074684,-0.677371,0.346665,-0.841463,0.479086,0.919655,30.68,31079,ios_app,app,CA->IN,p2p_transfer,338,0,0,8,89.4,12457.0,5,1,none,0
72121,0.686843,-0.151324,-1.383113,0.063401,1.289692,0.183225,0.551939,0.375035,0.504366,0.643094,1.477511,1.590819,0.274519,-1.445476,1.920523,-0.051873,3.494617,1.419933,-0.479721,-0.080276,0.101922,0.655734,-1.563473,-0.506553,0.386825,-1.904335,-0.037736,0.357343,17.78,4439,web_desktop,web,US->PH,p2p_transfer,449,0,0,11,57.0,15193.0,4,1,none,0
91938,-0.216709,-1.364655,0.387795,-0.138007,-0.038586,-0.354057,-1.95944,-0.781164,0.393335,-0.72846,-0.266736,-1.00132,1.558025,-0.843185,-0.083551,-0.016432,-0.751863,-1.878782,-0.369464,-0.939313,0.238095,0.276724,0.817228,0.983851,-0.677988,0.693768,1.458392,-1.130473,29.2,29131,web_desktop,web,UK->NG,p2p_transfer,1261,0,0,7,73.3,13845.0,4,1,none,0
159198,0.039125,2.458315,0.594618,1.546951,-1.571618,-0.991122,-0.064764,-1.115989,0.197559,0.839196,1.139105,-1.749223,0.617187,0.114417,-0.847493,0.938174,0.071056,0.253456,-0.042,-0.927215,-0.166914,-0.029192,-1.04103,0.16357,0.297841,-0.471329,2.31094,-1.056545,8.39,1080,android_app,app,US->IN,p2p_transfer,65,0,1,11,26.8,100655.0,4,1,none,0
145571,2.759794,-0.47132,-1.692672,0.52561,1.252529,0.02251,0.823045,-2.759994,-0.327691,-0.858559,-1.76667,0.010625,-2.586374,-0.541853,2.794675,0.503429,-0.478679,0.35193,-0.106899,0.758585,-0.297319,-1.610108,-0.502276,0.77142,1.112186,-2.67699,-0.34998,-0.999847,20.02,11608,web_desktop,web,US->IN,bill_pay,1346,0,0,6,119.9,35943.0,6,1,none,0
163911,0.064909,0.699362,1.691987,0.219188,1.288193,-0.420085,2.425088,1.088529,-0.402374,-0.286603,-0.731807,-0.542416,-1.895901,2.992798,0.428931,1.363429,0.026522,-0.091742,-0.157437,-0.257274,0.541955,1.636104,-1.971055,-0.355527,-0.39602,1.111605,-1.005628,1.052239,43.29,34187,ios_app,app,US->IN,p2p_transfer,1236,0,0,8,79.7,4894.0,14,1,none,0
49488,-0.433721,-0.485373,0.048081,-0.170952,0.288809,0.235116,-1.171664,0.838783,2.17544,-0.577447,0.682044,1.59131,-0.195777,-1.081619,0.992814,-0.462437,-0.708072,-0.315792,0.531337,1.499126,-0.641187,-2.112362,-0.8032,-0.972329,0.290881,-0.165686,0.983541,-1.172948,25.98,46906,web_mobile,web,US->NG,airtime_topup,1195,0,0,3,21.1,999999.0,1,1,none,0
56568,0.210586,-1.804437,-0.957869,0.82914,0.46313,0.382405,-0.122943,0.785512,-0.891817,1.789657,1.285351,1.13241,0.203772,1.319795,-1.108758,-1.092735,-2.164588,1.108211,0.960761,-0.567538,1.677311,-0.044128,0.584678,1.683319,0.462761,0.477815,-1.129314,1.171028,34.71,12236,web_mobile,web,US->IN,airtime_topup,80,0,0,5,91.1,8205.0,3,1,none,0
25373,-0.661892,0.128391,-0.326554,-0.611783,-1.396014,-0.339164,-0.973045,1.117812,1.40456,-3.313773,-1.071359,-2.974984,0.592408,0.913893,-0.258898,0.233479,-0.203457,2.77039,-0.623955,0.439723,-1.21709,-0.392952,1.761329,0.596862,0.271938,0.204607,-0.197519,-0.176298,18.7,9301,android_app,app,US->GT,p2p_transfer,689,0,0,19,14.4,10639.0,3,1,none,0
169879,0.659418,0.011374,-0.490526,-0.069686,-0.896333,1.273863,0.066147,0.047522,-0.253384,0.620893,0.933818,1.586429,-0.712645,0.360303,0.711528,-1.384096,-0.05562,-1.838373,-0.108815,0.429051,-0.116309,-1.170251,0.029516,0.266702,0.847422,0.116805,1.553142,1.388988,19.23,45577,ios_app,app,UK->NG,cash_pickup,914,0,0,8,179.5,19132.0,4,1,none,0
46878,0.473137,-0.30413,-1.819674,-0.148917,0.882775,1.272097,0.623263,-1.894922,0.743439,-1.75043,-0.876021,-0.158978,1.582135,-0.807796,-0.055541,-1.894121,0.569298,0.888759,-0.222636,2.749585,0.133949,1.673462,1.553055,0.574465,0.435041,-1.436272,0.560164,-1.372385,27.49,39350,android_app,app,US->MX,bill_pay,489,0,0,12,158.9,14933.0,3,1,none,0
29479,0.612763,-2.148162,-1.045335,-0.166369,0.175482,0.294775,0.520109,-1.880419,-2.254435,-1.384932,0.8528,-0.140373,0.51933,-1.456236,0.839447,-0.968469,-2.335328,-0.112809,-0.239102,0.440618,0.78391,1.139772,-0.336378,-1.255622,-0.326113,-0.557563,-0.321949,1.119022,16.51,24190,android_app,app,US->PH,cash_pickup,619,0,0,11,108.1,23087.0,2,1,none,0
142751,0.498215,-0.694262,0.71014,0.854303,0.701034,0.4271,-0.600698,0.572175,1.533105,1.137671,0.389988,0.537543,-2.444482,-1.746737,-0.34746,1.397904,0.412968,0.778761,-0.082,-0.278256,-1.612872,1.483808,-0.337441,-1.275807,-1.847733,-0.327805,0.690541,-2.411407,22.5,40943,ios_app,app,US->GT,airtime_topup,225,0,0,10,52.0,2385.0,4,2,none,0
170183,0.996148,-0.418596,1.28809,-0.317628,0.358231,-0.839519,-0.60294,-0.657704,0.14627,-0.538703,1.863942,-1.025579,2.455405,-0.037101,2.454934,-2.502339,1.29505,1.831592,0.242558,0.873075,1.232338,-1.127961,-2.291605,0.685357,1.538224,1.464157,1.69395,0.034517,16.99,43759,web_mobile,web,AU->PH,cash_pickup,672,0,0,11,83.2,38031.0,7,1,none,0
2174,-0.472799,-1.867274,-0.360098,0.691252,0.154276,0.778178,0.613244,-0.36524,0.830154,0.004501,0.37254,-0.048359,2.300826,-0.662564,0.048618,0.508486,-2.733472,-0.014632,-0.005878,1.659345,1.85754,-0.303466,0.460506,1.68216,0.799383,-0.06371,0.082957,-0.283867,23.84,37652,ios_app,app,CA->IN,bill_pay,358,0,0,11,203.3,999999.0,1,1,none,0
80650,0.106925,1.526891,-0.246261,1.100597,1.535345,-0.780533,-0.629666,-1.695395,0.128605,-0.149493,-0.412805,0.803149,-0.492492,-0.444459,-1.931854,0.890029,0.795635,-1.549192,1.00107,-0.734047,0.523864,1.410293,0.492251,0.616289,-0.786264,-1.60732,1.228718,-1.10145,8.61,45125,web_mobile,web,UK->NG,p2p_transfer,445,0,0,8,61.3,8528.0,5,1,none,0
28522,0.935646,-1.12442,0.258421,-0.592929,1.751265,1.712858,0.846436,0.795551,-0.094286,-1.47679,0.368801,-0.17296,-0.11905,-0.839271,0.372219,-1.282758,1.808632,0.572082,0.408896,2.020892,0.093435,-0.715487,0.571688,-0.467125,1.766949,-0.085674,-0.513434,0.306156,32.07,9701,web_desktop,web,CA->IN,airtime_topup,771,0,0,11,81.3,15214.0,2,1,none,0
106261,0.788369,1.136585,-0.614188,0.903111,1.2281,-0.218905,0.483762,2.872612,0.274321,-0.920457,-0.009164,-0.057915,0.047077,0.48359,0.852982,-1.073765,-1.808216,-1.437083,0.015182,-0.095791,-0.08976,1.044274,0.803878,0.331558,1.507468,-0.269754,1.624509,-1.420152,45.96,40042,web_desktop,web,AU->PH,bill_pay,428,0,0,10,50.8,16674.0,5,1,none,0
19068,-0.775272,0.537068,-1.546985,0.072532,0.011321,0.625029,0.636723,0.601115,-0.022981,0.375449,1.195074,-0.19458,0.767566,-1.176903,0.781007,0.505487,-0.456332,1.289106,-0.26595,0.474283,0.896475,-0.088112,-0.847034,0.156363,2.122722,-0.016632,0.421072,2.441766,22.5,15368,web_desktop,web,US->PH,bill_pay,1068,0,0,7,99.7,999999.0,1,1,none,0
134970,-1.200322,-1.073547,-0.115628,-0.593944,-0.232497,-0.772187,-0.488819,-0.530649,1.868685,-0.426635,-0.847554,0.494721,-0.760969,0.966933,-0.497429,-0.254907,-0.99555,0.608551,-1.189097,0.594286,-1.384099,2.32932,0.042217,-1.631233,1.140744,0.172786,-0.365163,-0.948333,31.91,6925,android_app,app,CA->IN,p2p_transfer,1297,0,0,5,58.6,9791.0,4,1,none,0
7818,-1.166037,0.533647,-0.978926,-1.071763,-0.496052,0.668228,-0.437066,-1.507063,1.250308,-0.569497,-1.236757,1.730661,0.231672,0.235008,0.051325,-0.849075,0.611517,0.925499,-0.997375,-0.011848,0.204646,0.185531,-0.151017,1.099595,-2.453691,0.378746,-1.614414,1.814048,6.41,37782,ios_app,app,US->GT,cash_pickup,472,0,0,6,40.5,999999.0,1,1,none,0
90356,1.136337,0.766579,0.150528,0.291277,-1.425409,0.723154,0.829682,-0.763836,0.614504,1.206826,0.20512,-0.206269,1.207745,1.286375,-0.163006,-1.903356,-0.701087,-0.313993,-0.724572,0.016142,-0.230114,0.686898,0.705574,0.777161,-0.04434,-1.088047,-1.232956,0.816862,5.94,16064,android_app,app,US->GT,cash_pickup,552,0,0,7,75.0,14869.0,7,1,none,0
143439,0.345101,0.049407,-0.540926,0.637886,-0.06757,-0.18594,-2.472486,2.075826,1.826863,0.278674,-0.440812,0.609526,0.227616,0.049999,0.298359,-2.292391,-0.168446,0.104439,1.628221,0.564072,-0.086906,-1.587146,1.067031,0.643697,0.332453,-0.51814,0.577817,-0.09304,102.49,9787,ios_app,app,US->MX,p2p_transfer,976,0,0,7,81.8,3259.0,7,2,none,0
6815,-1.849113,0.239725,0.869712,1.02351,1.624862,0.438932,0.820093,-0.025948,-0.471403,1.153081,-0.290999,-0.433319,-0.18425,-0.760822,-0.229128,-1.304921,-1.17427,0.794315,1.186268,0.354566,1.118382,-0.272825,-0.938404,0.179232,-0.109745,-0.580778,-0.596023,1.279159,51.43,45917,ios_app,app,US->PH,p2p_transfer,437,0,0,9,134.7,999999.0,1,1,none,0
123809,-0.331617,0.374651,-0.143123,0.24537,-2.041646,0.319359,-0.477985,0.482127,-0.854938,-0.839493,1.141426,-0.928595,-0.836577,1.33718,0.72609,-0.648793,0.769741,0.18134,1.279855,0.07298,-0.098704,0.012921,0.353178,0.382749,-0.542417,2.065475,-1.494864,0.123348,74.12,33789,web_mobile,web,UK->NG,bill_pay,354,0,0,11,138.7,64277.0,6,1,none,0
41046,-0.754039,-0.627028,-1.609274,-0.932854,0.887658,0.286008,1.20791,-1.410909,1.065526,0.640104,-2.162214,-0.333515,-0.034929,-0.142407,0.382544,1.372114,0.454991,1.540848,1.22972,-2.1453,-2.166252,-1.723224,-1.139967,-1.02021,0.207147,1.760677,-1.185468,-0.297174,17.83,26518,web_mobile,web,US->NG,airtime_topup,1254,0,0,15,165.4,35982.0,2,1,none,0
137675,0.974733,1.077301,0.008004,0.698,0.982153,0.794544,0.376486,-0.988329,0.398537,0.124739,-1.57399,-1.03115,1.489194,0.051128,1.091196,0.305967,-0.455567,0.670559,-0.437222,0.788784,0.843799,0.849003,-0.352,0.804893,-0.658676,1.394074,0.165077,-0.695049,39.17,20771,android_app,web,UK->NG,p2p_transfer,1360,1,0,10,80.7,40272.0,7,1,none,0
45701,-1.18661,-0.93857,-1.023842,-0.987789,2.209794,0.056806,0.217502,1.450015,1.106231,-1.184651,-0.316525,0.481415,-0.618797,0.1215,1.035688,-0.00265,-0.641529,-0.941195,0.646785,0.060536,0.485174,-0.162732,1.790581,0.344307,-1.822635,-0.209712,1.880098,-0.012877,24.84,43463,web_desktop,web,US->GT,p2p_transfer,1314,0,1,9,38.1,80.0,3,2,none,0
37823,-0.237237,0.625587,-0.893152,-0.23317,0.241214,-0.121786,-0.372989,2.210152,0.551259,-1.645571,1.187832,0.2281,1.267351,-0.995264,-0.437432,-0.482426,1.896087,0.180245,0.407913,-1.535214,-1.185872,2.406205,-1.216333,-0.814022,-0.763989,-0.022387,1.169919,-0.206263,12.08,36763,android_app,app,US->IN,p2p_transfer,14,0,0,10,163.7,33732.0,2,1,none,0
161003,1.11978,-0.454174,1.238817,1.98708,-0.908546,1.29707,0.063172,0.135925,-0.190813,0.291381,1.73729,-0.694128,0.159689,-0.229897,0.037645,-0.006401,-0.087579,0.912217,-1.018566,0.232327,1.389991,0.332376,0.606597,0.306573,-0.451835,0.591064,0.435577,1.427549,56.28,32168,web_mobile,web,US->MX,bill_pay,1057,0,0,10,92.8,25728.0,5,1,none,0
158876,-2.417782,-0.263997,-0.078514,-0.4374,0.750809,0.248887,-0.201896,0.388102,-0.571678,-1.112719,0.359023,-1.25043,-2.081467,0.133415,-0.682437,2.091225,-0.787947,-0.148826,0.267187,0.793057,-1.564447,-1.335456,0.25315,-0.277775,-1.828701,0.017793,0.331112,0.058188,21.76,44848,web_mobile,web,US->GT,bank_deposit,748,0,0,7,68.5,55108.0,3,1,none,0
111706,0.495765,1.411262,0.686128,0.491094,0.36713,0.458571,-0.298525,-0.10572,-0.514518,0.254854,-1.141363,-1.595108,0.059724,0.073812,-2.165513,1.537954,-0.030555,0.154306,-1.572785,-0.316822,-0.781684,-1.645085,-0.797075,0.176101,2.312552,0.203645,-0.56625,2.350511,7.22,694,web_desktop,web,AU->PH,airtime_topup,17,0,0,5,53.9,29048.0,7,1,none,0
170114,0.015315,0.270456,-1.690106,-1.155989,0.657006,-1.552534,2.032856,-0.241914,-0.026514,-0.824371,2.251558,0.500722,0.673201,-1.763627,1.56635,0.292543,-0.354043,-0.143894,0.048186,0.159227,-0.092344,-0.105408,-0.61295,-0.427339,0.081156,0.938235,-0.297169,-0.605429,33.32,23327,android_app,app,US->MX,p2p_transfer,1053,0,0,18,128.3,6375.0,7,1,none,0
158392,-0.826476,0.354379,-1.25237,-0.576302,1.317224,-1.186884,0.077467,1.096127,0.424076,0.883208,0.934006,-0.077579,-1.820941,-0.672977,0.310535,0.411364,-1.500434,-0.059735,0.33159,-0.644486,-0.849899,-0.295309,0.926067,0.102824,-0.864897,-0.33926,0.167882,-0.421386,19.93,17403,web_mobile,web,US->IN,cash_pickup,745,0,1,7,134.7,1137.0,4,2,none,0
2825,-1.497302,1.559695,0.705346,0.322347,1.086202,-0.010325,1.0014,-0.775026,0.699877,1.188711,-0.91937,-0.399372,-1.652183,-0.687262,-0.539742,0.098386,1.133983,-0.203687,-0.607506,-0.405174,-0.27365,-0.878054,0.183143,-0.738127,-0.591198,1.512385,-1.15389,0.297194,28.92,35255,ios_app,app,CA->IN,bill_pay,1397,0,0,16,102.3,999999.0,1,1,none,0
37423,0.608037,0.631982,-0.390982,0.715624,-0.694611,0.082109,1.29299,-0.961659,-0.050425,0.700465,0.494226,-1.558733,-0.438244,-0.162575,1.446635,-0.223228,-1.450436,-1.409932,0.534363,-1.223505,-0.806429,1.087789,-2.782436,1.196662,-1.127014,0.454817,0.043678,-0.721631,10.28,5629,ios_app,app,US->IN,cash_pickup,394,0,0,16,33.4,4863.0,2,1,none,0
87994,0.193599,1.218456,2.025951,0.530207,-0.00906,0.696633,-0.847401,0.611302,-0.796899,-0.763184,1.141571,-1.718327,-1.59497,0.116911,-0.014755,-0.49928,-1.187887,1.001979,0.151732,-0.019692,1.926864,-0.693507,0.897401,-1.561762,-1.137829,-0.593671,-0.181276,0.208619,15.57,30945,android_app,app,US->GT,bill_pay,1155,0,0,8,252.2,63210.0,3,1,none,0
172540,-0.375605,-0.95804,0.229836,0.409045,0.736085,0.233097,0.112594,1.152012,-0.130983,-0.668028,1.708686,2.035921,0.688611,0.073196,1.566815,-0.7529,-1.474119,0.677015,-0.512012,0.500249,-0.799289,0.583521,-0.235661,-1.064547,1.161536,1.115895,0.239367,-0.098726,46.84,30410,web_mobile,web,CA->IN,airtime_topup,407,0,0,5,38.0,75573.0,5,1,none,0
38132,0.570504,-1.199965,0.314902,0.37871,-0.581492,2.052035,-0.447917,-0.289236,0.362057,0.910339,1.143527,0.064545,1.329944,0.181694,0.32652,0.72268,1.502621,-0.423051,-1.406184,-1.133798,0.528173,-0.243789,0.350694,-1.99593,0.42593,-0.554097,-1.46346,-0.13083,10.1,26778,web_desktop,web,UK->NG,p2p_transfer,858,0,0,8,27.1,7405.0,2,1,none,0
11677,-0.444475,1.1676,-0.346639,-2.011275,-2.693734,0.564528,-0.719127,0.195159,1.284641,0.125952,0.74102,-2.299024,-0.533671,-0.433962,0.650309,0.163264,0.841017,-1.690379,0.184938,-1.461139,-0.874508,0.350037,-1.803771,-1.322287,1.283265,-0.227683,1.58074,0.74684,19.68,22114,android_app,app,US->GT,bill_pay,1287,0,0,5,230.0,999999.0,1,1,none,0
30695,0.442428,0.686179,-0.810843,2.133683,1.168658,-1.23345,-0.491851,-0.594358,-0.659318,-1.164537,-1.230623,0.984925,0.676961,1.021286,-0.119944,0.951645,0.384905,1.444958,1.313509,-0.673607,-0.773742,0.910904,1.984361,-0.066531,-0.177073,-0.644304,-0.27511,0.282407,26.73,41366,web_mobile,web,CA->IN,bank_deposit,1167,0,0,8,22.9,14224.0,2,1,none,0
58415,0.041743,1.595864,-0.658643,0.041308,-0.451323,-1.038989,-0.153778,-0.585775,-2.275592,1.399655,-0.322375,-0.506686,-0.006675,-0.358439,-0.301991,0.420179,0.252425,-0.206414,-2.153933,-0.361027,1.087101,-0.7975,0.57847,-0.150274,0.063577,1.799265,-0.787517,-0.651939,17.6,21240,android_app,app,US->NG,p2p_transfer,284,0,0,15,177.2,28941.0,4,1,none,0
147845,0.198327,-0.530994,-0.349041,0.73421,-0.251675,3.188853,0.201183,-0.035074,-0.466618,-0.350138,-1.974374,0.765181,-0.038512,0.093323,1.50529,-0.872539,-0.443691,-0.307821,-2.349589,-0.890866,-1.868095,-0.537956,-0.191524,1.639807,-0.33114,0.308991,-1.246317,0.414399,63.55,18617,ios_app,app,CA->IN,bill_pay,788,0,0,9,67.4,2335.0,4,2,none,0
153452,2.16437,0.71878,0.448879,0.663185,-0.395998,1.112473,0.252891,-0.097535,-0.209927,-0.87506,1.055218,0.84714,0.689054,-0.101433,-0.070797,-0.01338,0.676514,0.374552,0.68069,-0.071247,0.272882,-0.593196,0.153723,-1.084823,-1.25889,3.269804,-0.123342,0.16085,71.51,24723,web_desktop,web,US->IN,airtime_topup,110,0,0,9,138.2,22548.0,5,1,none,0
8151,-1.520617,3.123807,-0.61839,0.040927,-0.040097,-0.136186,0.35227,-0.689662,-0.189677,0.823723,0.113019,-0.553977,0.228507,-0.498917,-0.356836,-1.347968,0.572012,-0.184732,-1.663542,0.663499,-1.19104,0.014723,-0.084693,0.415561,0.207344,0.317363,-0.700946,1.657103,11.77,7047,ios_app,app,AU->PH,p2p_transfer,245,0,0,6,152.5,999999.0,1,1,none,0
18402,-0.690086,1.695183,0.285783,1.634554,-1.781516,0.070563,-0.311983,0.370648,2.343828,-0.814563,-0.519799,0.204741,1.507881,1.126659,-1.99285,1.087728,-0.139003,-0.837958,0.849535,1.337806,0.417873,0.183321,-0.939668,0.911935,0.024251,0.379412,0.150776,-0.995762,43.62,19932,ios_app,app,US->NG,cash_pickup,504,0,1,7,8.9,16643.0,2,1,none,0
71944,-0.989092,-0.03024,1.498679,0.512589,0.975689,-1.291435,-1.419271,1.887343,-0.90762,-0.941284,-0.681637,0.896375,0.353054,0.223747,1.0035,0.780612,-0.908071,0.165255,-0.905407,1.012484,0.651708,-0.14367,-1.537424,0.000573,-0.003554,-0.733374,-0.748042,-1.128602,24.61,14371,web_mobile,web,US->IN,airtime_topup,137,0,0,10,45.4,27699.0,5,1,none,0
143396,0.798749,0.533572,0.180934,0.420618,-0.039898,-0.544422,-0.147327,-1.004936,-0.490987,0.935956,-0.154415,1.676717,-0.993092,-0.492645,0.625574,1.116128,-0.662649,0.744484,-0.706804,1.422938,-0.134368,-0.754487,0.239352,-1.659961,0.294599,-0.585255,-1.386802,-0.685426,11.76,802,ios_app,app,US->GT,airtime_topup,809,0,0,10,28.9,14137.0,5,1,none,0
60060,-0.384829,0.590453,-0.240084,1.527851,-0.29934,-1.742211,-1.082407,0.589755,0.217822,-0.622835,-0.720628,-0.308742,0.015079,0.198921,2.108449,-0.679435,0.54379,-0.503811,-1.159748,-0.33673,0.378401,0.821565,0.893656,0.80516,1.407194,0.065952,1.226278,-0.442289,45.44,11092,android_app,app,US->NG,cash_pickup,795,0,0,8,161.8,22323.0,4,1,none,0
170080,0.744599,-0.706813,0.262409,0.349231,1.510856,-0.494936,-1.293485,-0.446891,0.972715,-1.377331,0.878918,-0.125224,-1.075813,0.239502,0.714279,0.586393,-0.571999,-0.561426,-0.424363,0.298347,0.581467,-2.501182,-0.855475,1.474547,-0.942497,0.919023,0.018858,-0.807943,86.48,2520,web_mobile,web,AU->PH,bill_pay,1326,0,0,4,135.7,43543.0,7,1,none,0
83104,-0.622173,-1.555444,0.501559,-1.851945,-2.229127,-2.631192,-0.804974,-0.48565,0.013341,0.789214,-0.135808,-0.997556,1.920647,-0.517462,-1.322036,-1.776145,-0.196696,0.738158,-0.552998,1.284222,-0.154165,-1.317941,-1.587711,-1.103413,1.457745,1.005538,0.608837,-0.383031,34.78,25959,web_desktop,web,US->GT,bill_pay,589,0,0,11,146.7,8801.0,3,1,none,0
91633,-0.194133,0.672671,1.064009,1.15196,0.503928,-1.206603,1.210341,0.656361,-0.635943,1.073464,0.897256,-0.010671,0.160057,1.989196,0.11521,-2.132053,0.249395,1.72232,1.109893,0.208653,0.783432,0.209602,-0.538316,-1.815402,0.216776,-0.24794,-0.402841,-1.918683,34.26,13823,ios_app,app,US->NG,bill_pay,1436,0,0,15,35.5,13392.0,5,1,none,0
124949,0.082488,-0.093612,-0.06664,-0.22193,0.1411,0.185948,0.85105,0.823553,-0.60786,0.666167,0.52627,0.487026,0.524321,-1.030241,0.509462,-1.009979,-0.364534,-2.13854,0.977669,1.466178,-1.149814,-0.884077,2.099551,-0.593764,-1.009491,0.150828,1.098573,0.891346,6.77,26065,android_app,app,AU->PH,p2p_transfer,938,0,0,10,72.5,12938.0,10,1,none,0
140007,0.794416,0.095914,-0.479502,-0.14472,-0.27315,2.015672,-0.212787,0.814086,-0.590732,0.417151,-0.032991,0.721457,-2.016786,0.167507,0.653611,-0.348837,-0.849735,0.240917,-2.542011,0.403406,-1.104737,-1.559829,0.627804,0.536231,1.809145,-0.535843,0.181659,0.884995,82.93,398,web_desktop,web,US->GT,p2p_transfer,1108,0,0,8,79.3,24332.0,3,1,none,0
101863,-0.218691,-1.309471,0.255031,-0.173689,-0.890201,-0.439443,1.278284,-0.754182,-1.012098,-0.042785,-0.479044,1.024129,0.446098,0.559144,0.058188,-0.068321,-1.181117,1.192543,-0.280858,-1.036797,0.691295,0.617125,-0.610652,1.128618,1.315223,-0.662544,-1.292549,-0.238275,14.9,41715,web_mobile,web,AU->PH,p2p_transfer,735,0,0,13,147.4,36511.0,4,1,none,0
12436,0.908816,1.26414,-0.202829,0.975693,-0.007785,-0.699475,-0.621609,-1.705308,-0.429611,-0.338773,1.017951,2.302905,1.90183,-0.010142,1.016145,0.393023,-1.381937,-0.160349,0.363414,-0.252141,1.45749,-1.529356,-0.711926,1.553522,-0.273202,-0.482025,-0.56172,-0.815499,14.3,17412,web_mobile,web,US->GT,airtime_topup,1258,0,0,10,112.7,999999.0,1,1,none,0
156492,0.777413,0.191677,0.995523,-0.831959,1.195885,-0.903403,1.268066,0.001685,-1.534323,0.23366,1.783694,-0.667016,-0.568417,0.857649,1.599645,-0.434574,-0.373186,-0.157897,-0.68962,1.376678,-0.271123,-0.410255,-1.602587,0.563203,-0.825425,0.581532,-0.095531,-0.081842,13.17,41651,web_mobile,web,US->GT,p2p_transfer,663,0,0,12,179.2,21621.0,7,1,none,0
28114,0.07465,-0.876585,-1.178843,0.949954,-0.755054,-0.367594,1.162557,-0.448801,0.201223,0.275659,-1.574781,0.587689,0.148725,-0.955399,-1.187689,1.186402,-0.726164,0.061139,-2.105805,-0.481746,-0.76164,-0.612342,-0.753209,0.596392,-0.786082,-0.656736,-0.965212,-0.172785,35.53,43178,android_app,app,US->IN,airtime_topup,623,0,0,18,125.4,2732.0,3,2,none,0
58336,1.940637,0.942783,0.454728,-0.001431,-0.539277,0.118502,1.686938,-0.584122,-0.350429,0.038124,1.117024,-1.182762,-0.804529,-0.70746,-0.658007,-0.694719,-0.582915,0.658775,0.626745,1.656745,0.007484,1.492139,-0.970459,-0.694639,0.926059,-0.867267,-0.35784,0.53207,68.21,43486,web_mobile,web,CA->IN,cash_pickup,581,0,0,5,22.1,2750.0,4,2,none,0
148764,-1.227742,-1.142213,-0.086217,0.556871,-0.971439,1.13159,1.640617,0.771939,2.204721,-0.198715,0.137756,0.271623,0.461695,-0.694128,1.09125,1.725742,-0.339246,-0.647933,1.473496,-0.152881,0.601164,0.261659,0.894487,-1.630662,0.722004,-0.037666,2.291091,1.207904,53.23,2879,ios_app,app,UK->NG,cash_pickup,206,0,0,9,28.3,57194.0,4,1,none,0
71045,-0.22597,0.879586,1.255939,0.508771,0.297351,1.334163,-1.935575,1.423305,0.824229,0.315513,0.661068,0.334482,-0.259001,1.092654,-0.304878,0.220969,-0.439903,-1.002506,1.517937,1.006381,-1.006382,1.99477,-0.018876,-2.34741,0.271633,-0.318317,-0.173743,-0.007983,10.53,46948,android_app,app,US->PH,p2p_transfer,636,0,0,11,37.6,47124.0,3,1,none,0
3983,-0.271787,0.663102,-0.160236,-0.216246,0.434975,-0.181183,-0.519942,0.311605,-1.840365,-0.539301,-0.827283,-2.349715,-0.668514,0.162032,0.400261,0.098108,-0.946525,2.013425,0.411959,-0.542934,0.254706,-0.868509,-0.559148,-1.082409,1.132752,-0.561524,-0.394421,0.204307,9.92,34672,web_desktop,web,CA->IN,bill_pay,64,0,0,10,28.3,999999.0,1,1,none,0
84861,-1.346774,-0.70925,-1.218118,-0.026265,-1.681348,1.887744,-0.210148,0.539273,1.805319,-0.556635,0.516112,1.018866,-1.084869,-0.00915,-0.502919,1.849726,0.653578,-0.40714,0.086179,0.850977,0.216807,0.802005,0.58881,0.866447,-0.735621,0.763101,1.623636,1.681213,15.05,33529,web_mobile,web,US->IN,bill_pay,1369,0,0,9,107.3,11583.0,4,1,none,0
90039,-1.006904,-0.616024,-0.520402,-0.960568,0.679017,0.101379,-0.8025,-0.476007,-0.005828,0.460701,1.086355,0.785056,-0.217303,-1.93276,2.508948,0.938455,-0.545927,2.51494,-1.169117,0.525597,-0.087013,-1.410369,-1.577684,-0.890141,-0.317206,0.103983,0.04782,0.075092,28.88,35855,web_mobile,web,AU->PH,p2p_transfer,1417,0,0,8,85.2,6374.0,3,1,none,0
41294,0.635393,-0.767042,0.567238,0.615046,-0.367868,0.32715,1.308146,1.793938,1.627703,-0.608993,-0.405717,-0.361969,-0.385706,-1.916733,-0.401382,-0.961797,-0.401928,0.287852,0.533278,-0.119007,0.355002,1.230241,1.623891,-0.500434,0.804471,-0.603037,1.557728,0.605379,22.24,26514,web_mobile,web,US->IN,cash_pickup,828,0,0,11,126.2,999999.0,1,1,none,0
73666,0.542618,-1.263116,-0.554304,0.149907,-0.372665,2.364357,0.244279,0.232699,0.812799,-0.450465,-1.724336,-0.468337,1.345117,-0.280666,0.534393,2.046081,-2.183632,1.363446,0.219543,0.14423,-0.012288,0.854222,0.46997,1.00902,0.601883,0.268794,0.476993,0.761067,16.5,47117,ios_app,app,US->NG,p2p_transfer,9,0,0,11,59.0,12141.0,2,1,none,0
124931,1.037405,-0.664785,-1.148771,-0.328696,0.012524,0.188616,-0.61842,1.748966,1.29574,-1.61664,-1.480072,0.954436,1.675745,1.158386,-0.880658,-0.420333,-0.486988,1.181976,0.876656,0.42646,0.093717,-0.382879,0.641481,0.048351,1.630713,-0.275809,1.252806,-0.408824,30.53,45462,ios_app,app,US->IN,cash_pickup,499,0,0,8,153.8,115152.0,3,1,none,0
78198,0.228483,0.954486,0.99789,0.167826,1.03099,-0.444731,-1.393514,1.2468,-0.622264,-0.335688,-0.808084,0.746415,0.066755,-0.091414,-1.145375,1.421215,-0.338353,-0.409596,0.819296,1.261041,1.311403,-1.177453,0.72213,-0.406328,-0.252651,-0.269889,-0.732039,1.183465,19.84,16659,android_app,app,US->IN,p2p_transfer,586,0,0,8,74.2,52739.0,2,1,none,0
57085,1.36703,-0.71775,0.677352,0.401869,-0.765315,-0.219872,-0.498416,-0.686858,0.704098,-0.984456,0.360493,-1.583278,-1.003896,1.155135,-1.10224,1.599216,-0.118608,0.259673,-0.741353,0.652904,-2.265084,-0.429408,-0.420697,0.138033,-1.490943,1.730867,1.530111,-1.057856,12.08,35698,web_mobile,web,US->GT,airtime_topup,19,0,0,12,75.0,15371.0,4,1,none,0
118981,0.657377,-0.513626,-0.438485,-0.657083,0.437718,-0.701165,0.666275,0.299216,-3.040876,-1.222642,-1.082018,0.933044,-0.152632,-0.288197,-0.178828,-1.883042,0.486561,1.528737,-1.599484,-1.146512,-2.369035,0.809248,0.604578,-0.135375,-0.583226,-0.549242,-0.332402,-1.595143,41.87,12479,android_app,app,US->NG,cash_pickup,818,0,0,6,32.6,5024.0,5,1,none,0
97229,-0.026085,-1.009969,-1.265099,-2.725207,1.7598,0.741157,0.167126,0.757091,1.1671,-2.465722,-1.586521,-0.079513,0.739143,-1.726037,1.203173,0.702767,-0.161123,0.135074,0.977083,0.675246,-0.469227,1.833865,0.791027,-0.964324,-1.323298,-0.842963,-0.288518,0.378814,20.75,15182,web_mobile,web,US->NG,airtime_topup,1078,0,0,8,43.1,17119.0,6,1,none,0
117383,0.040691,-0.383588,-0.727059,-0.224969,1.769974,0.067341,-1.574939,0.65925,-2.080116,-0.131451,-1.903253,1.183112,-0.585097,1.488276,0.546514,-0.458673,1.25198,-0.055902,-0.196083,0.046144,-1.473746,0.184517,-0.77629,-0.317041,-1.42106,-1.421178,0.944266,-0.440519,26.03,18645,web_desktop,web,US->NG,p2p_transfer,732,0,0,11,29.6,11558.0,4,1,none,0
161939,0.00884,-0.803047,-0.229193,-0.77507,0.611334,0.023434,-0.10317,-1.564459,0.325897,0.711994,-0.703025,-0.358989,0.501574,0.666512,0.059435,0.728,0.031537,0.85429,-0.945401,-0.637051,0.946534,-2.632102,0.326322,0.405783,-1.229583,1.661224,1.74528,-0.760447,13.62,13726,web_mobile,web,US->IN,bank_deposit,877,0,0,9,81.3,64959.0,5,1,none,0
99968,1.13366,1.493506,0.954809,0.197267,-0.348477,-1.511747,0.346446,0.200156,-1.513111,1.042118,-0.070842,1.241735,-0.711661,0.299615,-0.663145,-0.150789,1.021793,0.028278,2.663835,-0.020417,-1.021051,0.591598,0.555549,0.141486,-0.160929,0.517673,-2.101687,0.399194,61.31,29141,ios_app,app,CA->IN,cash_pickup,893,0,0,5,202.5,19993.0,5,1,none,0
12305,0.356851,-1.438054,0.608644,-1.055218,0.89487,-1.509063,-0.849076,0.614328,0.620836,0.294914,-1.066289,0.398528,2.42826,0.267551,-1.754857,0.581547,-0.085948,0.194243,-0.166139,0.218686,2.788202,-1.727288,-1.0952,-0.000198,0.66975,-0.614046,-0.070835,-0.446561,52.02,4455,android_app,app,CA->IN,p2p_transfer,876,0,0,13,58.2,999999.0,1,1,none,0
147800,-1.257632,1.452219,-0.563297,-0.775893,-0.32291,-0.785083,-0.722554,-1.449868,-1.271047,-0.815028,0.069744,-0.772349,-0.477455,0.305868,-0.177619,0.927093,0.161244,1.18632,0.501643,0.13206,-0.67456,-1.136803,0.372121,-1.190156,-1.042294,-0.356787,0.626089,1.396284,31.18,16349,web_mobile,web,US->NG,cash_pickup,680,0,0,10,151.1,7455.0,8,1,none,0
37732,0.871483,-0.001995,0.733533,0.954269,-0.158704,-1.011027,-0.785889,-1.403649,-1.399642,-1.342717,-0.421685,-0.402053,0.562434,-0.997507,-1.236477,1.991004,-0.229192,-1.085042,-0.451726,0.888025,1.627367,-0.20714,1.332374,2.025927,0.705582,-1.142974,-0.01908,-0.040101,24.02,24054,android_app,app,US->IN,cash_pickup,815,0,0,15,174.3,999999.0,1,1,none,0
46226,-0.402416,-0.159952,-0.439228,1.480815,-2.457756,-0.387801,-0.379989,-0.159156,1.902038,0.921821,-0.152102,-0.466121,-0.659271,0.226393,-0.727171,0.56899,-0.109717,1.671686,0.401693,-1.218389,-0.501482,0.842227,-0.338087,-0.848683,0.597423,-2.575803,0.110226,-0.806507,9.08,1954,android_app,app,UK->NG,bill_pay,1153,0,0,15,25.5,2545.0,5,2,none,0
163423,0.442918,2.507025,-1.064901,-0.815278,-0.276039,-0.550093,0.670767,1.737575,-0.703262,-0.336246,-0.430729,-0.580248,0.746261,-0.61803,1.720696,-0.801999,0.568502,-0.292511,-1.061874,1.456916,0.047798,0.524125,1.042189,-0.291253,-0.57818,-0.39361,-1.777671,-0.472259,35.16,833,android_app,app,CA->IN,p2p_transfer,1228,0,0,7,53.4,35392.0,5,1,none,0
14956,-0.625191,-0.086104,1.0631,1.193109,-0.468781,0.925896,-1.765408,0.60674,-0.34287,-0.138184,0.828283,0.519478,0.195481,1.201878,0.251142,1.429498,0.260161,0.069672,-0.331806,0.179856,-1.943294,-0.505437,-0.410386,0.607466,1.0036,0.20646,-1.649516,-1.014126,13.54,14467,web_mobile,web,US->NG,p2p_transfer,739,0,0,9,166.0,7884.0,2,1,none,0
150415,0.418205,0.080949,0.009497,-0.217241,0.09768,-0.182339,-0.312835,-0.652515,-1.106137,-0.016249,1.354849,-0.561877,1.825296,0.157967,-0.843806,-0.252019,0.980482,0.646674,1.301141,-0.14555,1.582411,0.963086,0.52687,1.07371,-1.250298,3.144501,1.075428,-0.184142,4.69,22787,android_app,app,UK->NG,airtime_topup,168,0,0,11,120.1,24304.0,8,1,none,0
164914,-0.960793,-2.1e-05,-0.321861,-1.569363,1.075562,-0.608479,-1.267366,-0.345576,-0.528676,-1.089786,1.926915,1.405079,0.092109,1.836111,0.430528,0.104197,-0.49548,-1.209794,0.920855,-1.149114,-0.245341,0.910225,-0.049745,0.842802,-1.701524,-0.750967,0.67978,-0.074508,6.0,2867,android_app,app,AU->PH,p2p_transfer,37,0,0,9,76.5,39285.0,6,1,none,0
116345,-0.446123,-0.356689,0.729351,0.202421,0.706286,0.826345,-1.398236,0.920698,1.618874,1.454524,0.134291,0.553543,-2.247556,-0.368454,0.507661,0.357819,0.156232,1.078178,-0.694839,0.858973,-1.9871,-0.084125,0.691825,1.020847,1.125914,-0.039134,1.759569,0.811,14.38,12656,web_mobile,web,CA->IN,cash_pickup,921,0,0,6,178.4,23682.0,10,1,none,0
94046,0.964039,-0.484053,-0.033424,-1.256738,-0.943977,1.450899,1.446521,-1.59215,0.906277,0.871661,-1.19887,-0.187456,0.877843,0.900551,0.515104,-1.345808,0.594411,0.296998,-0.313269,-1.228069,-0.618541,-1.181125,1.39277,0.616133,1.197458,0.774521,-0.316177,0.375636,17.01,20730,android_app,app,CA->IN,airtime_topup,410,0,0,14,181.2,12685.0,3,1,none,0
78588,-0.868185,0.018244,-1.30231,0.68297,0.082827,1.31081,0.420836,0.160688,-1.603194,1.430115,-0.015465,-0.353109,-0.05305,-1.171525,0.763297,0.83468,-0.492461,-1.243979,-0.344549,-1.084495,-0.03342,-0.091542,-2.384396,-0.270809,-0.798331,1.243364,-0.753859,-0.345825,16.7,18859,android_app,app,US->NG,bill_pay,629,0,0,13,101.9,45447.0,2,1,none,0
129408,2.593863,0.65509,2.434075,-0.086927,-0.282093,-0.42591,0.850516,0.889961,-1.399995,1.293147,-0.427643,0.578413,-1.258786,-0.333678,0.085071,-1.461488,-0.371193,-0.387098,0.106187,-0.091171,0.024633,-1.336924,-1.186794,-0.634819,-0.711405,-0.1537,1.684373,-0.9733,123.31,43537,web_desktop,web,UK->NG,p2p_transfer,1019,0,0,11,211.7,13972.0,6,1,none,0
122982,0.358959,2.01399,1.073058,0.149358,0.575423,-0.424561,0.027793,1.068683,-1.04841,-0.287845,-2.276764,-1.190849,-0.545763,-0.901073,0.153349,-0.25564,0.486059,0.480754,0.047377,-0.460448,-0.071559,-1.799795,-0.01071,0.026655,-0.174256,0.213041,-1.000162,0.402931,39.93,8788,web_desktop,web,CA->IN,p2p_transfer,915,0,1,12,37.0,29597.0,3,1,none,0
7610,0.197046,2.108175,-0.818726,-1.251993,-0.306624,0.127197,1.971914,1.603523,0.118399,-1.170042,1.731237,0.720164,-0.545139,1.560028,-1.20201,-0.490772,0.691398,0.900825,0.95749,-0.896276,-1.949467,-0.254656,-1.668763,0.110315,-0.759421,-0.17445,0.324822,0.088918,38.88,22153,web_desktop,web,CA->IN,bank_deposit,364,0,0,12,96.4,918.0,2,2,none,0
55487,0.997661,0.543565,-0.378453,-0.05611,1.060914,0.171864,-0.61724,-0.874596,0.505747,-0.067489,-0.025701,-1.038374,-1.354467,0.681168,-0.00644,-2.356153,-1.029461,-1.522331,0.866803,0.478017,0.446865,0.98666,-0.691995,-0.045234,1.077649,-0.480482,0.892816,0.73153,236.49,26560,web_desktop,web,US->GT,p2p_transfer,1059,0,0,11,46.3,3122.0,3,2,none,0
20341,0.639811,0.811308,-0.276026,0.236718,-0.621157,0.838025,-0.34859,0.836309,-0.307505,0.133326,0.698981,0.94081,0.146277,-0.390184,0.531785,0.155171,0.484382,1.880544,1.16814,-1.192408,-0.363729,-0.848938,0.78879,-0.086252,-0.050306,-1.088979,-1.643406,0.137797,83.23,42351,web_desktop,web,US->NG,p2p_transfer,220,0,0,9,98.5,999999.0,1,1,none,0
54816,-0.621149,0.8783,-0.815633,0.415889,-1.167475,-0.481767,-0.177329,1.908847,-0.272819,0.266417,0.058108,2.086889,0.880981,0.675145,0.115256,0.429764,0.868173,0.509005,-0.742086,-1.015921,-0.111545,-0.646828,0.15222,-0.220525,-0.062539,-0.640631,0.175526,-0.236141,19.67,40375,android_app,app,US->IN,airtime_topup,858,0,0,11,66.8,30795.0,4,1,none,0
28820,-0.450109,0.314849,0.456462,-0.837201,-1.301992,-0.267631,0.467696,-1.229904,2.01648,0.135798,0.039034,0.809686,0.039138,0.328679,0.818123,0.76764,0.634185,0.243011,-1.427359,0.931645,-1.851945,0.091916,-3.13103,-0.064976,1.4981,0.467483,-0.980821,-0.623133,12.28,16821,web_desktop,web,US->IN,p2p_transfer,724,0,0,13,21.1,999999.0,1,1,none,0
8612,-0.687484,0.411556,-0.630505,-0.168686,1.659167,1.324024,-0.729457,-1.799805,-0.69204,1.695537,-0.21428,0.183717,-0.707066,-0.01818,-1.125166,-0.224653,0.195465,1.218287,-0.735818,0.554296,-1.06126,-0.370777,-0.863128,-0.885071,-1.140249,-0.349416,-0.236402,0.353434,3.56,37341,web_desktop,web,US->GT,bill_pay,1060,0,0,16,48.3,999999.0,1,1,none,0
53503,-1.080189,-1.647676,1.50784,2.723769,1.033157,2.012052,-0.617086,0.910829,-0.324311,-1.775783,-0.390771,0.476078,0.552215,-0.601443,1.818089,2.027465,0.169007,-0.57444,0.725079,1.999327,-1.551515,1.061764,0.091898,0.60979,-0.106477,0.574438,0.119898,-0.681331,9.43,23263,web_mobile,web,US->NG,bank_deposit,381,0,0,17,68.8,4542.0,4,1,none,0
108563,0.00104,-0.882054,-0.585832,2.328152,2.726153,1.918859,-0.071814,0.983338,-0.148355,0.786499,-2.755013,0.99964,-2.268276,0.698027,-0.118168,0.14114,-1.140817,-0.844331,-1.10742,0.584494,-1.541594,0.6352,1.33668,0.426943,0.232065,-0.82785,2.21975,-0.66075,26.08,36865,web_mobile,web,UK->NG,cash_pickup,1194,0,0,3,91.1,45253.0,4,1,none,0
106598,-0.458684,0.079103,0.3809,-1.120165,-0.725188,-0.16973,1.837783,0.336192,-1.467449,-0.584233,-0.707573,0.917774,-0.097014,0.162695,0.796932,-0.751241,-0.20986,-0.01285,-0.258191,1.081461,2.023947,0.41324,-2.455196,0.341473,-1.048773,0.650052,0.17301,-0.074105,23.56,22640,ios_app,app,US->IN,p2p_transfer,1074,0,0,9,51.5,1416.0,11,2,none,0
100432,0.399773,-0.091137,2.85525,0.756959,-0.845721,-0.559543,-0.33684,-1.445317,-3.230315,-0.093745,0.007249,-1.676523,-0.421879,-0.760271,0.211283,0.648365,0.804636,1.039566,-1.107347,-0.450365,0.122358,0.435801,0.167678,-1.456072,0.281368,1.337966,-0.441362,1.227475,18.54,35206,ios_app,app,US->NG,cash_pickup,29,0,0,10,163.1,999999.0,1,1,none,0
78570,0.16883,0.88423,-0.118719,1.138794,-1.063148,-1.350947,1.323483,0.646426,-0.542589,-0.291882,1.156464,-0.978114,-0.395515,0.262084,0.278201,-0.623828,1.449813,-0.453121,0.258489,-1.806651,0.61589,1.116724,1.043469,-1.003208,0.299063,-0.273724,-2.238589,0.62922,25.93,28475,ios_app,app,UK->NG,p2p_transfer,303,0,0,10,101.3,43736.0,3,1,none,0
101111,1.031254,-0.740156,-1.051738,-1.265413,0.245074,1.068129,1.612107,-1.090525,0.940168,0.868874,1.493942,-1.18372,0.359013,-0.04822,-0.772649,-1.218006,1.045961,0.715312,0.642142,1.524088,0.298012,-0.639475,-0.18476,0.360689,-1.116138,-1.449627,0.922937,-0.746356,83.79,43842,android_app,app,AU->PH,p2p_transfer,1316,0,0,8,60.7,50814.0,2,1,none,0
92346,1.657315,-0.856066,-0.622252,-0.531246,1.437742,-1.881355,0.477822,-1.104841,-0.836299,-0.85173,-0.316001,-1.173077,1.268108,-0.895242,1.356599,0.055146,0.530188,0.632368,-1.386464,0.043034,-1.043369,-1.180569,1.254798,-0.901868,0.818106,-0.546529,-0.133791,-0.2016,38.23,44372,web_mobile,web,US->NG,p2p_transfer,681,0,0,9,190.4,36867.0,3,1,none,0
164381,0.173844,-1.608197,-0.520127,1.384245,-0.054964,-0.537208,-0.268546,-0.222134,0.274115,0.01367,1.980907,0.293895,-1.285964,-0.050847,0.503776,0.466275,0.873943,2.597692,2.204925,-0.047431,0.028424,-0.741201,0.484063,-1.65632,1.406797,0.930345,0.379306,0.508568,27.43,19974,web_desktop,web,US->GT,p2p_transfer,464,0,0,16,162.2,12728.0,7,1,none,0
18601,1.64891,0.688814,0.918326,0.749912,-0.020427,-0.464778,1.173496,0.540284,-1.0421,1.463775,0.650927,0.551842,2.043291,-2.091327,0.048796,1.535585,1.416584,-0.39902,-1.928559,-1.404852,0.512379,0.15225,-0.565613,0.376396,-0.67095,-0.924051,0.587071,0.528667,116.49,352,ios_app,web,UK->NG,p2p_transfer,841,1,0,8,98.8,1896.0,2,2,none,0
165058,-0.270788,1.346895,-1.291851,0.184183,-0.187458,0.366611,0.41116,-0.471271,0.147697,2.272413,0.87889,-0.11682,-1.461788,1.13411,2.122323,-0.719864,-1.360607,-1.6745,1.427996,-0.6529,1.233042,2.484487,-0.397535,-0.92254,1.925238,0.249009,-0.928021,0.376731,4.33,21961,web_desktop,web,US->IN,bank_deposit,294,0,0,12,99.8,7901.0,9,1,none,0
158424,-0.246265,0.800881,-1.706908,0.863383,-0.426798,0.868112,-0.304652,-0.297029,0.505551,-0.105352,-0.548292,-0.232785,0.398429,-0.155457,-2.33932,0.15875,0.105939,-1.320579,-0.940576,-1.395715,0.022067,0.45662,2.270505,-1.148733,-1.064916,2.519112,0.595508,-0.929568,99.66,32084,web_desktop,web,US->PH,p2p_transfer,18,0,0,12,68.2,17729.0,5,1,none,0
720,-1.333261,1.692725,0.209541,0.198412,0.857754,-0.768969,1.693797,0.828976,1.314693,-2.762093,0.401119,1.47185,-0.719801,-1.044932,-0.138639,0.31779,-1.869956,-1.659495,0.077355,0.681614,0.329974,-0.425732,1.312582,0.113883,0.294318,1.119518,-0.159877,0.532548,37.36,36814,android_app,app,US->NG,p2p_transfer,609,0,0,12,145.7,999999.0,1,1,none,0
152421,-0.838913,-0.057347,-1.045048,-0.748226,0.225643,-0.671501,1.51733,-1.093263,0.742474,-1.745876,-0.887108,1.254192,0.006996,-0.71449,0.795364,-1.624577,0.242516,1.190386,0.076776,-0.129637,0.497714,0.698981,1.533642,-1.051772,-0.849561,-1.135613,0.836143,-0.04831,11.28,36400,android_app,app,CA->IN,cash_pickup,581,0,0,8,33.2,23716.0,8,1,none,0
11689,-0.934758,0.904992,1.605949,-0.041802,1.390285,-0.004258,1.828196,-0.696094,2.249843,-0.214961,-2.35952,1.145614,-2.290633,0.037036,1.11768,1.025833,-0.68928,0.035748,-0.191396,-0.296937,-0.719378,0.08686,-0.613493,0.268363,0.753715,0.901626,0.310735,2.005934,10.22,41405,web_desktop,web,US->GT,bill_pay,824,0,0,9,135.1,999999.0,1,1,none,0
24465,-0.13895,0.985951,0.283069,0.737823,0.289446,0.912303,0.402809,0.341734,1.363434,1.032553,0.164096,1.870191,-0.42744,-0.490249,1.717799,-0.097779,-0.499169,0.093632,0.081654,-2.816112,0.246778,-1.296184,0.478969,-1.045161,-0.396874,-1.549457,2.771982,-1.401172,17.05,19831,web_mobile,web,US->GT,bill_pay,1035,0,0,11,101.4,4772.0,2,1,none,0
105567,0.229884,1.01734,0.220998,1.676915,1.002514,-2.229297,-0.63496,0.295072,0.441832,-0.156336,-0.111287,0.671324,1.040859,0.781369,0.419063,1.229023,0.452014,0.748943,-1.314129,0.156325,0.423119,1.678306,0.183081,-1.718638,-0.994991,0.113055,-0.915532,1.13414,8.57,36742,android_app,app,US->IN,p2p_transfer,154,0,0,7,62.0,13344.0,7,1,none,0
141538,-3.308127,0.128629,0.145111,1.594682,-1.4458,-0.028106,-0.835167,0.228745,-2.333846,0.192836,-1.021717,-0.873308,0.965907,-0.241678,-1.855391,0.944027,-0.586173,0.592074,1.079727,-0.65271,1.335466,-1.775252,-0.799264,1.77487,0.970613,1.274215,0.255431,-1.31626,22.73,2398,android_app,app,US->GT,p2p_transfer,1130,0,0,10,250.6,17405.0,6,1,none,0
20584,-0.426219,-0.169011,-0.722997,-1.314184,0.720983,0.922666,0.02996,0.201609,0.654991,-0.784792,0.518796,1.451007,-0.853109,0.336205,-0.626601,0.272788,-0.028197,1.672141,-0.984638,0.232378,0.455829,-0.39684,-0.915093,-0.796898,1.850645,0.543183,1.489853,1.464876,28.69,37949,android_app,app,US->IN,p2p_transfer,1483,0,0,4,47.1,2113.0,2,2,none,0
114973,-0.970796,-0.83638,-0.095456,-0.779963,1.530404,-1.819693,0.402662,-1.551635,-1.321655,-0.012672,-0.597535,-0.81204,1.667203,1.450784,0.127906,-0.801836,-0.237597,-0.0852,1.435543,0.328346,2.385065,1.154595,1.061802,0.132351,1.021355,-0.190667,-1.352354,0.709058,38.81,11619,web_mobile,web,US->GT,p2p_transfer,1456,0,0,8,261.8,43436.0,6,1,none,0
144329,-1.653996,-0.052645,-0.917033,1.081574,-0.346006,-2.567617,-0.611179,0.327282,2.588547,0.571249,0.353525,1.105428,-0.441688,0.832129,-2.047535,1.177503,-1.219753,0.834647,0.28489,-0.485367,-2.098373,0.661028,-0.772921,0.767491,-0.439543,-3.007618,0.44732,-0.131561,9.45,7578,web_mobile,web,US->NG,bank_deposit,1195,0,0,10,38.5,62376.0,6,1,none,0
161635,-0.392065,-0.486977,0.029431,-1.292643,0.992395,0.462305,1.143681,1.408814,0.394097,1.060594,-0.284112,-0.2011,0.288626,-0.200193,-0.634179,0.693136,0.205834,-1.140501,1.206873,0.149915,-1.008934,0.47237,0.561745,-2.300941,1.170486,1.067697,-0.118922,0.676738,29.93,10599,web_desktop,web,US->MX,p2p_transfer,110,0,1,9,180.0,3465.0,5,2,none,0
40543,0.348119,0.464132,0.606509,-0.104584,-1.075277,0.826779,0.076872,-1.207201,0.572899,-1.630266,0.747839,-1.17742,1.125561,0.009756,-0.423671,-0.008672,1.0841,0.843304,0.076821,-0.250339,1.842244,-0.551812,0.606125,-0.881556,-0.89295,-0.317363,1.61364,0.97464,12.86,43416,web_mobile,web,US->NG,p2p_transfer,1087,0,0,8,169.9,9386.0,3,1,none,0
46883,-0.32758,0.90205,0.394461,-1.259699,0.847873,0.80916,0.161175,-0.254574,-0.105469,1.698332,0.562899,-1.427615,2.066572,-0.741118,-1.385409,0.407487,-1.329292,0.362583,-1.028498,-0.050816,2.055886,-0.547374,0.475817,0.279419,-1.47132,1.406104,1.68402,-1.566421,15.13,47299,web_mobile,web,US->NG,p2p_transfer,1110,0,0,12,59.6,999999.0,1,1,none,0
8004,-0.904059,-0.028103,1.337032,-0.340319,-0.75321,2.333624,0.856698,0.763687,0.314181,1.63003,0.200312,0.653487,0.179332,-0.427047,0.465372,-0.927414,0.916724,-0.631519,-0.228788,-0.988879,1.60818,1.21613,1.631627,0.48943,-1.02986,0.765791,-0.186859,-1.251363,58.9,18082,ios_app,app,US->PH,bill_pay,918,0,0,12,175.4,999999.0,1,1,none,0
110092,0.600622,0.916123,-0.223573,-0.126847,0.392417,-0.666299,-0.587449,2.063689,-0.689509,-0.208971,-0.365641,-0.413668,0.209258,0.321567,-1.301035,-0.002762,2.145763,0.360583,1.044301,1.00079,0.883646,-0.872157,-0.93312,0.610937,-1.1135,-0.628387,0.186376,0.17448,51.35,12859,web_desktop,web,US->IN,airtime_topup,164,0,0,13,50.2,15159.0,5,1,none,0
59152,2.042784,-0.337565,-0.296627,-0.200525,-2.802444,0.156855,-0.958734,0.344213,-1.531231,-0.644572,0.612371,-0.509491,-1.224638,0.265339,0.798255,-0.126975,-0.12441,2.265886,0.532413,-0.804752,-1.112985,-0.214403,0.616314,0.48627,0.383911,-0.325956,-1.188377,-1.182539,35.57,45336,web_desktop,web,AU->PH,p2p_transfer,784,0,1,12,52.8,999999.0,1,1,none,0
29409,0.578421,-0.487386,0.063321,0.039169,-0.844943,-0.402246,0.16392,0.531424,-0.479795,-0.904618,-0.313938,-1.784331,1.857109,-0.513256,-0.583692,1.128991,-0.856782,-1.497608,1.224449,1.075143,-0.413186,1.004423,-0.563072,-0.014121,0.44175,-2.772661,0.00373,-2.155719,45.07,40444,ios_app,app,UK->NG,bank_deposit,191,0,0,7,122.7,6775.0,3,1,none,0
45741,-0.442986,1.385233,0.389344,-0.215344,-0.724119,0.859343,0.518103,0.497821,1.943382,-0.934562,2.486727,0.314334,1.110831,0.761462,-0.694815,-0.605026,-0.419904,1.123966,-1.429686,-0.232947,0.084441,-0.715077,-0.216558,-1.100094,0.141911,-1.186099,0.36695,1.72269,9.22,2594,web_mobile,web,US->GT,bank_deposit,142,0,0,8,23.1,30133.0,2,1,none,0
87185,0.324136,-0.605721,-1.020481,-0.283802,-1.43109,-1.392092,-0.168117,0.286272,1.585606,0.138553,-1.246235,0.897256,0.999298,-0.456073,0.022871,-0.493226,0.670179,0.022259,-0.546599,-0.040729,-0.122093,-0.351485,0.352136,-0.529972,0.32528,0.243058,1.376828,0.300515,26.71,7417,web_desktop,web,AU->PH,bill_pay,924,0,0,7,103.5,99.0,5,2,none,0
127771,-1.249013,0.361934,0.914402,0.289218,-0.056037,-0.179114,0.932979,-0.813374,1.282898,0.908217,0.672183,-0.781442,-2.042338,-0.052146,1.484665,0.024542,-0.564177,1.145844,0.758942,0.422506,0.138086,0.246276,-0.616635,-0.216005,-0.431195,-1.168215,-0.315055,-0.443343,53.34,34979,web_desktop,web,UK->NG,p2p_transfer,1391,1,0,9,14.8,3890.0,4,1,none,0
104644,-0.309312,-0.509074,2.058417,-0.13665,1.061667,1.477003,-0.020582,0.927016,-1.465643,-0.840535,0.870689,-0.537613,-0.313379,-0.540569,-0.85552,-0.153625,-0.152279,0.93936,-1.095401,0.274899,1.247419,-0.122829,0.03417,0.2798,0.246492,0.2545,0.455621,-0.007478,6.61,23725,android_app,app,US->NG,cash_pickup,1395,0,0,11,156.6,27986.0,3,1,none,0
110247,-0.748299,0.722201,1.658812,0.517978,-0.432061,-0.729931,-0.129631,-0.020677,-0.441074,1.375762,-0.075187,0.238269,-0.059012,-0.129762,-0.436778,1.002984,0.476218,-0.856773,0.837002,0.075945,1.151493,1.253533,1.18087,-0.387641,-0.442646,-0.17086,-0.78381,0.235381,8.05,4083,android_app,app,AU->PH,bank_deposit,1190,0,0,4,267.6,48862.0,4,1,none,0
145373,-0.581381,-0.006985,0.529866,-0.75692,1.174178,-0.157932,-0.838061,0.445008,0.009907,-1.59224,-0.847117,1.770653,-0.780569,0.585403,0.2028,0.261196,-0.4799,0.486769,2.366623,-0.41625,-0.056293,-0.117438,1.585212,-1.247578,1.464836,0.635315,1.680947,-1.004253,14.88,32999,ios_app,app,US->NG,bill_pay,1316,0,0,14,346.3,9086.0,8,1,none,0
69793,0.107667,1.768452,1.230876,0.860996,0.410928,0.640135,1.525447,1.207042,-0.045225,-0.127435,-1.021759,-0.032477,0.866832,-0.343953,0.239426,-1.100724,0.164549,-1.633804,1.081781,-1.089225,-0.734078,0.233844,-0.142328,0.35667,-0.179878,-0.064163,-1.962939,0.390061,13.63,40300,android_app,app,US->IN,bank_deposit,978,0,0,3,12.5,29237.0,5,1,none,0
158622,0.666157,-0.686662,-0.623401,1.377942,-0.335734,-0.395739,0.89254,0.939628,0.711272,-0.028532,2.499755,-0.433248,0.962229,0.616565,-2.874972,0.18894,-2.505041,-0.88888,-1.079513,1.274658,1.541337,0.12628,0.630722,-0.67027,-0.126576,0.62793,0.075524,0.10152,14.63,14622,android_app,app,US->IN,airtime_topup,48,0,0,10,141.5,11501.0,5,1,none,0
33823,-1.48734,-0.247672,-1.202833,-0.056427,0.009208,0.023507,-3.447978,0.543896,-1.253198,2.02774,-0.861551,0.879488,2.480045,0.514495,1.193223,0.588917,-0.933176,2.320248,0.859612,-0.560681,-0.201956,1.342121,-0.211671,0.841752,-0.420901,-0.417797,-0.347552,0.71678,15.25,44492,ios_app,app,US->GT,cash_pickup,491,0,0,12,188.3,999999.0,1,1,none,0
137187,-0.757563,1.857487,-2.518829,-0.865746,-0.979722,0.590277,-0.698692,-2.288051,0.090499,0.175081,-0.721853,0.975565,0.696714,0.067677,1.626966,1.675184,-0.843561,-0.409165,0.95616,1.439982,-2.091629,1.290459,-1.079025,-0.169018,-0.002128,-0.825903,-2.768104,0.404144,7.34,42878,android_app,app,US->IN,airtime_topup,981,0,0,5,174.0,17573.0,5,1,none,0
43656,0.507417,1.704358,-0.32191,-0.466282,1.184692,-1.073071,-1.666038,1.914538,0.220624,1.445223,-0.297214,-0.244061,0.446824,-1.60343,0.753009,0.193629,-0.211665,-1.264653,0.660339,-0.516413,0.529857,0.403315,1.308882,-0.438277,-0.124894,-0.529915,2.741443,-1.930988,55.9,36551,ios_app,app,US->IN,p2p_transfer,864,0,0,9,106.0,26602.0,5,1,none,0
128946,2.113058,0.706594,-0.596313,0.314478,0.438476,-0.237324,-0.741123,-1.549349,0.923177,1.050253,1.677385,0.637548,-0.833593,-0.086466,0.056751,0.390491,-0.482835,1.876762,-0.921101,-1.010583,0.348725,-1.539056,1.108557,-0.294615,0.108819,-2.055862,-0.804348,1.117429,10.42,26516,android_app,app,US->GT,p2p_transfer,627,0,0,9,34.7,48656.0,3,1,none,0
145454,1.45785,-0.823037,-1.266793,2.604279,0.655294,1.223231,-0.343807,0.663368,-1.176226,0.054844,-0.915474,1.465716,-0.861619,1.705395,1.853573,-0.444057,0.49964,-0.213888,-0.456171,-0.015921,1.435244,0.039835,0.297713,-1.765624,0.290503,0.889901,-0.490506,-0.933702,47.35,31043,web_desktop,web,US->MX,p2p_transfer,1496,0,0,11,78.3,19974.0,10,1,none,0
77980,0.703448,0.220017,0.664587,0.968654,0.414953,-0.132419,-1.244733,-0.448219,0.294028,0.316716,-1.987938,0.464616,-2.002324,0.130175,0.753578,1.148314,-0.746689,0.955925,-0.901993,0.313484,3.367112,0.626331,1.290037,-1.084673,-0.118792,-0.60672,-0.022296,-0.092013,14.01,34410,web_mobile,web,US->IN,bill_pay,1350,0,0,14,79.6,10027.0,5,1,none,0
119546,0.674291,0.973361,0.613683,-0.564942,-0.999483,-0.76325,-0.892745,1.499989,0.504063,-1.137678,-1.534263,2.340324,0.19858,-0.76791,-1.245787,-1.450388,-0.551602,-0.614692,-0.55564,-0.646061,0.033779,-0.105787,2.423119,-0.210902,-0.820375,1.550724,1.849406,1.36772,19.28,37857,web_desktop,web,CA->IN,airtime_topup,1408,0,0,12,195.2,1882.0,10,3,none,0
91776,-0.374176,0.917185,1.25282,-0.788658,-0.114938,1.243834,0.513366,-1.519763,0.44029,-0.233635,0.657634,0.761097,-0.183077,-1.622674,-0.445914,0.448873,0.420665,-1.03835,1.441818,1.125316,-2.654198,-0.612122,-0.195187,-1.415537,0.37844,1.492084,-1.494262,2.062148,47.36,9884,web_mobile,web,US->NG,p2p_transfer,1307,0,1,9,136.2,12961.0,4,1,none,0
92536,-0.369782,0.571186,-3.379765,-0.540526,-0.809895,1.532135,0.207146,1.542256,0.3306,-0.642317,0.054736,1.107974,-0.52042,-0.557144,-1.202448,-0.217298,-1.946126,0.718061,-0.867932,1.187578,-0.631963,-0.789191,0.812879,-0.279199,-1.995494,0.349784,-0.98574,0.547273,7.14,2964,ios_app,app,US->NG,bill_pay,217,0,0,10,39.9,57823.0,4,1,none,0
102432,-0.638418,0.881233,1.311266,0.41295,1.448609,-0.469338,1.38667,0.246252,-1.222582,-0.12452,2.826161,0.103049,0.125232,0.778656,-0.721669,-0.560477,0.175509,0.165315,-0.403248,-0.001914,0.62831,1.03453,1.28581,-0.022269,-0.692297,-1.586666,-2.636558,1.157963,34.34,16939,web_desktop,web,CA->IN,p2p_transfer,1125,0,1,7,43.1,11274.0,7,1,none,0
167292,1.033263,0.805815,1.727094,0.485311,0.64022,0.482634,1.050963,0.460588,-1.204926,-0.80924,1.940503,0.911735,-1.179186,1.021641,0.16045,1.1648,-0.149317,-2.483995,-0.923274,0.260774,1.799525,-1.970926,-0.929051,2.532352,0.325533,0.753074,-0.023751,0.234133,28.85,43854,android_app,app,UK->NG,bill_pay,338,0,0,11,27.8,5858.0,8,1,none,0
168777,-0.432759,0.085945,-1.110127,-0.126356,0.546274,-2.088437,2.272461,0.214431,-1.665926,-0.129619,0.23064,0.690409,0.560719,-1.393569,-0.70888,0.89309,0.43893,1.387354,0.618207,0.002739,-1.452741,0.368892,-0.785612,0.605059,1.606032,0.045578,0.989865,-0.484364,17.47,17621,android_app,app,US->PH,cash_pickup,381,1,0,8,79.4,47008.0,5,1,none,0
71390,0.634366,-1.88898,-0.923326,0.069395,-0.746839,0.685529,-1.050511,0.134727,-0.274663,-1.435741,1.510361,-0.665268,-0.998828,-1.209501,-0.097241,-0.018192,1.53539,-2.250086,0.003808,0.368575,0.23567,-0.132281,-0.601232,-0.11521,-0.837897,0.64591,-0.364988,0.744931,112.14,38626,web_mobile,web,US->PH,p2p_transfer,1130,0,0,11,124.3,60341.0,4,1,none,0
46683,0.716751,0.732869,0.508517,1.951885,-0.497492,-0.342487,-0.431747,-0.073863,1.120323,0.032865,1.045798,0.267166,2.195373,-0.542118,0.862314,-0.570265,-0.136187,-1.648099,0.531201,-0.503363,0.062723,-0.784323,0.500573,-1.480316,0.835649,1.527039,-0.595454,-0.064174,26.56,45347,ios_app,app,US->MX,bill_pay,1056,0,0,14,123.5,3687.0,4,1,none,0
100312,0.074178,1.776544,-1.681071,-0.234171,-0.472965,1.019293,-1.123051,1.146814,-0.423331,-1.57824,-0.203343,-0.673635,0.917676,1.284877,-0.822108,-0.743768,-1.153789,-1.140325,-0.586921,1.158975,0.565494,-0.884384,-1.078867,-0.124372,-1.203448,0.373807,0.62973,-2.164052,16.13,46227,ios_app,app,US->IN,p2p_transfer,99,0,0,6,33.5,68704.0,3,1,none,0
133542,1.941802,-0.644276,0.923255,0.846155,-0.653441,1.104234,0.496427,-0.419305,1.015366,-2.023002,-0.902319,0.596425,0.722349,-0.387857,-0.248075,2.240041,0.832053,0.141938,1.373485,-0.531543,-0.903491,-0.530308,0.627022,-1.104556,-1.680578,-0.956005,0.286306,-0.192376,46.66,10644,android_app,app,US->NG,bill_pay,478,0,0,10,153.8,16207.0,7,1,none,0
16079,-0.95695,-1.11955,-1.130024,0.201814,0.147288,1.161503,-0.542282,-0.145125,0.313595,-0.836799,0.04872,-0.543388,1.211956,0.142199,0.486601,-1.021252,0.341138,-1.502864,1.376738,-2.197179,-1.501316,2.97476,0.3624,-0.108109,1.719852,0.487057,-0.366938,-1.398973,15.22,37521,web_mobile,web,US->GT,cash_pickup,1491,0,0,8,87.4,999999.0,1,1,none,0
158796,-1.944338,0.140987,-1.274206,0.512242,1.08346,-0.796728,0.375345,-1.580202,1.89332,-1.803456,-0.700749,-0.665234,0.387616,0.258667,0.986878,1.288493,-0.979994,-1.756819,0.83415,-0.953881,-0.140259,0.882084,1.382895,-1.328315,-0.199689,-1.105327,0.894906,-0.446581,22.41,34925,ios_app,app,UK->NG,cash_pickup,575,0,0,9,82.1,8218.0,8,1,none,0
80698,-0.625852,-1.051691,0.437859,-1.248419,0.847311,-0.519016,-0.985345,-0.212288,0.522467,-0.45707,-0.16912,0.08204,1.299469,0.880417,0.8574,-1.540257,-0.788036,-0.967998,0.658656,-0.400773,2.323495,-2.931807,-0.077094,-0.2578,-0.49422,2.445846,1.111516,0.544318,42.14,36927,ios_app,app,US->IN,p2p_transfer,960,0,0,8,78.5,25065.0,5,1,none,0
10522,0.553754,-0.234698,-0.488934,1.461039,0.876812,-0.192671,-0.655373,-0.076225,-1.186012,-0.324198,-0.779434,0.036001,-0.571826,-2.123428,-0.239438,0.547923,-0.365093,1.218641,1.618188,0.215602,-0.102946,0.145841,0.413817,0.682799,-1.808554,0.377353,-0.27053,1.568384,137.04,34715,ios_app,web,US->NG,p2p_transfer,679,1,0,14,92.5,999999.0,1,1,none,0
92485,0.443317,0.152502,-0.997629,0.809556,-0.376034,0.607299,0.029326,-0.046651,0.132473,-0.407814,0.883952,0.204866,0.200876,0.075164,-1.072541,-0.072379,0.199529,-1.767608,-1.338242,-0.483798,-0.282749,0.322863,0.637614,0.893392,1.164976,0.413974,0.159075,-1.650166,24.05,23021,android_app,app,UK->NG,p2p_transfer,1067,0,0,15,45.2,8679.0,6,1,none,0
77399,0.517262,0.163254,0.155895,1.039729,-1.269642,-2.93442,0.554686,1.394375,-1.288527,0.280964,0.823991,-1.603764,0.34184,2.215764,1.189351,-0.41027,0.316482,0.771813,-0.646385,0.110873,2.353578,1.921868,-1.035174,0.483278,1.007853,-1.899616,0.147615,1.829235,13.43,10185,ios_app,app,US->PH,p2p_transfer,711,0,0,7,36.2,27462.0,4,1,none,0
95325,1.035567,0.209521,-1.732999,0.277661,0.602426,-0.012635,2.190838,0.137486,1.008055,-0.090619,-0.857967,1.06353,-1.152277,-0.37599,0.094465,-1.48793,0.807612,0.716747,1.610269,-0.844465,-1.128326,-0.628102,-1.010838,1.944749,-0.413297,0.464182,-0.6461,-0.786705,20.75,22845,android_app,app,US->GT,bill_pay,890,0,0,7,26.7,44660.0,4,1,none,0
133438,0.413391,-1.830095,-1.451855,0.270881,0.095387,-0.67348,-1.888697,0.696338,0.572032,-0.152383,0.259929,0.006546,-2.218587,-1.784719,0.14649,-1.675286,1.660851,0.325649,-0.066122,0.488999,-1.116253,-0.151556,1.463337,-1.007001,-0.333146,-0.434556,-1.194233,-1.170568,20.32,20093,android_app,app,US->NG,p2p_transfer,561,0,0,10,72.4,11962.0,5,1,none,0
11991,-0.658593,-0.259568,1.885043,0.291528,-1.068046,0.419439,-0.613062,1.265034,-0.267358,-1.534779,-1.421878,-1.805773,-0.708008,0.329031,-0.498677,-0.467585,-1.203389,-1.094793,-1.226601,-0.774212,0.369733,0.301834,0.397626,-1.704165,-0.403646,-1.48568,0.633518,-0.696443,104.74,6898,web_desktop,web,US->GT,airtime_topup,643,0,0,12,123.9,999999.0,1,1,none,0
59605,-0.560484,0.142279,1.237868,-0.039171,-0.84236,0.37174,-2.087488,1.205514,-0.179816,-0.249125,1.089099,0.77661,-0.26046,0.713977,-0.741562,0.385448,-0.28097,-0.590587,0.454054,-0.991817,1.434328,0.16132,-2.227107,-1.467573,-0.254046,-0.69218,-0.028761,-0.331777,33.26,3736,android_app,app,AU->PH,bill_pay,1386,1,1,5,168.2,2785.0,4,2,none,0
166132,0.418465,0.301262,-0.660489,-0.342837,1.59603,0.351818,1.053141,-1.508904,0.136667,1.131531,0.241208,0.223044,0.843674,-0.832108,0.002071,1.008491,-1.240827,1.07454,0.628817,0.272352,0.080212,2.013876,0.410509,1.008125,-0.12472,0.871102,-2.044453,-0.03148,6.81,28574,android_app,app,AU->PH,bill_pay,1489,0,0,16,131.1,5766.0,5,1,none,0
101309,1.659606,-1.145813,-1.095927,0.083334,1.944732,1.022754,-2.242641,-1.721739,-0.888747,0.387154,-0.139999,0.327071,-1.221017,0.618811,-1.104036,0.015069,0.538812,1.040518,1.06868,-0.151128,-0.729042,1.523011,0.879875,-2.166884,-0.126186,-0.578893,-0.37621,-0.104176,87.94,41580,android_app,app,US->GT,bank_deposit,1212,0,0,12,96.5,19442.0,6,1,none,0
119390,-1.428911,0.147988,1.46291,0.457523,-0.27058,-1.079262,-0.226488,1.483581,-0.027711,0.368297,0.331135,-0.086824,0.815906,0.745103,-0.597966,-1.295535,0.424409,-0.487891,0.358234,-0.346123,-0.997302,0.177981,0.898332,0.279228,1.819476,-1.066358,-0.44751,0.029123,16.9,28330,web_mobile,web,US->IN,p2p_transfer,338,0,0,15,172.4,3220.0,7,2,none,0
40821,0.110093,-1.87742,-0.897257,-0.753563,1.106427,1.1103,-0.041998,-1.452642,0.717756,-0.126372,1.506181,-0.472329,0.907642,0.505575,-0.797608,-0.412348,0.455601,-0.596792,-0.710748,-0.408955,-0.825603,-0.820697,-2.386716,-0.528183,0.462548,-0.550441,0.282206,-0.556851,10.54,5400,web_desktop,web,US->NG,p2p_transfer,812,0,0,8,180.3,30113.0,3,1,none,0
13645,1.729893,0.031572,-0.840012,-1.02454,-0.917105,2.13387,-0.522196,0.441669,0.298688,-1.057697,0.673666,1.352044,-0.288067,0.201349,-0.438819,0.409928,-1.055852,1.078178,-0.175624,0.333366,0.887946,-1.040952,-0.36964,2.219344,-0.630514,1.609836,-0.467366,0.265124,131.86,9735,ios_app,app,CA->IN,bank_deposit,1269,0,0,4,68.2,999999.0,1,1,none,0
52156,-1.14605,0.600367,-2.015574,1.470715,0.63589,1.242196,-1.044169,0.49542,0.301632,-1.004482,0.104355,-1.209202,0.133663,0.645011,0.380434,1.396757,1.345998,-0.219835,-0.562471,0.193319,1.776249,-1.803973,1.018386,-0.354176,2.06152,0.085258,0.991889,0.570008,6.26,4221,web_desktop,web,CA->IN,p2p_transfer,760,0,0,8,39.3,9152.0,5,1,none,0
127189,-0.435172,0.295901,1.44159,-0.204106,-2.169825,0.296104,0.471586,0.508823,1.000696,1.330191,0.345849,1.439112,-0.788911,-1.158159,0.314171,0.45643,0.941538,1.102344,0.334821,1.267055,-0.399405,-1.498861,-0.819222,0.404535,0.839652,-1.446404,1.764263,-1.280311,15.41,772,android_app,app,CA->IN,p2p_transfer,1484,0,0,7,23.9,376.0,7,2,none,0
63774,-0.744058,0.391009,-0.663763,-0.01046,-2.214641,0.393371,-1.198888,0.458565,0.852302,-0.810584,0.756489,-0.189454,-0.162099,-1.438709,-0.647867,-0.951748,-0.596191,-2.001654,0.650559,-1.933053,-0.338191,0.350817,1.973311,-0.295002,1.116621,-1.468616,-0.552397,0.701238,61.88,20622,android_app,app,US->GT,cash_pickup,433,0,0,8,94.6,7948.0,4,1,none,0
136830,-0.327599,-0.779564,1.783351,0.515937,-0.869447,1.369594,0.352277,1.047615,-0.415075,-0.994103,1.714922,-0.931681,0.150983,-1.917492,-0.413299,0.238973,-1.269237,1.200101,0.181289,0.317266,-0.283688,0.840941,0.420641,-0.710274,-0.254845,-1.303326,1.155662,-0.56349,15.86,24048,web_desktop,web,UK->NG,bill_pay,906,0,0,10,38.6,791.0,3,2,none,0
61620,-1.45192,1.07224,0.765473,0.31163,0.327419,-2.157887,-0.585575,-0.32671,-0.970003,-0.084529,-0.855534,1.136526,-1.320566,0.255492,-1.815286,0.357055,-0.909665,0.675211,-0.620764,-0.093787,-0.602947,2.072428,-0.349641,-1.42048,-0.620893,-0.097858,-0.591085,-1.750281,10.11,34651,android_app,app,CA->IN,airtime_topup,255,0,0,15,113.2,49292.0,3,1,none,0
98004,-0.380789,1.017725,0.569521,-1.380858,0.596871,0.832329,0.020637,-0.251903,-1.532643,1.127901,0.074924,1.756251,-1.333583,0.716427,0.694924,-0.552831,0.631691,1.929135,0.376594,1.493257,-0.08925,0.033446,-2.337492,-0.125112,-0.863818,2.117894,1.014921,0.637919,50.8,7662,web_mobile,web,AU->PH,airtime_topup,1051,0,0,9,188.1,674.0,6,2,none,0
167373,0.505386,-0.010821,1.922742,-0.291188,-0.536123,-1.964616,-0.202645,0.244922,0.371086,-0.420294,-0.492731,0.098476,-0.551639,-1.664189,-1.785452,-0.99247,-0.273499,0.077811,-1.29149,0.680972,-0.619916,-1.220729,-0.323887,0.208355,0.49242,2.246387,-1.070263,-0.748629,12.54,35272,web_desktop,web,US->NG,cash_pickup,1085,0,0,12,68.3,2582.0,5,2,none,0
69010,-0.893127,0.396196,0.287233,-0.839103,-3.346577,-0.314085,0.57157,-0.571154,1.699678,0.884629,-0.924315,1.185982,0.669064,1.815272,-1.450763,1.417781,-1.900093,-0.413781,-1.236163,1.386552,-0.273802,-1.297195,-0.086105,-0.981232,0.721677,0.160599,0.701286,0.724583,27.23,32071,web_mobile,web,US->GT,cash_pickup,1060,0,0,5,132.2,22498.0,3,1,none,0
151820,-2.333808,0.728068,-0.379277,-0.064988,1.005612,-0.543455,0.703267,-1.088495,0.44282,-0.257736,-0.329846,-0.144832,-0.002746,-0.86145,0.159997,-1.097773,2.113115,-1.293061,1.005176,1.015354,1.624073,0.228805,0.664134,0.922642,-0.109748,1.761636,0.204035,0.226268,20.61,38608,android_app,app,US->GT,p2p_transfer,873,0,0,9,8.4,17384.0,5,1,none,0
159593,-0.062101,2.322417,0.114019,-0.329302,-0.827379,1.099188,0.668709,2.077971,1.932861,-0.315323,1.602132,0.44286,2.402779,-0.174204,0.193195,-0.940558,1.229485,-1.289335,-1.146422,-0.020072,-1.920866,0.332238,-0.391866,2.398551,-0.541339,0.758462,-0.473474,-0.997791,7.65,38053,ios_app,app,US->NG,cash_pickup,150,0,1,16,120.2,1937.0,5,2,none,0
64277,-0.01829,-1.194312,0.728304,0.200558,-0.745388,0.424056,-0.20132,-0.702209,-0.287093,0.952442,0.35085,-1.031336,-0.835315,-0.088994,-0.159491,0.165027,0.429946,0.021903,-0.541575,-1.457036,-0.084454,1.021968,1.190705,0.363139,-0.465256,0.842706,-0.594487,-0.67845,12.66,38513,android_app,app,AU->PH,p2p_transfer,1099,0,0,13,117.9,27910.0,2,1,none,0
68504,0.132668,0.681057,0.854606,1.241599,-1.28279,0.654449,-1.005769,0.218137,0.662596,0.223756,1.057324,-0.12083,0.333121,1.305391,1.583062,-0.370065,0.716712,0.282369,-0.667727,0.296498,0.462358,-0.953704,0.005515,-1.290764,-1.356576,0.242886,2.038522,-1.163976,13.03,42950,ios_app,app,CA->IN,p2p_transfer,686,0,0,10,37.6,12132.0,4,1,none,0
74052,-1.315498,0.089902,-0.456999,0.895835,-0.247488,0.044253,-0.550303,-0.425901,0.288755,-0.790245,0.121139,0.036896,-0.538068,-0.027623,-1.165695,0.578004,0.839162,-0.661789,0.463275,-0.851901,0.478484,-0.641137,-1.003365,-1.563336,0.861507,-0.73042,-0.13695,-0.400634,63.83,21468,web_desktop,web,US->PH,p2p_transfer,404,0,0,12,86.6,9526.0,5,1,none,0
30938,1.966191,0.313039,-0.637304,0.1921,1.908299,0.576724,-2.279855,0.295653,-0.455321,0.142621,0.234788,-0.766221,0.754208,-2.832237,0.532931,-0.021653,-1.638153,-0.290502,0.611082,-1.309156,-0.543438,-0.034259,-1.06862,-0.970385,0.190849,0.418754,-1.142271,0.527744,985.1,42387,web_mobile,web,US->IN,p2p_transfer,464,0,0,12,120.9,4483.0,2,1,none,0
133820,0.12984,0.391895,0.194857,-0.148056,0.648614,-2.299925,0.463587,-1.730416,-0.443855,-0.435304,0.722811,0.625789,-2.365681,-1.101171,1.651812,-0.548329,-0.262071,0.29142,-0.632896,-0.427707,-0.430566,0.450674,0.239496,0.724862,0.932095,0.899103,-0.70881,0.119838,50.11,21509,ios_app,app,US->GT,p2p_transfer,427,0,0,12,65.2,74066.0,3,1,none,0
120823,1.003338,-0.532439,0.469058,0.291652,0.275856,-0.543652,2.024439,-1.174446,1.768307,1.016994,0.150244,-0.89774,1.514602,-1.557427,1.135595,1.364446,-1.710833,-0.159625,0.203772,0.567077,0.177092,-0.409577,0.13516,0.970573,1.367202,0.590265,-0.334581,-0.548436,11.88,30628,web_desktop,web,CA->IN,bank_deposit,1427,0,0,11,76.3,27498.0,4,1,none,0
52108,-0.156924,-0.263693,-0.349108,-0.371943,-0.342462,1.170464,-0.352187,-0.12776,-0.306727,0.652405,1.004453,-0.934076,-0.363282,0.791456,-0.140927,-0.323849,-0.082802,0.217529,0.133878,2.089566,-0.864034,-2.499307,-0.793073,0.641641,1.642276,0.57177,0.180586,-0.751904,60.33,24276,web_desktop,web,US->MX,cash_pickup,357,0,0,7,141.6,6178.0,3,1,none,0
92761,-0.97058,0.683712,-0.306895,-1.407892,-1.467262,0.474901,0.514336,-0.84132,-2.429841,0.08932,0.043457,0.202849,1.799583,-1.25142,1.252422,-0.776176,0.374711,3.127595,0.102922,0.560855,-0.732703,-1.174544,-1.489053,-0.048882,0.261567,-1.121821,1.004436,0.96343,46.22,8539,web_mobile,web,UK->NG,p2p_transfer,992,0,0,8,106.0,12651.0,6,1,none,0
80686,-2.045424,-0.269249,1.514352,-1.413818,-0.664533,-0.564718,-0.730529,0.189572,-0.874751,0.311969,0.302417,-0.767821,0.712727,0.405654,-0.571683,1.351775,-1.843884,-2.546279,0.629562,-0.801473,0.779317,-0.208788,-1.453999,1.125716,1.471821,0.291663,0.662861,0.620378,2.51,33825,ios_app,app,AU->PH,bank_deposit,555,0,0,7,113.3,2404.0,3,2,none,0
84131,-0.79156,1.000124,0.837073,0.422477,-0.089973,-0.846183,0.355051,-0.022973,-1.036138,0.066932,-0.193712,0.898971,-0.677162,-0.171177,-0.599668,0.464767,-2.08947,1.173424,-0.059423,0.577592,0.024607,-0.889491,-0.604757,0.594839,-0.495245,-0.047064,1.244401,0.294105,26.12,20772,web_mobile,web,US->GT,p2p_transfer,752,0,1,14,130.2,174.0,7,2,none,0
102836,-0.261561,-0.080013,-0.795299,-1.041848,-0.734199,0.280145,-0.188859,0.717024,0.686311,-0.307421,0.836326,-1.06928,0.192926,-0.778161,0.978812,0.313673,0.371079,-1.964467,0.826453,-1.387705,1.952269,0.399215,-0.080611,-1.90775,0.644301,-0.698127,0.637458,0.89042,66.8,32285,ios_app,app,US->PH,bill_pay,647,0,1,5,59.2,4881.0,6,1,none,0
116932,1.758269,2.263672,0.960931,1.114746,0.492888,0.992963,-0.45723,0.453027,-1.158206,-0.706357,-1.174468,-1.121378,-0.051358,0.04864,0.558967,0.114838,0.508506,-0.119146,0.423912,0.019547,-1.114024,0.024679,-0.505417,0.834951,-1.83366,2.940018,0.114795,-0.761979,23.93,11280,web_mobile,web,US->GT,bank_deposit,866,0,1,6,72.8,46817.0,5,1,none,0
147133,-1.153315,-1.051112,1.464371,-0.085241,0.229673,-0.769079,-1.438081,0.465507,0.663634,1.669034,0.043081,1.27172,0.838783,0.127455,-1.192046,0.612742,0.020794,-1.273182,0.910727,0.343508,1.837961,-1.442835,-1.264326,0.864417,-2.06893,-0.586718,0.561508,-1.097035,15.12,11941,android_app,app,US->IN,airtime_topup,91,0,0,9,31.6,6924.0,8,1,none,0
28960,-0.420845,-3.35137,0.264146,-0.964762,0.758448,-1.46589,1.339631,-0.933413,-0.556828,1.602158,0.962683,0.778504,-1.304846,0.355636,0.679055,0.109639,-1.835245,1.600969,-1.328553,-0.19335,0.71534,0.514242,1.099709,-0.469718,0.485413,-0.646433,-1.175224,-0.053354,15.46,12154,web_mobile,web,US->NG,cash_pickup,483,0,0,11,38.3,999999.0,1,1,none,0
104212,-0.131178,-0.098097,-1.522431,0.527306,-0.26017,1.741102,0.265867,-0.047514,-0.058997,-0.598365,0.014385,-1.520583,0.689238,0.046024,1.293737,-1.611307,0.554866,0.993345,-0.950066,1.571475,0.25189,0.52757,1.387146,-0.814236,0.539125,0.046953,0.089752,-1.982755,32.65,39184,ios_app,app,UK->NG,p2p_transfer,1367,0,0,14,80.9,9194.0,5,1,none,0
142568,-2.185246,0.053456,-0.88239,0.438747,1.347444,-0.389682,0.752436,-0.553271,-0.002272,0.86042,2.176743,0.07982,2.729228,1.20079,1.230768,-0.38578,-1.974608,-0.725253,-0.443714,0.286864,-0.229357,0.344568,-0.703898,1.12463,-0.184126,-0.912288,-0.844228,0.130025,16.57,25012,android_app,app,US->IN,airtime_topup,610,0,0,7,206.3,24472.0,5,1,none,0
103099,0.046312,-0.247099,-1.117482,-0.047134,-1.049162,-1.393091,-0.096574,-1.552739,-0.043671,-0.436875,2.34189,-1.531667,-0.979894,-2.380349,0.290776,-0.791869,0.434118,0.258607,-0.6328,-0.307359,1.40748,-0.215436,0.888973,1.070925,0.439401,0.95893,0.425853,-0.530091,39.53,44059,web_desktop,web,US->PH,bill_pay,1235,0,0,4,222.8,8279.0,5,1,none,0
46104,0.455252,-0.446675,-0.970828,0.80239,0.911251,0.356175,0.154322,-0.504689,0.104494,-1.343751,0.567828,-0.172552,1.566458,-0.444847,0.95644,0.043355,0.021495,0.806273,0.306833,0.322906,0.958224,-0.957418,-0.950958,-0.213559,-2.407159,0.064499,0.960151,-0.797568,29.45,29756,ios_app,app,CA->IN,p2p_transfer,794,0,0,10,135.0,10433.0,2,1,none,0
38777,-1.619909,0.278157,-0.507228,0.769852,-0.376858,-0.859802,0.090258,0.507917,-2.60464,-0.61903,0.554589,-1.109988,-0.766168,1.476905,1.203442,-0.356212,-0.278613,-0.560597,-0.041294,1.482078,0.015913,-2.06005,0.548605,-1.141898,0.188265,0.077777,-0.266458,0.455376,8.63,45348,ios_app,app,UK->NG,p2p_transfer,247,0,0,9,111.1,2006.0,3,2,none,0
21322,0.432505,0.246128,-1.525303,0.945141,-0.014515,0.158491,-0.993983,-0.605259,-1.141582,0.923773,0.267025,-1.730189,-0.063087,-1.032897,0.280262,0.589584,-1.651525,-0.473969,0.885322,-0.542687,0.684325,-0.020643,0.378156,-0.3921,-0.829135,-0.594719,0.501204,-0.517731,48.87,27862,web_mobile,web,CA->IN,airtime_topup,1295,0,0,7,148.4,8589.0,3,1,none,0
157188,0.798539,-1.437824,0.054598,0.886934,0.483264,0.026481,-1.306593,-0.268211,-0.523772,-0.911818,0.605909,0.684508,-0.075759,-0.595452,-0.230965,0.034419,0.541921,-0.986818,0.430725,1.785533,1.493133,0.060058,0.3964,1.385773,-0.496568,1.106159,1.473904,1.411783,19.08,6936,web_desktop,web,US->MX,bank_deposit,170,0,0,6,34.6,31865.0,7,1,none,0
31664,0.411881,-0.699442,-1.079347,0.383603,1.335416,0.742366,1.978989,0.670129,0.449456,-1.113917,-0.105201,-0.893556,0.023043,-1.223874,-1.169247,-0.660076,0.930644,-0.424184,0.836947,-0.493611,0.458799,-0.991557,-1.308523,0.032771,1.951766,0.372351,-0.613081,-0.2457,14.05,32254,ios_app,app,US->IN,bill_pay,1400,0,0,17,25.7,16777.0,2,1,none,0
64925,-0.323623,-0.92992,0.011436,-0.40924,-0.180112,-0.543356,-0.820339,0.194359,0.952081,-1.811553,-0.585393,0.009419,-0.02005,-0.515387,0.095556,0.446683,0.758365,-0.158493,-0.16769,-0.413797,2.105748,-0.089787,-2.65495,1.571711,-0.309398,-1.255489,0.265243,-1.575579,9.2,4795,ios_app,app,US->PH,p2p_transfer,623,0,0,7,132.6,42176.0,2,1,none,0
134238,-0.583185,-1.413715,0.965066,0.032803,-0.943282,-0.032206,-0.161814,0.42139,-0.298106,-1.558104,-0.926501,-1.971074,-0.940941,1.158681,0.824949,0.855722,-0.345078,0.451627,-0.869374,-1.75508,-0.279633,-0.073648,0.019143,-1.393661,-0.710316,0.337351,-0.126069,0.410587,20.66,932,ios_app,app,US->MX,cash_pickup,1485,0,0,14,45.1,4383.0,5,1,none,0
50268,-2.198605,-0.388794,0.001019,-1.044373,0.425772,-0.797099,-1.861723,-0.162774,0.254605,-0.913127,-0.591236,0.622914,0.316759,0.343317,-0.384257,-0.288943,-0.453732,-0.575732,-0.191975,0.373804,0.711761,-1.066338,0.776318,-0.683313,1.091117,-0.401767,0.90481,-0.0746,7.39,26197,ios_app,app,US->NG,cash_pickup,281,0,0,11,57.8,21642.0,5,1,none,0
113052,-0.950795,-0.417353,-0.341552,0.062995,0.681361,0.929414,0.0525,0.912591,-0.481864,0.716731,-0.948776,-0.50358,0.199537,0.222889,-1.828472,1.663447,0.815642,1.118543,-0.306336,1.882079,0.037008,-0.446744,-0.365313,-0.796223,0.131028,0.319403,-2.027556,0.428448,31.88,39393,ios_app,app,US->IN,bank_deposit,63,0,0,8,139.7,8424.0,5,1,none,0
156470,-0.452008,-1.321896,1.158359,-1.893661,-0.841392,-1.852694,-0.057667,0.001306,-0.169678,-0.605789,-0.813578,0.016973,-0.485294,1.026998,-0.789272,0.711884,2.032422,0.815622,-1.484353,-0.631607,0.146004,0.287745,0.734347,0.121406,-1.550001,1.353407,0.233661,-0.428768,14.06,41313,ios_app,app,CA->IN,cash_pickup,866,0,0,14,34.8,14662.0,9,1,none,0
38267,0.366102,-0.21446,1.900021,0.626355,0.353515,-1.042536,1.57391,0.422332,1.485195,-1.558859,0.292997,-0.376833,-1.034302,-0.625835,-0.516618,1.726485,-0.631735,-0.576702,1.534139,1.032022,1.667245,0.121266,-0.654681,0.972732,0.929253,0.333766,0.205206,1.051997,45.27,42719,web_desktop,web,US->IN,p2p_transfer,459,0,0,9,92.4,7121.0,5,1,none,0
26953,0.49365,-0.503811,1.632183,0.813505,1.754792,0.569331,0.566784,-0.552201,-0.051771,1.810109,0.924832,0.612617,0.239157,-0.494113,0.686579,0.426012,0.301825,-0.826849,-0.647822,1.092216,1.040949,1.249831,-1.233488,0.687679,2.384409,-0.821693,-0.17818,0.795478,24.87,469,android_app,app,UK->NG,cash_pickup,457,0,0,10,27.5,999999.0,1,1,none,0
62601,-0.44488,-0.767224,2.314644,-0.40914,-1.611168,-2.547368,0.789991,-0.163568,0.199877,-0.10456,0.89632,1.872291,-1.034238,0.747177,0.073973,1.286916,-1.066555,0.051287,-0.12395,-0.370915,0.353309,1.074651,0.338217,0.578502,0.579303,-0.46125,0.508712,-1.488611,28.09,45644,web_desktop,web,CA->IN,cash_pickup,81,0,0,10,16.2,2368.0,3,2,none,0
140623,1.13641,1.200566,-0.545279,0.469856,-0.008549,1.249022,-0.465131,-0.186922,-0.625531,0.605319,-1.001125,-0.543316,0.541896,0.995235,0.144692,0.633775,-0.783872,-1.967529,0.732448,1.164286,0.158811,-0.302684,0.658158,0.907586,0.174109,1.376607,1.316852,0.164854,34.84,9782,web_mobile,web,US->IN,p2p_transfer,909,0,0,17,70.5,68480.0,7,1,none,0
128973,-0.764646,-1.611266,0.708674,-1.553717,-0.963527,1.062943,-0.18066,0.238421,-1.706473,2.489699,-0.212748,0.24585,0.003837,1.400716,0.256552,-1.168587,0.106029,-0.06063,0.33969,1.47988,0.68737,-0.180574,-1.589162,-0.488322,-1.212868,-0.092404,-1.499422,-0.612423,55.36,36843,web_desktop,web,US->MX,p2p_transfer,621,0,0,7,89.1,17203.0,9,1,none,0
134290,-1.04464,2.20944,1.001032,-0.976505,-2.111972,-2.468863,-1.278663,-0.953533,1.936161,-0.254865,-0.217433,-0.304272,0.938174,-0.530977,-0.381879,-0.647333,-0.918778,-1.922086,-0.66837,0.028947,0.669061,1.108961,-0.049314,-1.008314,0.230261,-0.929047,1.111684,0.648308,92.3,2624,web_desktop,web,AU->PH,p2p_transfer,1331,0,0,12,101.6,34158.0,6,1,none,0
76493,-1.017063,0.099219,-1.680286,-0.414744,-1.692812,0.360568,0.113877,1.55594,0.081779,-0.244421,0.2185,0.142733,-0.438455,1.4825,-0.226604,0.114804,-1.073857,0.617569,-1.499626,1.536102,0.274549,1.326888,-0.583158,0.486743,0.820098,-1.166804,0.102077,-0.203448,17.71,2557,web_mobile,web,AU->PH,bill_pay,1250,0,0,10,148.3,2883.0,4,2,none,0
117593,1.115528,-0.773963,-0.701479,-1.03777,0.611595,0.577781,-0.188468,-1.286419,0.008964,-1.417265,-1.552526,0.54992,0.982639,-0.040492,-1.168827,1.633357,1.083725,0.031611,0.359995,-1.759829,1.160798,2.013914,0.128829,-1.380139,-0.952144,-1.840865,0.899679,0.296701,66.13,20291,android_app,app,CA->IN,airtime_topup,321,0,0,9,102.7,7043.0,8,1,none,0
97054,-0.322271,0.346349,0.625188,0.195898,0.572197,-0.296729,1.105804,0.769634,-0.276872,-0.993436,-1.384799,-0.631909,-0.289178,0.232869,0.176217,1.550938,-1.80264,-0.880895,1.638859,0.29929,1.016621,1.27799,-0.184931,-0.509982,0.635199,-0.075456,1.379828,-1.040638,25.49,45393,ios_app,app,US->MX,airtime_topup,409,0,0,13,31.4,43664.0,3,1,none,0
103280,0.821334,0.926311,-1.036807,-0.815973,0.974485,-0.895267,-1.012801,1.416189,1.761871,-0.401362,1.627615,0.459225,0.955569,0.303536,0.211867,-0.760399,1.632254,1.734085,-1.163861,-1.385891,0.147641,1.696413,-2.498517,0.728052,0.205168,0.811476,-0.020473,-1.755475,916.2,30351,web_desktop,web,US->MX,bank_deposit,1431,0,0,10,49.4,38002.0,4,1,none,0
172339,1.467724,0.808886,1.632869,0.858293,-0.58773,-1.06004,0.896505,-0.070704,-1.140131,-0.451561,1.594286,1.4692,0.066714,0.796548,-0.791027,-0.976996,0.987242,0.432842,-1.458355,1.729424,0.244997,0.637158,-0.95224,-0.187761,2.305255,0.320633,0.145281,-0.434446,44.12,10876,web_desktop,web,UK->NG,airtime_topup,591,0,0,8,25.1,141037.0,4,1,none,0
145008,-0.656024,-0.308624,0.066909,0.547068,-0.808887,-0.036735,-0.463402,1.33928,1.364442,-1.014161,0.4661,0.495901,0.189731,-1.002667,-0.226419,-0.297089,-0.678854,0.819984,-0.368811,0.143655,0.859096,-2.567337,1.826874,0.590279,0.190241,0.764652,1.048448,-1.288785,4.59,31565,android_app,app,US->IN,bank_deposit,546,0,0,6,76.5,3109.0,7,2,none,0
79310,-0.327902,0.135847,-0.773964,-3.285787,0.265383,0.253448,1.604117,0.671465,-0.629112,-0.776793,0.066345,-0.802318,-1.267133,-0.016043,0.426179,-0.357641,0.003037,0.49329,1.640984,-1.180781,-1.546529,1.028404,0.586911,0.44364,-2.184738,0.696021,-1.148674,0.886992,13.03,30355,web_desktop,web,CA->IN,p2p_transfer,1460,0,0,5,77.6,26290.0,7,1,none,0
25667,1.077907,-0.136862,0.56305,-1.116945,-0.957369,0.018272,-0.067924,-0.084904,1.24487,-0.863127,-2.088239,-0.798746,-1.62869,0.684558,-1.457334,2.026308,0.603679,-1.196088,0.088641,1.009395,0.933734,-0.561318,-0.280219,0.686371,-1.330057,0.106302,0.471329,0.692697,49.94,9380,web_mobile,web,AU->PH,airtime_topup,832,0,0,13,97.6,21843.0,3,1,none,0
92179,1.206021,0.199884,1.118083,-0.153783,-1.635697,0.361083,-2.038853,1.052194,-0.900666,0.201239,-0.975768,0.331008,-1.343771,0.487874,-1.168708,-0.429262,0.955343,0.089115,-1.055833,0.335768,0.209039,-0.986922,-0.680751,1.498853,0.888949,0.389585,2.250023,0.057674,20.44,32623,ios_app,app,AU->PH,airtime_topup,122,0,0,10,34.5,2162.0,4,2,none,0
15487,-1.230529,1.463417,0.630698,1.398343,1.790018,-0.455345,0.072025,-0.269421,0.616447,-0.014938,-1.209094,-2.246966,0.262103,-1.056747,0.094941,0.62381,0.157577,0.098336,-0.328459,-0.582127,-0.249613,0.503639,0.906782,1.328346,-0.382424,-0.581745,0.286213,-0.760542,43.72,37240,android_app,app,US->MX,p2p_transfer,131,0,0,6,27.6,999999.0,1,1,none,0
52608,0.4158,-0.384585,0.227677,-0.879593,-0.496343,-1.534897,1.712087,-0.424787,-0.002029,0.337091,1.929421,-0.5114,-1.46126,-0.43557,-0.069059,0.474824,0.162778,0.956754,0.611583,-2.29582,-0.549615,-0.950299,0.521365,-0.359054,0.087882,0.783793,0.294623,0.512168,13.68,18280,web_desktop,web,US->PH,bank_deposit,1281,0,0,8,92.9,29154.0,2,1,none,0
8508,0.950051,0.684912,0.505129,-0.16588,-1.216291,-0.422451,-0.894639,-0.784791,0.469124,-1.565789,-2.507367,-1.512985,-0.5405,-0.597725,-0.459314,1.553103,-0.242861,-0.355302,0.340102,-0.327823,0.5346,1.376606,-0.616543,0.871372,-1.10544,0.092132,0.470341,1.201707,11.67,7183,web_mobile,web,US->PH,p2p_transfer,630,0,0,10,334.5,2966.0,2,2,none,0
102222,-0.796254,0.321579,-0.153737,-0.123592,0.779145,-2.123097,0.382438,-0.703246,-0.843678,-2.1255,1.040905,0.826905,-0.785599,0.956153,-0.439283,1.515563,1.080887,1.066033,1.321133,0.925027,2.635117,-0.297372,-1.464166,-0.52676,-0.882829,-0.302618,-1.426253,-0.990057,13.33,40210,web_mobile,web,US->MX,cash_pickup,1439,0,0,9,124.4,6013.0,3,1,none,0
18147,-2.372237,0.515888,1.261491,0.155261,0.957008,-0.743549,1.133035,-0.940399,0.207409,1.55013,-1.693933,-0.416228,-0.458118,-0.692432,1.356471,-1.044645,-0.737415,-0.151019,-0.632547,-0.178702,1.063181,1.286223,0.414924,0.333261,0.205752,-0.355104,0.293908,-0.890103,16.83,26010,ios_app,app,AU->PH,p2p_transfer,502,0,0,9,46.2,999999.0,1,1,none,0
163662,0.625383,0.570818,-2.367412,-1.020224,-0.1126,0.772561,-0.711047,0.307196,0.671464,-0.548146,-1.887824,-0.516442,0.800406,-0.533919,-1.26594,0.054081,0.259857,-0.113192,-0.920427,0.619054,2.226953,0.576093,-1.108852,-1.530356,-0.724116,0.88729,-0.720652,1.812056,76.83,22271,ios_app,app,US->MX,p2p_transfer,722,0,0,8,75.1,23996.0,6,1,none,0
150431,-0.822058,-0.055264,0.476063,0.210954,2.298844,-0.783851,0.075951,0.866782,1.511647,-0.239802,0.428085,0.217303,1.175982,1.60658,0.420567,1.650668,-0.010024,-0.451086,-1.510622,0.77634,0.232422,2.126721,-1.240558,-1.93082,1.422809,0.698223,0.360856,1.031607,81.82,29843,web_mobile,web,US->MX,p2p_transfer,786,0,0,7,6.3,10851.0,6,1,none,0
80410,-1.81974,1.685214,-0.865267,1.370766,2.084637,-0.588099,-0.047983,-0.35577,1.603545,-1.114191,1.05619,-0.852986,2.010819,-0.198721,-0.941616,-0.819431,0.050605,0.44611,-0.587952,-0.165411,-0.01253,0.056492,0.012116,1.100015,-0.890649,-0.953641,-0.563698,-0.050301,31.12,19978,web_desktop,web,US->NG,cash_pickup,957,0,0,10,200.1,77963.0,2,1,none,0
101287,0.709572,0.553826,-0.844923,-1.158308,1.074854,1.037986,1.208872,0.581387,0.12291,0.709064,0.269111,-0.590927,-0.490127,0.835948,-0.856982,-1.453781,0.318906,0.654397,0.997407,-0.012292,1.29183,-0.731133,-1.688537,1.379128,0.228099,1.095459,1.239408,-0.115712,44.58,7444,web_mobile,web,US->PH,p2p_transfer,1249,0,0,4,34.7,38304.0,3,1,none,0
16872,0.012234,-0.582043,1.564194,0.866123,-0.846626,-0.688489,-1.468061,0.645008,1.366043,0.209306,1.952331,-0.154012,-0.946151,0.196745,-0.643484,0.149473,0.29907,-0.69563,-0.311906,0.682767,-0.810106,1.337167,0.798898,-0.143607,-1.059162,0.459041,-0.488731,-0.530103,30.92,6927,web_desktop,web,US->PH,airtime_topup,793,0,0,6,132.7,1604.0,4,2,none,0
116698,1.743388,-1.161698,1.051868,-0.443815,0.18842,0.607522,0.233341,-0.325272,-0.895324,0.324764,-0.609557,1.207065,0.230603,0.045948,-0.271087,0.446781,0.700728,1.227951,1.180412,1.159192,-1.914216,0.111198,-0.028278,1.333543,-0.405634,-0.356178,-0.861526,1.435631,159.21,20747,web_desktop,web,AU->PH,p2p_transfer,1142,0,0,5,75.6,18736.0,7,1,none,0
313,2.089446,0.492927,-1.472504,1.44604,0.547784,-0.589343,-1.390982,2.321572,0.37305,0.815089,-1.321824,0.381034,0.479521,0.277086,-0.612608,0.721949,-1.223742,0.899742,0.751099,-1.045232,-0.211999,-0.400246,0.179167,-0.949252,0.378835,0.012555,-1.718695,0.38183,52.84,18145,ios_app,app,US->IN,cash_pickup,993,0,0,7,240.3,999999.0,1,1,none,0
13548,-0.72094,2.183345,-1.159484,-0.499261,0.235331,-1.168752,-0.610846,0.983617,-0.579239,-0.08963,-1.155444,-0.097015,-0.299854,-1.471095,0.143262,-0.756669,-1.590671,-0.439154,-1.046706,-0.427536,-0.97478,0.474138,1.794214,0.417369,0.132468,-1.253339,0.424443,-0.446836,19.8,15028,android_app,app,UK->NG,bank_deposit,1252,0,0,13,44.7,999999.0,1,1,none,0
171789,0.169031,0.042189,0.178887,-0.286457,-0.651011,0.834044,1.614028,-0.163056,-0.383393,1.255631,-0.164341,-0.974645,-0.446773,1.270397,0.117795,0.846336,-1.214988,0.185736,1.247797,0.592055,2.874449,-0.880277,0.250176,-0.273755,0.617919,-0.197453,-0.589705,1.092228,22.86,11588,web_mobile,web,AU->PH,p2p_transfer,950,0,0,7,34.4,7976.0,8,1,none,0
37404,2.538776,1.855938,0.203803,-1.306909,1.087113,-0.419723,0.256163,-1.238161,0.269342,1.161257,-0.648481,1.170478,-0.655797,1.435617,1.928808,0.570862,0.220901,0.788083,-1.055323,-0.199025,0.842133,0.659799,1.197785,-0.790169,0.275034,0.098795,-2.191922,1.767806,52.16,46034,web_mobile,web,US->MX,airtime_topup,243,0,0,9,257.2,999999.0,1,1,none,0
134355,-0.508277,1.718136,-0.456001,-0.487424,1.150902,0.094935,-0.011184,0.851583,0.70397,0.24401,0.547492,0.716045,-0.711739,-0.063818,-0.900611,1.233833,0.322144,0.55725,-0.543501,0.938368,0.741858,0.217775,-0.354583,-1.903828,-0.703155,1.206974,2.274936,1.617378,15.74,38447,android_app,app,US->PH,bill_pay,52,0,0,10,72.1,17461.0,6,1,none,0
197,0.183878,0.671467,-0.342789,-0.356044,0.541202,-0.939882,-0.905312,0.009544,-1.360083,0.357768,-0.78795,0.609945,-1.6696,0.751277,-1.07725,-0.116582,-0.036673,-0.408779,0.242612,1.733246,-0.00285,-0.334592,-0.098844,-0.359667,0.101635,1.290799,0.586148,-0.455219,36.85,28801,web_desktop,web,US->IN,bank_deposit,908,0,0,16,116.8,999999.0,1,1,none,0
90383,-0.69217,0.278265,0.440702,2.903954,2.620863,-1.330866,-0.386424,-0.845604,1.599681,1.238201,-0.53535,1.4785,0.702484,-0.43099,-0.313565,0.883355,-1.948887,-0.685249,0.249893,1.099429,-0.295579,-0.408562,-0.257866,0.642715,0.632726,1.601653,-2.222198,-0.345405,17.35,9106,web_desktop,web,US->MX,p2p_transfer,648,0,0,12,26.1,57980.0,3,1,none,0
27105,0.817497,-0.084374,-1.53823,1.096963,0.903161,0.287173,0.208943,-0.192184,1.052405,-0.08244,-1.38065,-1.060071,-0.796684,-1.310222,0.432277,-1.074693,0.766024,0.790737,-1.204396,1.370719,-1.772562,0.682664,-0.112957,0.765807,1.908331,0.176022,0.657946,-1.14955,34.08,40081,android_app,app,US->IN,bill_pay,62,0,0,9,241.5,999999.0,1,1,none,0
172630,1.08994,-2.31438,0.190034,0.432237,1.168392,1.377415,0.194764,0.301099,0.466955,1.922028,0.15091,0.9011,0.597017,1.587471,-0.50485,-1.960034,-0.22576,-0.771673,-0.061751,-1.260588,-0.375973,0.421388,-1.441656,1.013419,0.075435,-0.117122,1.419297,0.163557,114.51,44112,ios_app,app,UK->NG,bank_deposit,225,0,0,10,60.5,42826.0,7,1,none,0
153907,0.404309,-0.881823,0.598754,1.163029,-0.019088,2.295087,-0.955972,0.571355,-0.472049,0.633388,-0.788471,0.886094,-0.736165,0.164767,0.491632,-0.954005,-0.695069,-1.033151,-0.321124,-0.145865,-1.162593,0.129014,1.847148,-1.129104,0.470893,0.477624,1.479144,-0.990668,24.68,23637,ios_app,app,AU->PH,p2p_transfer,970,1,0,13,137.6,52236.0,6,1,none,0
140851,0.615731,-2.093797,-0.856512,-1.231478,0.623723,-0.460078,0.804352,-0.389503,-0.858756,-0.677661,1.095768,1.215785,2.001794,0.894018,0.099636,0.401812,2.418207,-0.262623,1.537914,0.982898,-0.306981,-1.326747,0.555407,-0.823608,0.0209,-0.022338,-0.6752,-0.268508,49.47,7149,android_app,app,CA->IN,bill_pay,1449,0,0,15,95.2,6027.0,6,1,none,0
153257,-1.932224,0.76863,0.633938,0.344275,0.405566,-0.567173,-0.438696,0.727152,1.016434,-1.317356,0.823074,-1.318461,-1.177204,0.073105,-1.902584,1.142654,0.14037,-1.059552,-1.138765,0.048548,-2.035421,-1.322687,0.412692,-1.78946,1.69311,0.51778,-0.325281,-0.470545,17.67,22480,web_desktop,web,US->GT,p2p_transfer,973,0,1,11,49.8,16083.0,3,1,none,0
25551,1.209521,-2.443826,-1.132005,-1.964869,0.703486,-1.336532,0.407099,0.748903,-1.822342,0.276222,1.438084,-0.741504,-1.768828,1.256045,1.458518,1.495572,0.326189,-1.025586,0.641696,-0.984655,-0.167947,0.221686,-1.553339,0.784531,0.99981,0.373075,-1.091205,-0.306545,17.17,32500,web_mobile,web,US->PH,p2p_transfer,1125,0,0,5,57.2,999999.0,1,1,none,0
64440,-0.204662,-0.572179,-0.672062,-1.637559,-0.744812,-0.186449,1.499156,0.96301,0.297858,0.279522,-0.827334,-0.82641,-0.510678,1.14587,-1.03805,-1.136771,-1.152153,0.719021,0.753133,-1.437895,-0.997668,-0.651988,3.190127,-0.595812,0.181762,2.449121,-0.515684,1.503483,44.43,43657,ios_app,app,US->GT,cash_pickup,134,0,0,7,151.0,9555.0,4,1,none,0
77955,-1.019764,-2.245142,1.151389,-0.618168,1.240063,-0.161856,-0.053589,-0.434381,0.015692,1.416033,0.741705,-0.612147,-0.518376,0.141917,0.336674,-0.140217,0.977598,-1.327874,0.079124,0.024132,-0.605293,-0.414077,0.680098,1.4517,1.458833,-2.815091,0.801939,-0.559054,36.82,39490,web_desktop,web,CA->IN,p2p_transfer,372,0,0,9,122.6,17754.0,4,1,none,0
22244,-0.723603,-1.115821,0.907624,1.04268,-0.620428,-0.051481,-0.221596,0.655851,-0.133064,-0.752756,-0.546102,-1.338735,1.311226,0.326097,0.45021,-1.495072,-0.112854,-0.464788,0.984179,-0.125917,0.802154,-0.310869,-1.449431,0.277068,-0.049261,-0.775395,-1.618733,1.253324,5.51,26314,android_app,app,AU->PH,cash_pickup,808,0,0,9,60.5,3373.0,2,2,none,0
116793,0.694721,-1.260979,-0.779955,-0.159595,0.042703,-0.492284,-0.386424,-0.060818,1.837845,-0.195629,-0.07174,0.054319,0.010948,-0.631813,-0.533798,1.615992,-0.158103,0.702193,0.673246,0.893666,-0.92725,-0.31612,-0.30518,1.892117,-0.689123,-0.525766,1.059427,0.182356,18.79,3364,web_mobile,web,CA->IN,airtime_topup,1493,0,0,11,252.0,4091.0,8,1,none,0
140334,1.326773,-1.991683,-0.819851,-1.239076,-0.236022,-0.863086,-0.382671,-0.320964,-0.781833,-1.464609,1.626613,0.856875,1.253199,-0.761244,-1.689095,0.560551,1.827047,1.156053,1.629283,0.003851,1.827121,-0.991582,-1.083749,0.112193,0.252242,-0.692608,1.097124,1.56044,13.48,71,web_desktop,web,US->IN,p2p_transfer,31,0,0,7,60.0,4279.0,13,1,none,0
110136,0.348001,-1.347303,1.098119,-0.862327,-0.783068,-0.55027,0.13057,-2.715979,0.800432,0.383167,-1.378583,0.417867,-0.71528,-0.875427,-1.024162,-1.51471,0.836112,-0.713766,0.051059,-0.146776,0.238217,-0.777173,0.086214,-0.723272,-0.433851,-0.928436,-0.343595,-0.108564,28.45,19995,ios_app,app,AU->PH,p2p_transfer,1227,0,0,14,78.9,31998.0,3,1,none,0
2075,-0.816392,0.786855,0.670489,-0.907331,-1.508385,0.38275,0.64225,-0.308315,0.517974,-0.814328,0.938493,-0.765144,0.598942,0.174818,-0.143222,-0.696544,0.553121,-1.061903,0.507273,0.607438,2.04732,-0.577675,0.92927,0.143717,-0.185452,0.321893,0.771841,0.629813,23.88,40430,web_mobile,web,US->NG,bill_pay,199,0,0,13,68.7,999999.0,1,1,none,0
84277,-0.956652,-2.139931,-0.340128,0.739594,0.208282,0.546423,-0.391052,-1.88619,-0.238974,-0.854756,1.131445,0.865445,-0.240157,0.439496,0.300208,-0.22394,1.588057,1.185395,-0.375981,0.171126,0.902778,0.296034,0.024256,-0.1681,0.377791,-0.173795,-0.347472,0.472473,16.62,17770,web_mobile,web,US->MX,p2p_transfer,1117,0,0,9,133.8,27059.0,5,1,none,0
162364,-0.35264,-1.577365,0.125957,0.943398,0.486888,1.50543,-0.456931,0.404452,0.602996,0.411313,0.215028,0.363547,-1.651064,-1.135427,0.607257,-0.700285,0.439365,0.721593,0.116828,-0.345974,-1.251544,-1.402734,1.375341,0.574993,-0.814459,0.372956,2.136706,0.990016,13.78,27522,android_app,app,US->MX,p2p_transfer,13,0,0,9,91.3,33153.0,7,1,none,0
48189,1.619646,0.580565,0.312044,-0.099218,-0.860635,1.255786,0.187437,0.495711,0.352942,0.538957,-0.948951,-0.026292,-0.778041,-0.790059,-1.001433,-0.650028,-0.42273,-0.865437,-1.17522,0.04004,-0.141174,0.204191,0.168346,-1.522568,1.403266,1.513065,1.509223,-0.791093,15.15,25054,web_desktop,web,US->PH,cash_pickup,940,0,0,10,36.5,32826.0,3,1,none,0
69462,1.051541,0.125466,0.938884,-0.497979,-0.278596,0.962167,-1.495104,-1.213561,-0.02263,0.493258,-0.090882,1.255948,0.314468,1.541969,0.720074,-1.217367,0.718763,0.175434,1.465407,2.232589,0.166756,0.930761,1.3495,0.58436,0.5675,-0.23363,0.352446,0.079607,28.63,22061,web_desktop,web,UK->NG,airtime_topup,23,0,0,5,107.3,59615.0,2,1,none,0
17105,-0.599539,-1.147878,0.858614,2.182306,-0.534686,-0.240525,0.120762,-0.954143,0.486345,0.406509,0.702807,-0.655979,-0.145508,-1.038936,0.12421,0.442552,-0.59796,-0.119105,-0.305128,0.000173,-0.53757,-1.299233,2.002882,-0.712518,1.043577,0.225832,0.210683,1.780463,15.64,8089,android_app,app,US->NG,airtime_topup,1298,0,0,16,111.8,13273.0,2,1,none,0
59431,-0.647438,-0.536976,0.572166,0.149246,-0.456317,-0.307093,0.601901,-1.47619,1.288403,-2.174525,0.161,1.28619,0.057689,-0.18501,0.209779,-0.162311,-0.222724,-1.549835,1.280006,0.314623,-0.683331,-1.442219,2.528275,0.075854,1.392793,-0.302352,2.564318,-0.736654,9.65,31037,web_desktop,web,UK->NG,airtime_topup,1097,0,0,11,191.6,20578.0,5,1,none,0
19299,-0.36604,0.413756,-0.844711,1.131765,1.951912,-1.634269,1.220972,-0.160777,2.583997,-0.251683,0.147844,1.78919,2.153898,0.843506,0.177516,-1.14275,0.959132,-0.962385,0.089047,-0.187747,0.941003,0.611719,-1.23456,-0.622753,1.18764,-0.465127,-0.103721,-1.240031,9.63,28843,web_desktop,web,AU->PH,bill_pay,876,0,0,17,123.2,999999.0,1,1,none,0
28942,0.364599,0.03009,-0.822229,-0.470018,0.798362,-1.557022,-0.794353,0.676014,0.492746,-0.072826,-1.431926,-1.005634,2.03454,-1.314083,0.743818,-0.731888,0.384503,-2.469074,-0.337303,0.575294,0.180036,0.555281,1.014035,1.890515,0.477053,-0.54922,-0.182872,-0.662436,29.4,14438,ios_app,app,US->GT,cash_pickup,790,0,0,11,239.8,999999.0,1,1,none,0
64229,0.689964,0.080849,1.05651,-0.384406,0.220593,0.024415,1.030268,-2.051784,-0.438762,-0.146658,-0.896956,-0.173578,1.758059,1.855819,-0.371794,1.575803,-1.145205,-1.023167,0.73596,-0.05286,0.349555,0.531755,-0.378387,0.217802,-0.903976,1.089959,-0.254891,1.433723,26.18,36179,ios_app,app,AU->PH,bill_pay,736,0,0,10,176.9,3094.0,3,2,none,0
111932,1.142613,0.383131,0.341251,-0.784377,-0.35315,-0.54057,-0.24755,-0.502645,0.510653,0.341019,0.390267,0.042289,1.755596,-1.796088,-0.327606,-1.307265,1.324784,0.574873,-0.058415,1.885083,0.275313,0.848234,-0.993316,-0.256186,-1.144467,0.53765,-2.185524,0.572229,21.13,26777,android_app,app,US->PH,airtime_topup,602,0,0,12,60.4,49064.0,4,1,none,0
88338,1.30688,0.055815,0.091427,-0.645335,0.34197,-1.315678,-0.20779,0.274846,-0.402242,0.418901,-0.133961,-1.142736,0.236029,1.651225,-0.075734,-0.566337,-1.076568,0.763536,0.602739,-1.458745,-1.505837,-1.015782,-0.076112,0.932794,-1.965414,0.76601,0.81617,2.369272,15.78,4320,ios_app,app,US->IN,p2p_transfer,1494,0,0,12,226.2,31395.0,2,1,none,0
29179,1.143155,-0.845744,0.970227,0.034812,1.923108,-0.820269,0.266505,-0.031044,-1.523605,-1.866659,0.980739,-0.720519,-1.361744,-0.645884,-1.126039,-1.3528,-0.545233,-0.355198,0.553048,0.579003,1.182476,1.627235,-0.976239,0.10697,-0.391026,1.612924,-0.325697,0.651893,44.75,9220,web_desktop,web,US->NG,p2p_transfer,1006,0,0,10,65.2,4467.0,3,1,none,0
133208,-0.838263,-0.393266,-0.239095,-0.772368,2.094509,0.571467,-1.079731,2.461716,0.127668,-0.085618,1.222704,-1.628502,-0.024645,0.28817,-1.856343,0.90704,-0.15857,0.375599,-0.988269,-0.462313,0.850035,0.088117,0.512569,0.303084,1.230265,0.1083,0.168354,0.781435,24.57,9516,ios_app,app,US->GT,p2p_transfer,149,0,0,10,114.9,34323.0,3,1,none,0
22878,-1.161626,1.044539,0.25645,0.479132,0.931768,1.814557,1.781468,-1.429794,0.02878,-0.152108,0.350176,-1.112883,-0.515912,-1.222349,-0.981786,-0.384812,0.820792,-1.701325,-0.457862,-0.413546,-2.397061,-1.083314,-0.202267,-0.427867,0.671434,-0.368072,0.334371,1.142386,20.13,37346,android_app,app,US->GT,p2p_transfer,1009,0,1,11,58.7,8248.0,2,1,none,0
127993,-0.765312,0.063848,-1.134673,-1.31205,0.075005,0.313276,1.278687,0.098613,0.070005,-0.117523,0.598568,-0.517144,-0.574731,0.557287,0.099882,-1.3619,0.324007,-0.801492,0.329884,0.330814,1.039318,0.827904,-0.032653,-0.781746,-0.390901,-0.504202,0.021812,1.077604,19.24,4059,web_desktop,web,US->PH,p2p_transfer,958,0,0,17,54.8,15406.0,4,1,none,0
143800,-0.307436,-0.04799,-0.561061,0.662212,0.936714,-0.089834,0.036162,-0.194467,-0.994076,0.03839,-0.562412,0.580651,1.524589,0.679902,-1.408273,-0.969535,0.624697,-0.67445,-0.073704,-1.551239,0.088874,0.473174,-1.834471,-0.341889,1.328829,0.26155,0.636729,1.013087,4.21,2035,ios_app,app,AU->PH,airtime_topup,736,0,0,9,72.1,48342.0,5,1,none,0
28001,-0.465626,-0.481109,-0.355014,0.088311,-0.798142,-0.281845,-0.02702,-0.831418,2.505779,-2.343082,-0.015097,0.043867,0.274657,1.898543,-0.204882,0.401846,-0.407121,0.82732,0.641002,1.787211,2.272049,-1.382002,-0.865206,-1.154274,-0.827331,-0.45719,-0.545699,0.402958,15.6,19406,ios_app,app,US->PH,p2p_transfer,210,0,0,8,7.4,6309.0,3,1,none,0
99090,-2.239058,-1.767381,-0.200999,0.065423,0.929877,-1.272837,-2.110121,0.369914,0.412199,0.716203,-0.418825,-0.741736,0.010818,0.477936,1.257303,-0.587579,-0.716811,-0.74504,-1.117724,1.196064,0.338231,-0.640508,2.393296,-0.522006,2.018626,-0.388614,-1.37044,-1.34376,23.91,32130,web_desktop,web,UK->NG,p2p_transfer,183,0,0,11,88.0,694.0,2,2,none,0
120364,-1.98439,-2.285659,1.335914,0.266877,0.413332,-1.254084,-0.328884,-1.52346,0.672733,2.230582,1.648242,-1.389124,-2.333863,-0.301602,-0.493053,-0.865674,0.792995,-0.492009,-0.110159,-0.053867,-0.159175,-1.863538,1.369446,0.723734,0.187078,2.670386,-0.072692,0.50509,2.75,16978,web_desktop,web,US->PH,p2p_transfer,967,0,0,11,95.4,29369.0,6,1,none,0
35009,2.115521,-0.377809,-0.867954,-0.102263,0.358291,-0.169485,-0.433383,-0.397896,-0.727603,-1.201728,-0.119102,2.108498,-1.718373,-0.915402,-0.18057,1.2632,-0.158989,-0.693412,-2.337081,0.14981,-0.320959,0.012642,-1.271291,-0.164639,0.530935,-0.155352,0.842389,-0.127361,22.12,29687,web_mobile,web,US->NG,cash_pickup,930,0,1,12,96.2,6455.0,3,1,none,0
131337,0.749861,-1.040903,-0.107125,1.191006,0.975096,-1.215509,0.032404,-0.838756,1.086888,-0.736037,-1.5706,-0.143108,0.232968,0.808225,0.110443,2.132826,0.172931,-0.202337,0.227114,0.545626,1.091041,1.499614,1.5698,-0.290026,-0.609881,-0.125684,0.668479,0.694809,18.83,37367,ios_app,app,US->GT,airtime_topup,648,0,0,9,111.0,28198.0,3,1,none,0
98351,-1.046035,-0.772289,1.276769,-0.311647,-1.582135,-0.681747,0.787941,1.567181,-0.195939,1.194271,1.147697,-2.014701,1.127623,0.163706,0.454595,-0.437295,-0.777576,-0.450191,-0.265238,-0.90892,0.326623,0.031461,2.880735,-0.086298,0.054382,-0.325884,-0.993515,-2.233737,24.56,28615,ios_app,app,US->MX,cash_pickup,729,0,0,5,128.3,9193.0,4,1,none,0
123624,-1.656544,-2.244958,0.48601,0.515324,1.273724,0.767869,-0.006265,0.274708,-0.316728,1.690732,1.250025,-0.321165,0.701964,-0.471968,0.252395,0.564168,-1.499983,0.228884,1.01469,1.807335,0.695105,0.496615,-0.878979,0.177667,0.252261,-3.335104,-1.175556,0.127409,59.3,26504,ios_app,app,US->NG,bill_pay,537,0,0,10,93.5,114483.0,2,1,none,0
167265,-1.483478,3.329458,-1.123862,-1.050253,0.461508,-1.084468,1.132531,-0.359675,0.604977,-0.324031,-2.149766,0.896214,-0.493669,-0.237578,-0.977691,1.216124,0.702288,-0.645949,-2.484249,0.740809,-1.151647,0.313925,0.770529,1.745602,-0.122109,0.489902,0.524312,-1.329963,21.54,17869,android_app,app,CA->IN,p2p_transfer,1417,0,0,9,191.1,21943.0,9,1,none,0
10663,0.114627,0.510415,-0.32795,1.392675,-0.116887,3.487348,-0.046474,0.608796,0.938274,0.963891,1.033476,1.718171,0.298743,-0.452259,-2.119453,0.493044,0.353787,-0.643757,0.4761,-2.225101,1.441718,-0.31231,0.067466,0.482714,-0.049957,0.495702,-0.721719,1.879648,52.11,46643,ios_app,app,US->GT,airtime_topup,1448,0,0,9,135.7,5215.0,2,1,none,0
11460,1.068346,-0.193791,-0.543792,0.758463,1.545231,-0.446435,1.31048,2.579849,-1.910702,-1.394353,0.902301,-1.230882,-0.740947,-0.021394,0.609713,-0.153397,-0.547462,-1.211532,0.912095,-1.275469,-0.419715,1.23025,-1.363764,-0.39195,1.449785,0.590632,-0.97582,-0.619465,17.52,46060,android_app,app,US->PH,p2p_transfer,578,0,0,13,39.9,999999.0,1,1,none,0
148796,-0.717545,0.192224,0.622125,0.330616,-0.153185,-0.090631,-0.863982,-0.163254,1.338711,0.52584,0.274764,0.503842,-0.48108,0.772296,-0.892166,-0.402381,-0.434979,-1.461301,-1.465277,1.35324,1.613132,0.194683,-0.081481,-0.191972,-0.089112,0.316667,-1.041684,1.250028,28.05,23505,ios_app,app,US->MX,p2p_transfer,656,0,0,11,104.4,20087.0,7,1,none,0
155169,0.048061,-0.723129,-2.025817,0.044733,-0.658022,0.664316,1.53056,-0.685411,0.202502,0.995505,1.971059,-0.435008,1.024001,1.374366,1.06998,0.710541,0.163313,-0.088881,1.450453,-1.101352,-1.701418,-0.292168,-1.644116,-0.331134,0.221651,-0.112273,1.771324,-0.517893,10.44,7105,web_mobile,web,US->GT,cash_pickup,946,0,0,9,8.8,12397.0,7,1,none,0
66105,-1.067422,-0.225947,-0.862377,-0.465884,-2.437028,0.56068,-1.353406,1.757857,-1.197398,0.662526,2.198996,0.450386,0.110986,-1.591089,1.505063,0.021916,-0.556907,-0.432633,-1.332983,1.70274,-1.057346,0.957204,-0.938843,2.731489,2.268234,1.925629,0.983195,-0.239209,20.4,25457,web_mobile,web,US->IN,p2p_transfer,300,0,1,6,31.2,1231.0,4,2,none,0
62350,0.547483,-1.749208,-0.16267,0.604576,0.382349,0.226236,-0.244583,0.301229,0.391122,2.229477,0.008052,2.381392,-1.813903,-0.989172,-0.795133,1.130133,-0.39339,0.193628,-0.83781,0.032767,-1.355033,-0.778081,-0.013491,2.833251,-0.878799,1.332608,-1.84539,-0.244979,972.16,11411,web_mobile,web,US->NG,cash_pickup,137,0,0,3,158.6,7143.0,3,1,none,0
71461,-0.227857,-1.387013,-1.146578,0.668751,-0.114014,-0.292998,-0.878969,-0.619302,0.643763,-1.034435,0.877521,1.118809,-0.813415,-0.106695,-1.044621,-1.90326,-0.330034,-0.398695,0.959616,-0.701221,0.361338,0.740628,0.38329,0.032213,0.277127,0.41215,-0.105864,1.477318,14.75,2629,ios_app,app,US->PH,airtime_topup,1422,0,1,9,125.9,16448.0,6,1,none,0
83385,-1.008213,-2.655461,1.180701,0.690433,0.438682,0.083228,2.356973,-1.187343,-0.482243,0.242813,0.120129,0.807452,-1.207684,-2.369852,-0.921542,0.407589,-0.319358,1.012149,-0.324143,-1.417242,-1.541583,-1.806732,0.558066,-0.190393,-1.349363,-0.70824,0.981702,0.894366,28.93,31355,web_mobile,web,US->IN,p2p_transfer,870,0,0,9,153.6,14312.0,3,1,none,0
111072,1.138146,-2.198195,0.218941,0.727332,1.868038,2.732936,0.912427,-1.423232,2.597961,-1.214498,-1.924696,0.497722,2.357527,-1.083574,-0.719839,0.016643,-1.276466,0.598608,-1.729175,0.81576,1.932469,0.277245,0.440928,0.287944,-1.063247,-0.732125,-1.823453,0.666128,54.93,30359,ios_app,app,US->NG,p2p_transfer,554,1,0,12,49.0,13776.0,3,1,none,0
99256,-0.829793,0.302054,-0.720009,0.616592,0.772209,0.227481,0.903207,0.246652,-0.263419,0.29136,0.377129,0.356561,0.334394,2.38701,-0.452189,-1.377472,-1.081218,-2.381992,-1.637184,-0.486266,0.132446,1.594003,-2.881266,-0.210609,0.313563,-1.068788,0.484932,1.27985,4.75,34922,web_desktop,web,US->PH,p2p_transfer,578,0,0,9,152.7,44350.0,4,1,none,0
111385,1.690787,0.559593,-1.805684,-1.395488,-0.350985,0.579899,-0.032947,-0.314334,-3.229561,-0.336725,0.920554,-1.162698,-0.018641,-0.341814,-0.827819,-0.229089,2.9735,-1.773476,1.497126,-0.677032,0.466425,0.621465,-0.914466,0.307463,0.28825,0.510067,0.316854,0.601012,82.44,37754,android_app,app,US->PH,bank_deposit,558,0,0,6,105.5,11818.0,4,1,none,0
101192,-0.19365,1.829431,-1.868652,-1.061295,-1.251854,0.373411,0.349969,-1.354133,-0.28846,-0.966191,-1.175668,-1.442273,-0.82396,-0.533398,-1.056198,0.15641,-0.536271,-0.13649,-0.327813,-0.753889,0.038452,-0.923451,0.161685,0.363543,-0.983886,1.286646,-1.873084,-1.947593,12.12,46538,web_desktop,web,US->GT,bill_pay,811,0,0,9,67.1,47821.0,5,1,none,0
10246,-0.599391,-0.210084,0.485848,-0.648492,-1.412457,-0.039166,-0.48346,0.323243,1.016081,-0.957424,-0.116455,0.68399,-1.349564,-0.487239,0.167294,0.097865,-1.296662,0.333091,0.954772,0.372903,0.191392,0.323445,-0.677571,0.809314,-1.493346,0.663179,-0.441657,-0.52917,23.44,1824,web_mobile,web,AU->PH,bill_pay,1180,1,0,12,123.8,999999.0,1,1,none,0
55375,-0.29427,1.524712,0.401782,-0.545265,0.348186,-1.155735,1.059763,-0.807775,-0.789144,0.18754,1.564841,0.306398,0.54784,0.074389,1.158746,-0.297277,2.1179,-1.510176,1.152984,2.115313,0.762153,-0.374183,-0.499055,0.436356,-0.543194,0.022241,0.283876,2.495421,20.01,2187,web_mobile,web,US->IN,p2p_transfer,870,0,0,11,213.7,13612.0,2,1,none,0
20736,0.465755,-1.858626,-0.703762,1.353368,0.824224,-0.784618,1.379924,-1.265774,-0.774403,-0.467199,0.121391,-1.068408,-1.561553,0.575619,1.629535,-0.177195,0.008303,-0.879183,-0.762853,0.198317,-0.697297,-2.125154,0.392822,-0.974508,-1.272021,-0.350925,0.075855,1.430707,62.91,3768,web_desktop,web,US->NG,p2p_transfer,758,0,0,9,95.6,999999.0,1,1,none,0
111376,-0.975381,-2.569693,0.540418,0.890314,-0.675242,-1.958941,-1.592298,1.408246,-0.717241,-0.741554,-0.072596,-2.542439,-0.254781,1.383158,-0.016443,2.212198,-0.118651,2.085662,0.627666,1.713905,-0.573698,0.036736,0.414981,0.722493,0.181401,-0.722594,0.822425,0.936852,36.54,19117,android_app,app,US->GT,bill_pay,1333,1,0,16,42.0,8671.0,5,1,none,0
105138,-1.717297,1.08893,-1.68602,-0.644476,0.484422,-1.124257,-0.987011,-1.512724,1.566928,0.836519,2.079491,1.009269,0.983083,2.50612,0.327039,-0.789797,0.256626,-0.611442,1.376611,-0.398748,0.06377,1.152979,-0.016501,0.156948,-0.120689,0.774985,-0.391418,-0.157774,32.67,22012,web_desktop,web,UK->NG,airtime_topup,877,0,0,11,57.7,39955.0,4,1,none,0
4944,-1.130356,1.340016,-0.894235,-1.611222,-0.746021,-0.928399,1.544959,-2.904747,-1.565248,1.538063,0.287281,0.313498,0.168814,0.011998,-1.341047,-0.570849,1.2599,-0.533434,-1.755336,-0.676004,-0.854301,-1.548321,-0.586527,-0.393423,-0.05665,-1.115768,0.535256,0.691709,36.3,20281,android_app,app,US->PH,bank_deposit,1066,0,1,5,24.1,999999.0,1,1,none,0
61265,1.297185,0.002916,-1.839371,-1.861174,0.862121,-0.24217,-0.001723,0.893166,-1.274586,-0.121257,0.228568,0.440407,1.122458,1.995375,1.325839,-0.462867,-1.451632,0.280886,-0.605853,1.103433,-0.365997,0.161218,0.449674,0.50946,-1.701508,-0.264916,0.727965,-0.200581,24.05,44348,web_desktop,web,US->MX,p2p_transfer,694,0,0,10,23.9,999999.0,1,1,none,0
73910,0.477443,-0.198507,-0.045961,0.115941,-1.260068,0.02412,1.309927,-0.101009,0.427879,1.516325,-0.198051,-1.231194,-0.566685,-1.978155,1.404786,1.750246,0.449324,-0.646737,-0.560008,1.61097,1.738145,-0.018541,0.588816,0.676692,-1.263239,-1.460354,0.949708,-0.84444,41.58,5571,web_desktop,web,US->IN,cash_pickup,1494,0,0,12,131.4,39998.0,3,1,none,0
135387,-0.626718,0.074288,-1.833282,0.103694,-0.619936,-0.174155,2.109498,-0.380665,-0.870803,-2.741332,0.09429,-2.743359,0.118247,-0.294961,0.875378,-0.938775,0.250822,-0.823631,0.313715,0.545047,0.768054,-1.073573,0.409887,0.214985,0.7459,-1.04064,1.200879,0.04532,58.3,8265,ios_app,app,US->PH,cash_pickup,707,0,0,7,61.0,37123.0,3,1,none,0
45152,-0.377271,-0.329499,0.256294,-0.299875,-0.555414,-0.552631,-1.04969,1.241805,0.021499,0.947017,1.177175,0.415406,-1.506431,-0.78547,-0.344906,-0.414422,0.527283,0.464468,-0.297195,-0.714187,0.626905,0.622603,0.089644,-0.277923,0.515691,-0.065874,2.140383,-0.131198,24.72,18638,web_desktop,web,US->NG,airtime_topup,1055,0,0,7,30.7,44809.0,2,1,none,0
5303,-0.242564,1.011132,0.565617,-0.16704,1.166669,-0.552948,0.066112,1.575241,-0.451989,0.92328,1.139011,-0.043129,-0.308964,0.651875,-0.994513,-0.60833,-0.307616,0.632403,-0.300997,0.384678,1.752443,-0.527862,1.036708,0.034527,1.306094,0.406973,1.740921,1.1948,3.32,41338,ios_app,app,US->PH,airtime_topup,56,0,0,9,146.6,3850.0,2,1,none,0
134054,-0.257002,1.252047,0.026672,-0.711564,-1.213824,0.213834,-0.048372,0.255541,0.100548,-0.450155,-0.026479,0.365585,0.214105,-1.414756,0.461679,-1.736312,0.585259,0.370725,-3.437922,-1.594742,-0.800299,0.077873,-0.347434,-0.927819,-1.521464,0.299553,-0.28395,-0.940103,52.66,38806,android_app,app,US->MX,bill_pay,1280,0,0,11,74.6,4646.0,4,1,none,0
42834,-1.632564,-0.468973,-0.926843,-1.351939,-0.000515,-2.223798,0.437203,0.836219,-1.549318,0.347538,0.344454,-0.661327,-0.86249,2.055359,0.911557,-0.962655,0.1026,-1.005902,-0.293966,0.409933,-1.306647,0.327865,-0.113175,-0.456154,-2.53215,0.35818,-0.429894,0.561349,26.58,24316,ios_app,app,UK->NG,p2p_transfer,669,0,0,9,56.5,40655.0,2,1,none,0
29598,1.138301,-1.247492,-1.010627,1.966785,1.928085,0.64021,-1.304907,-1.695567,-0.166188,0.173867,0.448833,1.110651,-0.0137,-1.231749,-1.188106,0.732496,1.230393,2.441733,-1.810332,-0.988554,-0.859909,1.719611,-0.800392,-0.709269,-1.01636,1.386209,-0.20721,0.918364,27.75,20150,web_desktop,app,AU->PH,p2p_transfer,506,1,0,9,462.6,25376.0,2,1,none,0
99432,1.650704,0.339288,2.83327,0.745587,-1.420251,-0.174823,-0.936074,1.112727,1.413602,0.425583,-0.478783,0.79968,-0.180772,0.749312,0.956574,0.5211,0.01575,0.162373,-1.302457,0.228186,-1.557487,0.240434,0.484404,-1.046433,0.851701,0.362921,-1.043094,1.089627,26.34,2441,web_mobile,web,AU->PH,p2p_transfer,1229,0,0,12,82.1,419.0,2,2,none,0
109920,-1.178138,0.342455,1.134561,1.301692,-0.381266,-1.777398,0.502312,-0.001429,-1.489223,1.3082,1.417982,0.466313,0.413038,-0.961849,0.894805,0.450585,-2.131108,0.020586,-0.008562,-2.820898,-0.553653,-2.957547,-0.018128,-0.00775,0.328387,0.423265,-0.900756,0.447087,10.89,7427,web_mobile,web,US->IN,cash_pickup,45,0,0,12,124.6,34826.0,8,1,none,0
80710,-0.338042,-0.91837,0.080306,-1.289877,0.541271,-1.12562,0.679112,-0.239606,-0.743403,0.091306,-0.487551,-0.862605,-0.330249,-1.638343,-0.256077,-0.795495,0.565881,1.284198,-0.335475,-0.051568,-0.517604,-0.131461,1.536009,-0.430359,0.100902,2.286684,-1.199896,-0.585204,38.1,7953,android_app,app,US->MX,bill_pay,1399,0,0,11,85.1,5199.0,5,1,none,0
144772,1.245614,1.180782,-2.11847,-0.705687,-1.161858,1.626662,-0.59015,-1.126353,2.370715,-1.938337,0.785944,1.421463,0.766242,-0.827381,1.23853,-1.260759,-0.510186,0.346888,0.619784,1.294088,-0.009955,0.111226,0.090351,0.961494,0.192547,-1.630037,1.041333,1.627416,21.85,23347,android_app,app,US->IN,airtime_topup,511,0,0,14,127.7,14594.0,8,1,none,0
101128,0.669723,0.772096,-0.48296,0.737463,-0.22184,0.861295,1.813125,0.153033,-0.932126,-0.704717,1.325593,-1.555132,0.395979,0.766979,1.269417,0.903818,0.15526,0.499952,0.80345,0.029226,0.806088,2.315423,0.016114,1.348249,1.024474,-0.534994,-0.304713,-1.339669,18.82,40022,web_desktop,web,AU->PH,bill_pay,297,0,0,9,23.6,14977.0,5,1,none,0
90444,1.180878,-0.253811,-2.637199,-1.836546,1.544193,-1.559109,0.215264,1.203384,-1.253245,0.123265,-0.249482,0.877619,2.657699,-1.155787,1.636871,1.380823,0.807706,-0.568565,-0.345765,0.014675,-1.501283,-0.282028,0.294495,-0.933236,-0.380398,-0.443913,-0.315411,2.069265,53.58,42602,web_mobile,web,US->GT,p2p_transfer,1052,0,0,9,15.3,4021.0,2,1,none,0
60151,-0.726406,0.452709,0.617777,-0.905964,0.651353,-1.339458,-0.123872,-1.041242,-0.553251,-1.686277,-0.79786,1.167168,-1.015097,0.067842,1.365344,-1.202984,-0.965176,1.725496,-1.536298,0.23776,0.424936,0.242382,-0.056176,0.051806,-2.257695,0.884608,1.347242,0.575631,29.43,1158,android_app,app,UK->NG,p2p_transfer,939,0,0,4,76.2,7948.0,4,1,none,0
94072,0.36305,0.816206,-0.201309,1.654058,1.231152,-0.118068,1.493154,0.267165,-1.078829,-0.227037,0.258115,-0.139395,0.139576,0.104179,-1.928838,-0.23444,-0.728524,-0.022469,-0.682774,0.032616,-0.506148,0.263418,1.146579,0.455762,1.179986,-0.505056,0.668484,1.004947,14.25,19550,web_mobile,web,US->PH,bank_deposit,1333,0,0,10,29.5,15216.0,2,1,none,0
132304,0.911034,0.744973,1.60181,-0.22109,-0.065423,-1.743674,-0.253875,1.595355,-0.063586,0.334746,0.851432,0.587639,0.485939,0.035324,0.134608,-0.072365,1.041469,0.122221,0.253804,-0.780853,1.949804,1.409444,-2.269619,0.933289,-1.59896,1.14348,-0.954984,0.008355,78.01,27196,ios_app,app,US->MX,bill_pay,998,0,0,12,147.5,8923.0,3,1,none,0
22533,-0.585485,0.983052,-0.050967,-1.24152,-0.656511,-0.053828,0.169429,0.015988,0.292542,-0.21253,0.156305,0.407554,0.366904,-0.39094,-1.127443,-0.865503,-0.661297,0.806794,-0.582486,1.178769,1.195395,-1.412096,-2.045404,1.193039,0.909327,1.198457,-0.590343,0.231731,16.44,2764,web_desktop,web,US->MX,p2p_transfer,791,0,0,13,131.5,5943.0,4,1,none,0
36843,-2.396083,-0.46627,2.493365,-1.202172,0.361937,-0.298281,-1.122529,0.57944,0.532888,-0.231019,0.754174,-0.568559,-0.566612,-0.917589,0.092044,0.549856,-2.236319,0.641986,-1.403383,1.944951,-0.431353,0.482128,0.397878,-2.328998,0.804905,1.336234,-1.25531,-1.20859,10.3,27979,ios_app,app,US->IN,p2p_transfer,1420,0,0,8,46.9,999999.0,1,1,none,0
82909,-1.23503,0.215328,0.299863,0.955465,-0.76205,-0.488902,-0.860969,0.552941,0.827359,1.814692,-0.563338,0.241952,0.075797,-0.599832,0.333083,-0.63142,1.264338,1.097972,0.185075,-0.478126,-1.25145,-1.060663,1.080571,0.012036,-1.036429,-0.342837,2.213283,0.762394,19.95,27775,android_app,app,UK->NG,airtime_topup,76,0,0,13,68.9,21143.0,4,1,none,0
34240,1.389839,0.025403,0.801231,1.125325,1.044803,-0.570461,0.789492,0.917643,0.618388,-0.784793,0.081056,1.171365,0.219226,-0.235835,1.691518,-2.073733,1.343973,-1.309179,-1.088458,-0.455058,-0.201645,0.755653,0.051468,0.914187,-0.676674,1.178068,-0.216195,1.275666,16.53,34742,android_app,app,US->NG,airtime_topup,1213,0,0,12,85.4,14347.0,2,1,none,0
26159,-0.217682,-0.369454,0.674978,-0.662122,-0.320997,0.550864,1.110634,1.593135,-0.039942,0.789987,0.606407,0.409259,-0.409317,0.212558,-0.219232,-1.291503,0.379094,0.13579,1.118718,-0.655357,-0.297386,0.995506,-0.369415,0.28659,-0.659081,1.696262,-2.410092,-0.023507,10.13,36937,android_app,app,US->PH,bill_pay,130,0,0,9,54.9,6545.0,2,1,none,0
94102,-1.105919,0.479399,0.04349,-1.259811,1.309941,-1.26661,0.593457,0.838322,1.930796,1.752322,0.127231,-0.019307,0.37978,0.578694,-2.062995,-0.551933,-0.346004,-0.901733,0.257477,-0.606114,-0.608345,0.313192,0.853409,1.080349,-0.810688,0.509583,-0.196995,1.603759,15.11,21180,web_desktop,web,CA->IN,airtime_topup,267,0,0,14,179.5,35721.0,2,1,none,0
24234,0.523832,0.350998,-1.040631,0.063958,-0.15233,-0.463187,-0.320011,0.257307,0.793691,-0.012339,-0.622346,2.608951,0.360469,0.786422,-0.021023,-3.279025,1.823331,0.135802,1.132351,0.321815,-0.524177,-1.185404,-0.238978,0.937059,-1.407793,-0.844518,-0.702801,0.039595,32.54,44194,android_app,app,AU->PH,p2p_transfer,610,0,1,7,106.6,999999.0,1,1,none,0
122974,0.484087,-0.857533,-0.623742,-1.875951,-0.431105,-1.094592,-0.771547,0.028054,-0.135973,-1.823231,-1.001402,-1.144456,-0.225378,1.38964,0.481454,0.571516,0.695307,-3.108066,0.040426,0.701904,-0.755499,1.079324,0.503536,-0.67369,-0.619415,-0.539531,-0.503817,-0.256551,51.08,20803,web_desktop,web,US->MX,p2p_transfer,843,0,0,8,99.2,2670.0,5,2,none,0
54093,-0.017769,-0.734961,-2.215864,0.555638,0.599964,-0.725855,-0.599604,-0.136887,-1.170888,1.308729,-0.366996,-0.298944,0.765552,-0.567075,0.510121,1.336418,1.210167,0.051183,-0.176205,1.236914,-0.237701,0.253829,0.415766,0.249743,-1.467549,0.230888,-0.92182,-1.013272,919.45,40934,ios_app,app,AU->PH,p2p_transfer,212,0,0,12,74.3,34173.0,4,1,none,0
58021,-0.972154,-0.613355,-0.933844,-1.190843,0.339025,0.372577,0.51961,-1.912756,-0.052612,0.433811,1.245379,0.822004,0.237373,0.567928,0.224285,-0.529189,0.238209,-0.636431,1.220005,1.46832,0.315476,0.939287,-0.803962,0.397939,1.613637,-0.35446,0.446507,-1.578665,33.47,5783,android_app,web,UK->NG,bank_deposit,65,1,0,8,65.4,41770.0,2,1,none,0
4244,2.422022,0.230816,-0.108023,-0.302422,-2.48426,0.330594,-0.07682,-0.652,0.435224,2.077512,0.449858,-0.399894,-1.996258,0.43859,0.325404,0.660435,0.404551,-2.088965,-0.397385,-0.51132,-0.386646,0.05258,-1.161107,-1.874101,1.866628,-0.530973,1.018271,0.755239,82.75,44109,android_app,app,US->GT,bank_deposit,911,0,0,6,88.2,999999.0,1,1,none,0
117909,0.71466,0.252227,-0.676263,1.134343,0.114735,0.527842,-2.036008,-0.356403,-1.194903,-1.047996,-0.345493,0.920333,0.793041,0.14687,-0.002561,-1.004474,0.646631,-0.005824,0.881688,-1.339987,0.073455,0.571107,-0.722425,0.961858,-1.336272,0.631455,1.346769,0.115263,12.92,25716,android_app,app,AU->PH,cash_pickup,122,0,0,8,20.4,29805.0,8,1,none,0
126561,0.455756,2.614895,1.579405,-1.254509,-0.960689,-0.383678,0.674998,-0.234917,0.014468,1.070407,0.176042,0.121403,1.857434,0.068455,0.090738,1.007182,0.457789,1.03634,0.059706,0.74495,-0.078414,-0.013142,-1.579889,-1.846977,0.810466,-0.062899,1.31694,2.214686,238.7,12484,ios_app,app,UK->NG,bank_deposit,416,0,0,6,21.4,2590.0,5,2,none,0
133997,-1.424435,-0.438198,2.220204,-0.45171,0.608213,-1.150511,-1.36903,0.283333,-1.632861,0.712239,0.24776,-0.969879,1.441294,0.817462,0.240157,0.008106,1.195297,1.272658,-0.313019,-1.76681,-0.258269,-0.454272,1.944812,-0.242615,-0.792162,0.379603,0.359332,-1.266771,6.03,10071,android_app,app,US->IN,p2p_transfer,302,0,0,3,158.0,13263.0,4,1,none,0
87760,-1.132754,-1.096978,-0.753577,1.441587,0.156239,0.270277,0.350486,1.355942,-0.368796,-0.161823,1.266472,2.741364,0.918844,0.673606,-1.077197,0.30039,-0.178312,-0.264576,0.194209,0.571244,-0.837655,0.985549,-0.215787,-1.037445,0.368769,0.346739,-0.193662,-0.326566,16.77,45947,ios_app,app,UK->NG,bill_pay,493,0,0,9,24.0,12616.0,6,1,none,0
100864,-0.717616,0.796556,0.559441,0.245751,1.806373,0.093276,1.092655,-1.228519,-0.702318,-0.096072,1.295908,0.327481,0.945146,0.055337,1.17845,-1.221016,1.291346,-2.002184,-0.049743,-1.403317,2.596359,0.440058,-0.109235,0.132038,-2.769641,0.028643,0.08386,0.057787,138.75,27818,web_mobile,web,US->NG,p2p_transfer,1348,0,0,8,177.3,23064.0,2,1,none,0
153904,-1.481319,-0.246893,-0.053774,1.801285,0.522167,0.517579,-0.344212,0.122327,0.126669,0.562163,-0.457582,-1.919082,-1.065304,1.298176,0.880874,0.545206,-1.07962,-1.773837,-0.327588,0.752496,0.710303,-1.868388,-0.981419,0.649392,-0.636256,0.128176,0.699591,1.074653,31.22,34570,android_app,app,US->PH,p2p_transfer,1255,0,0,8,97.7,31929.0,6,1,none,0
61299,0.705654,0.370529,1.798867,0.916974,1.486075,-0.471113,-1.358289,1.186566,-0.177908,0.475264,-0.229899,1.461738,0.633316,-0.6904,0.045926,-0.999608,0.034546,-0.417135,1.333494,-1.263414,1.203288,-0.368089,0.623734,-0.755332,-1.56772,2.904168,0.239854,0.658337,28.76,30934,web_desktop,web,US->NG,p2p_transfer,352,0,0,13,105.3,11715.0,6,1,none,0
114242,-1.509528,1.888045,0.959831,-1.52121,0.507674,1.16982,1.716344,2.021274,0.880377,-0.092446,-1.902826,0.58986,-0.452751,1.209086,-1.955439,-0.114362,-1.454819,-1.086851,1.713821,0.472975,-1.522067,-0.669001,-1.27453,-0.193142,1.156151,-0.61163,-0.431372,-1.387214,14.47,9351,android_app,app,US->MX,bank_deposit,1068,0,0,14,184.4,29706.0,5,1,none,0
167800,1.097971,-1.597388,0.37012,-0.505824,0.102611,1.47588,-3.13877,-0.445332,0.24885,-0.558548,0.652032,-0.539093,0.799747,-0.890229,1.099598,1.644953,1.258345,0.693958,2.059037,-1.796571,-1.221758,0.085472,0.525833,-1.46883,0.232625,-1.240701,-0.867436,-1.63574,20.81,5583,ios_app,app,US->IN,p2p_transfer,606,0,0,14,101.1,20381.0,8,1,none,0
62750,1.33772,-1.000203,2.279557,-1.110121,-0.197663,0.150883,0.539694,0.729637,0.600491,1.165831,0.190793,-1.293593,0.8344,0.418681,-2.6508,0.386296,-0.421085,-0.771666,-1.666873,0.230756,-0.606064,-1.162365,-0.97468,-0.156493,-0.392397,-2.154567,-0.317132,-0.811787,83.84,5259,ios_app,app,US->GT,p2p_transfer,949,0,0,15,163.5,2526.0,5,2,none,0
63811,0.495401,0.335712,-0.60201,0.749543,-0.931303,-0.267508,-0.221754,-0.830219,-1.097873,-1.704207,0.373756,0.282238,-2.471221,-0.321476,0.704029,1.242881,0.58026,-0.082789,0.759038,-0.94445,-0.540836,-0.949724,-0.042385,1.196488,-1.868597,-0.259346,-0.589231,0.800045,41.6,24005,ios_app,app,US->MX,airtime_topup,929,0,0,8,58.1,26546.0,6,1,none,0
87137,-0.457305,0.126269,-1.021209,-1.065476,1.603212,2.331831,1.498788,0.031418,0.249697,0.034455,0.057431,0.464796,1.934508,0.761362,-1.703336,-0.672744,1.437136,0.471453,-0.137124,0.73116,-0.940977,-1.658475,-1.05854,0.037965,0.961705,-1.159986,0.089661,0.970891,26.09,7706,ios_app,app,US->IN,airtime_topup,954,0,0,8,56.0,13047.0,6,1,none,0
93905,0.081247,-1.908965,1.278033,1.467223,0.359944,0.835631,-1.801285,-0.638562,-0.032004,-1.287828,-0.886028,1.172347,0.497317,-0.494693,1.136392,-0.38981,-0.615184,-1.550123,0.585457,-1.028894,1.337772,0.679954,0.5981,0.411625,0.540566,-0.53299,1.34366,0.192208,10.9,8945,ios_app,app,US->PH,bill_pay,278,0,0,11,226.7,52463.0,3,1,none,0
2104,1.680702,-2.38734,-0.777601,0.813449,-0.453507,0.875181,0.124165,-0.968571,0.060204,-1.014079,0.547476,-0.02989,0.577943,-0.700109,-0.850046,1.122088,0.27812,-0.770511,-0.678408,0.682232,-2.287419,-0.639421,-0.104022,-0.422846,-0.036942,-1.082746,-0.97379,0.676127,38.97,418,android_app,app,US->GT,airtime_topup,607,0,0,7,158.9,999999.0,1,1,none,0
166653,-0.739864,0.599471,0.350592,0.883709,0.21493,0.143143,2.212029,0.509123,-0.74483,1.03554,0.600715,-0.250137,0.786701,1.821109,0.502671,-0.170241,1.299392,0.603145,0.845107,-0.909366,1.696143,0.608654,-0.267384,0.611978,1.07526,0.298532,-0.58106,-0.299392,23.59,4897,web_mobile,web,US->PH,airtime_topup,607,0,0,18,61.9,37666.0,10,1,none,0
163077,0.282931,1.300117,0.623429,-1.031431,3.091445,0.489008,-0.566186,1.041088,0.113434,-1.040523,-0.301317,-0.729752,-0.401202,-0.58835,-0.011435,1.54069,-0.131037,0.480669,1.131856,0.704121,-0.020442,-1.490978,1.08557,-0.869248,0.067489,0.001913,-0.336147,-0.994825,12.43,17975,ios_app,app,US->IN,bill_pay,441,0,0,12,244.1,68736.0,5,1,none,0
55661,-0.706621,0.601596,1.659315,-0.56021,-0.265244,-0.060078,-0.221535,-0.764673,-1.311846,1.052322,-0.53367,0.104607,0.658009,-0.901824,0.795065,0.719617,0.27321,-0.987542,1.015954,0.911407,0.281765,0.343494,-0.311557,-0.481049,0.46912,-0.457656,-1.611852,-1.186197,52.56,39974,web_desktop,web,US->MX,cash_pickup,1209,0,0,9,131.2,12668.0,5,1,none,0
128988,1.479695,0.857783,-1.049744,-1.195182,0.556755,-0.193757,-1.47147,-0.242405,-1.735276,-1.068578,-0.423593,-1.216896,0.68892,1.415047,1.017282,1.912757,0.766943,-0.0965,-0.209815,0.375557,-1.039054,-1.380857,-1.467701,0.113147,0.287822,1.793119,0.571271,0.446868,8.98,22557,web_desktop,web,US->PH,airtime_topup,808,0,0,10,124.5,38505.0,4,1,none,0
133567,0.289691,-0.109967,-0.565363,-0.222551,0.911477,0.907593,-1.020876,-0.968229,0.655071,1.762127,-0.091034,-0.443888,0.243853,-2.044915,0.230321,0.248057,1.238194,1.096424,0.158742,-0.237897,0.944755,-0.669371,-1.632065,0.170363,0.209467,0.414901,0.732867,-0.018753,29.56,42421,ios_app,app,US->MX,airtime_topup,1203,0,0,8,100.6,22527.0,4,1,none,0
145181,-0.814739,-2.360782,0.512101,0.413029,-1.173055,0.658328,-1.724773,-1.394683,2.255671,0.640928,-1.340294,0.720999,-0.237883,0.886138,0.426065,-0.046638,-0.775544,0.299639,-0.959215,1.233014,1.01728,0.669326,-0.153739,0.38796,-0.325316,-0.756178,1.497471,-0.220887,11.56,24754,web_desktop,web,AU->PH,bank_deposit,1047,0,0,11,143.7,11134.0,9,1,none,0
151705,0.199382,1.329235,0.563548,-0.63991,0.310347,-0.260815,0.067364,0.140484,-0.112048,0.667356,0.447671,-1.537306,1.409937,-0.431533,-0.088982,0.978731,1.113274,1.993273,1.49403,0.021327,-1.588226,1.332212,-0.105576,-1.050675,0.762043,-1.345045,-1.189143,0.757837,38.95,4999,web_desktop,web,US->PH,p2p_transfer,718,0,0,8,120.2,445.0,10,3,none,0
89579,-0.288918,-0.46149,1.589445,0.128539,-2.188806,0.075969,1.579485,1.615194,1.807859,-0.906509,1.02239,0.847256,0.201837,1.988466,-0.502131,-1.558424,-2.109194,-1.130627,0.562056,0.483268,1.664395,0.665751,-2.358329,-0.917585,-0.350685,-0.343441,-0.436503,-0.027862,13.29,5871,web_desktop,web,AU->PH,p2p_transfer,793,0,1,5,105.7,1573.0,3,2,none,0
47323,-0.677407,1.015204,-1.034099,-0.140236,-0.08017,-2.683712,-1.684137,-1.237022,-0.769686,-0.73599,-0.049812,1.478701,0.389305,0.161476,-0.340572,1.388195,0.286533,-1.536236,0.822848,-0.290634,-0.480917,-1.355198,0.394542,-0.727486,2.167273,0.510239,-0.139712,1.474925,26.68,26499,web_desktop,web,US->NG,p2p_transfer,1086,0,0,13,62.4,16125.0,3,1,none,0
93091,-1.39883,-0.251044,2.257137,-0.81864,-0.349315,0.810962,0.779423,0.755433,-0.126959,1.244666,-0.323081,1.681905,-0.724397,-0.446267,-1.065833,0.466241,0.009832,2.077002,-0.953954,0.960591,-0.576751,2.055713,-0.934211,0.025217,0.022834,0.107268,-0.029864,-0.580568,17.17,15255,web_mobile,web,AU->PH,p2p_transfer,259,0,0,13,81.4,9411.0,4,1,none,0
3971,-1.241541,0.676653,-0.726106,-1.168627,-0.308752,-0.744857,-0.258709,0.680707,0.198546,1.467631,0.449584,1.248127,-2.365547,-0.584917,0.495245,-2.137313,0.492454,1.967804,-1.242912,1.122839,0.037346,0.322872,-0.226133,1.386293,0.67116,0.577477,0.031367,1.173068,27.38,23749,ios_app,app,US->MX,bill_pay,1167,0,0,12,63.0,999999.0,1,1,none,0
146906,-2.246522,0.475791,-1.100963,0.58396,-1.144834,-1.181997,0.458877,-0.473421,-1.263699,0.207903,0.961621,1.345903,0.6072,0.619952,0.339135,0.070281,-0.83814,1.732061,-0.584494,0.470519,0.518991,0.043941,-0.859406,0.712239,-0.338403,-1.735043,1.029153,1.085037,29.32,9653,web_mobile,web,US->PH,bank_deposit,1405,0,0,6,13.5,9973.0,7,1,none,0
80237,-0.198295,1.771617,-0.317153,0.589055,1.150781,-1.217573,1.10765,-2.014056,2.174163,0.386459,-0.594473,-0.005742,-0.262367,-0.726398,-0.674744,0.994755,0.642146,-0.801019,0.521378,-1.175274,0.151495,-1.439204,0.019276,-0.039254,-0.833474,-0.161249,1.589683,-1.722435,20.45,44000,android_app,web,US->GT,p2p_transfer,946,1,0,10,40.6,2819.0,3,2,none,0
74552,-0.426761,0.609025,1.425946,1.367748,0.393926,-0.956554,0.722427,0.929868,1.272643,1.740218,-0.724719,1.191855,0.506691,0.705542,1.797466,0.226698,1.263585,0.044748,1.792357,2.02687,-0.533418,-0.840041,0.235516,-0.661079,0.354539,0.899599,-0.247367,0.570577,28.39,39655,android_app,app,US->NG,p2p_transfer,486,0,0,12,51.2,9631.0,7,1,none,0
103971,-0.263495,-2.054304,-0.412979,0.675988,1.93892,0.437708,-0.5011,-0.440163,-0.826507,0.178421,0.759553,-1.458681,0.826055,-0.981873,2.033343,-0.669668,0.974198,0.059158,0.066242,-0.728512,-1.229784,-3.408989,0.342029,1.30047,-0.823033,1.082668,1.452326,0.749606,31.33,27773,android_app,app,US->MX,bill_pay,1265,0,0,10,163.0,7162.0,6,1,none,0
154195,1.165616,-0.063171,0.771208,0.147389,0.295896,-0.150685,0.439689,-1.983308,1.057688,-1.630719,-0.92466,-1.404333,-0.782254,-0.378823,0.832975,1.625001,0.441867,-0.39665,-0.903276,1.079659,0.563449,-0.060741,-0.883699,0.48345,-0.777274,-1.057533,0.530108,-1.064095,61.13,19592,web_mobile,web,US->IN,cash_pickup,1135,0,0,10,26.9,6523.0,7,1,none,0
171310,-0.932244,0.690722,-0.197652,1.561265,-0.07745,-1.748307,-1.71154,-0.50978,1.593889,-0.346692,-0.497029,-0.417144,0.801064,1.212636,0.639648,0.278454,0.916879,-2.358449,-1.084165,-1.929778,-0.780641,-0.452024,-0.370863,-0.753049,0.74696,-0.121006,0.943728,-0.48638,90.16,16511,web_desktop,web,CA->IN,p2p_transfer,936,0,0,10,43.0,8939.0,9,1,none,0
32645,0.379055,1.765128,0.549513,-2.547929,1.417158,-0.871256,-0.14425,0.444889,0.478216,-0.125703,-1.508874,0.370329,-0.556481,-0.195194,0.910334,-0.016493,-1.31375,-0.066646,-1.802164,-0.056507,-2.96691,1.078893,-0.090436,-1.050972,-0.515837,1.417149,0.220038,0.468982,19.53,7221,android_app,app,US->NG,p2p_transfer,576,0,0,9,29.9,8519.0,3,1,none,0
142373,1.195694,-0.176332,-1.154999,-1.876681,-0.422822,-0.855888,-0.181565,0.081028,-1.366877,-2.268811,0.694023,-1.004685,1.521784,0.327169,-0.714654,-0.467288,-0.585172,-1.165554,0.130237,-0.574813,-0.23167,0.592561,0.076438,-2.084478,-0.195705,2.938212,0.523174,-0.200269,21.02,33315,ios_app,app,US->NG,airtime_topup,748,0,0,14,21.0,2898.0,8,2,none,0
30666,-0.470113,0.466395,0.038325,1.896929,-0.336118,0.231346,-0.44351,0.342418,-0.669291,1.263485,1.516235,-0.622849,-0.264023,-0.272659,-2.345468,1.12711,-0.831346,-0.149376,1.377091,0.32067,-1.174723,0.620778,0.087246,0.617677,0.529198,-0.212314,-0.296405,-1.279078,15.54,43538,web_mobile,web,US->MX,p2p_transfer,559,0,0,11,91.3,14081.0,2,1,none,0
112526,1.263911,-1.493682,-0.017921,1.273716,-1.478582,0.318476,-0.307159,0.987879,0.001419,-0.532403,-1.009784,0.285847,-0.129706,-1.069101,-1.082891,-0.464339,-0.290394,0.912107,-0.506222,1.372752,0.403426,-1.692585,-1.1741,0.365082,1.918343,1.132782,-0.69295,1.151075,106.03,27347,web_desktop,web,US->MX,airtime_topup,260,0,0,10,318.8,33928.0,2,1,none,0
110890,-1.17009,1.785188,0.839259,0.209715,0.159211,-0.080522,0.504276,0.56731,-2.07107,-0.101814,0.204944,-0.230199,0.697104,-0.947837,-1.053274,-0.352093,-0.522936,0.393383,1.546443,1.101124,-0.961466,-0.33192,1.519427,0.345641,1.15665,1.867503,-0.202686,0.455073,36.77,25721,web_desktop,web,UK->NG,p2p_transfer,1230,0,0,8,13.8,4859.0,4,1,none,0
71419,-0.369071,-0.047857,-0.31179,-0.075116,-0.294838,-0.954188,0.269992,1.93448,0.569719,-0.373492,-0.34721,0.098814,-0.439025,-0.849174,0.219489,-0.566512,0.411368,0.244134,1.541933,-0.876749,0.964577,-1.067794,1.366835,1.471132,-0.028332,0.162702,-0.794209,-0.082168,56.91,25003,web_desktop,web,US->MX,bank_deposit,387,0,0,9,112.9,999999.0,1,1,none,0
164065,-1.940034,2.165972,-0.547956,-0.721672,-0.440375,-0.963622,2.325778,0.680201,0.173466,0.803135,0.760997,-0.024859,-0.108771,-0.881515,0.975797,-1.453524,0.478741,-0.758574,-1.006491,0.687277,-0.676763,0.060212,-0.660075,1.120375,0.514279,0.537815,-0.091792,0.066753,31.18,20845,android_app,app,US->MX,cash_pickup,721,0,0,8,107.9,8100.0,9,1,none,0
42790,1.094891,1.696113,0.845074,0.413424,-0.963256,-1.698936,0.760348,-0.718822,-1.535533,-0.885259,0.671269,-1.40584,-0.358248,-0.333076,0.021603,1.012788,-0.32774,0.078559,-0.691134,-0.913769,-0.84379,0.270092,-0.287754,1.252409,0.79383,1.493277,-1.067063,-1.480525,17.21,4110,web_desktop,web,US->MX,bank_deposit,839,0,0,17,60.6,999999.0,1,1,none,0
29908,-0.376544,0.918258,-1.574517,1.207875,0.921572,-0.551996,-1.149469,-0.035241,-0.38917,0.458922,0.288324,1.074772,-0.621228,0.878388,0.050495,-0.139741,1.61443,1.736762,-0.513182,0.948855,2.079149,-0.399602,2.212939,-1.210188,-0.065173,-1.025437,1.079931,-0.582263,13.33,44287,web_desktop,web,US->IN,airtime_topup,1151,0,0,9,178.0,999999.0,1,1,none,0
118344,-0.882294,-1.319808,-0.575188,-1.963133,1.382294,-2.117601,-0.06063,-1.918885,0.142046,0.658574,0.274826,-0.492223,-0.499057,-0.92156,-0.01052,1.62368,-2.505442,0.172248,1.387449,1.080547,0.360402,0.238017,0.201343,0.483713,-0.267961,1.232406,0.470626,0.801516,44.0,12629,ios_app,app,AU->PH,cash_pickup,42,0,0,8,48.9,14373.0,2,1,none,0
41918,-1.817328,1.855678,-0.021785,1.499954,-0.161235,1.548618,1.404436,-0.042573,-0.928455,0.83115,0.589925,1.251794,-1.020569,1.205897,1.266616,-1.110766,3.065732,-1.005059,-0.444756,-0.315201,0.456224,-0.342804,1.704891,0.85862,0.299785,1.40424,0.297266,0.751048,21.46,44186,web_mobile,web,US->IN,bill_pay,674,0,0,12,70.7,8845.0,5,1,none,0
117009,2.217504,-0.760745,-0.529681,2.179006,0.814227,0.922864,0.362265,0.39746,-1.224339,2.641884,-1.686488,0.352407,-0.722865,0.164092,-0.328457,1.815061,-0.821691,0.196979,-0.418812,-0.31996,0.721304,-2.270126,-0.48746,-0.668965,-0.908336,1.496965,1.986596,-0.033194,154.96,23085,web_desktop,web,UK->NG,p2p_transfer,1023,0,0,11,86.9,10820.0,5,1,none,0
55134,-1.819537,0.280096,-1.373675,0.314103,-0.220482,0.688535,2.314252,-0.883115,1.894257,-0.278357,-0.29287,-0.21473,-1.415958,0.726814,0.0707,-0.744644,-1.35226,-2.400636,-0.004342,0.315053,0.133986,-1.467386,0.313518,0.541541,0.355646,-1.432544,-0.688966,-0.505758,25.26,37102,web_desktop,web,CA->IN,bill_pay,438,0,0,12,111.9,999999.0,1,1,none,0
4172,-1.129891,0.785636,-0.284265,0.770263,-1.875351,-1.598137,0.826168,1.632605,-0.445592,1.454168,2.065618,0.994097,-0.041849,-0.47951,0.501333,-0.386783,1.214627,-1.023721,-1.261219,0.044199,-0.631717,-1.464884,0.086931,-0.328754,-0.554133,0.047047,-0.602185,-1.086302,56.29,3655,android_app,app,US->MX,bill_pay,1489,0,0,5,60.4,999999.0,1,1,none,0
146046,-1.381679,-0.447154,-2.156633,-0.037414,1.729538,0.774505,0.69497,-0.200355,-0.000377,0.63821,-0.284072,-0.685377,0.207457,0.440056,-0.854784,-0.69248,-0.11186,-0.629513,-1.118726,-0.150948,-0.570523,0.425594,-0.958482,-0.671438,1.243932,0.254163,-0.001882,0.074064,22.6,24832,web_mobile,web,US->NG,airtime_topup,887,0,0,8,94.5,6061.0,4,1,none,0
99746,-1.12554,2.05622,-0.319588,0.950745,-0.865822,1.224288,0.075243,-1.079516,-0.989211,0.721989,0.085787,-1.344151,0.209429,0.176263,-2.664465,-2.741172,-1.833383,1.141377,0.233411,-0.960573,0.555093,0.496087,-0.600939,-0.917714,-1.168622,1.3687,-0.816842,1.780628,11.52,41145,android_app,app,UK->NG,bank_deposit,1468,0,0,14,30.5,91278.0,2,1,none,0
123926,-2.426163,-0.190092,1.556044,1.138209,0.106643,1.104328,-0.433424,-0.056513,0.083917,0.326698,-0.035802,0.29695,-0.34288,1.690105,-0.421016,-0.825039,-0.535531,1.139196,0.728175,1.473903,-0.19502,0.954685,0.150783,0.199015,-0.230571,-0.082809,0.315356,-0.30816,19.4,37840,web_mobile,web,US->NG,airtime_topup,520,0,0,10,92.7,32472.0,6,1,none,0
43592,-0.357408,-0.887291,-1.218293,0.396444,-1.263566,0.308468,0.074127,-0.398689,-0.414816,1.509246,0.574092,-0.625084,0.748992,-2.439493,-2.033261,0.030478,0.921167,-0.943674,0.679535,1.73565,-0.83112,-1.587561,0.949951,1.11446,-0.612418,2.366908,-0.483994,-0.378614,24.85,4729,android_app,app,US->MX,p2p_transfer,582,0,0,6,125.0,26276.0,4,1,none,0
112869,0.353141,0.14714,-0.248042,1.482567,-0.281113,-1.770776,0.041534,-1.07801,-0.447776,1.312828,0.699431,0.264637,-1.517684,-0.327268,-0.122793,-1.626047,-1.374795,0.440013,0.239947,0.866347,-0.981952,0.735378,1.61273,2.120164,1.039681,1.10158,0.04705,-0.363782,15.28,23142,android_app,app,AU->PH,bill_pay,541,0,0,12,52.1,68957.0,6,1,none,0
14563,0.027057,0.7006,0.456683,0.719361,1.165523,-0.850032,0.379872,0.775605,0.317246,-0.847667,-2.460977,-0.508442,-1.133031,-0.357645,-2.704462,0.485953,1.701323,0.772039,-0.030349,0.456513,-0.908453,-0.150471,-0.86941,-1.320306,1.511853,0.473872,0.595747,-1.47767,14.26,43728,ios_app,app,US->PH,p2p_transfer,1422,0,0,10,190.7,999999.0,1,1,none,0
111037,-1.607289,-0.405408,-0.329594,-0.498536,-0.452866,-1.450845,0.047987,-1.212775,0.975219,0.50968,0.735184,-0.599257,1.323913,-0.508098,-0.663056,0.100877,-0.351727,0.273451,-1.639792,-0.157857,-0.135204,-0.798997,1.343376,-0.98879,-0.876849,0.810709,-0.202236,-1.15243,15.61,17716,web_desktop,web,US->MX,airtime_topup,21,0,0,9,121.9,13098.0,5,1,none,0
33061,-0.986237,0.286546,0.815448,0.279396,1.054372,0.635912,-0.411259,0.897242,0.013957,-0.093912,-2.618792,-0.417182,0.923682,1.409896,-1.051945,0.45853,-1.136739,2.086029,-0.786411,0.113673,1.099202,2.324386,0.870319,0.319225,-1.458781,0.614833,0.989828,0.357662,11.74,18756,web_desktop,web,US->PH,bank_deposit,476,0,0,8,50.8,26601.0,2,1,none,0
24291,-0.676798,2.245699,0.577688,1.876701,-0.699182,-1.169249,0.879477,-0.096929,-0.313728,-0.76663,0.909645,-0.965937,0.266813,-1.198152,-1.758238,0.610963,1.501803,0.963089,-1.31617,-1.521435,2.248839,0.105146,-0.657049,-1.30908,-0.987169,0.27545,-0.516001,0.538995,31.51,14629,android_app,app,CA->IN,cash_pickup,185,0,1,12,32.7,999999.0,1,1,none,0
31236,-0.291392,0.437981,-1.649216,-1.019022,-0.161976,-1.281822,0.248226,-1.087998,0.531429,0.910279,1.077377,0.199804,-0.290553,1.900921,0.598592,0.331026,-0.399298,0.606285,-0.111553,0.570183,0.436187,0.675242,0.525211,0.931244,1.268068,-0.619863,-0.158434,-0.586117,23.41,32121,ios_app,app,US->GT,bill_pay,873,0,0,10,196.7,2191.0,3,2,none,0
161183,2.574068,-0.807492,1.58719,-0.096936,1.081434,-0.258465,-0.739246,2.2963,0.817473,-0.444653,-0.025348,1.070198,-1.040421,-0.030984,1.635284,-0.549881,-0.275638,1.554589,0.555269,-0.598716,-1.489955,1.026505,-2.157862,-0.564583,-0.792542,-0.040601,0.599433,0.509094,61.05,38537,ios_app,app,CA->IN,airtime_topup,665,0,0,12,147.3,51345.0,7,1,none,0
124628,-0.509703,1.289354,-0.628305,-0.339065,1.247949,1.456691,0.915304,-0.300259,0.31106,0.36419,0.812382,-0.321704,0.067305,0.350037,2.282022,1.044482,-1.026668,-0.017169,1.408674,-0.875677,-0.069865,2.18113,2.93437,-0.25025,0.022681,0.860177,0.739976,0.277657,7.82,6216,web_mobile,web,UK->NG,airtime_topup,228,0,0,6,92.7,9282.0,6,1,none,0
75160,-0.133684,-0.107681,0.375526,0.177361,-1.23033,0.064758,0.406674,-0.174725,-1.266385,-0.782338,0.515421,-0.373936,-0.073972,1.21646,1.044146,0.192839,0.587591,0.513749,0.521311,-1.466957,-1.126865,1.529027,1.0995,1.421073,0.011224,0.746158,-0.149639,-0.185874,28.7,37468,android_app,app,AU->PH,p2p_transfer,195,0,1,16,100.2,18462.0,3,1,none,0
136022,0.344348,-0.010507,0.175986,1.1188,1.091403,-0.164109,-0.032219,0.059734,-0.028677,0.98012,0.699815,1.572171,-1.722118,-1.584988,0.674757,0.034136,0.321737,-1.488526,0.855203,1.836612,1.124078,0.48686,-0.816163,0.581849,-0.914967,1.3187,0.54698,-1.821495,376.38,29905,web_desktop,web,US->PH,cash_pickup,1201,0,0,12,56.4,3209.0,4,2,none,0
65808,0.912012,0.57715,-2.592081,0.233311,0.376055,-1.891662,-0.504759,0.778724,1.194584,0.519643,-0.952775,0.934812,-0.446797,0.627546,1.876699,-0.175979,-0.141564,0.297285,0.656988,0.421944,-2.757408,0.355177,-1.237321,0.447965,0.589993,0.042021,3.108479,2.695769,18.55,39572,ios_app,app,US->NG,p2p_transfer,1439,0,0,14,37.7,26424.0,5,1,none,0
127385,-0.667703,-0.619641,3.550345,-0.237662,-0.872262,-0.538095,-0.912301,-1.076087,0.301575,1.140425,-0.835255,-1.923031,1.561469,0.685845,1.473672,0.499972,0.758587,0.220029,-0.843038,2.522069,-0.721987,0.013668,-0.119478,-2.092187,1.482772,0.37399,0.597407,-0.008708,33.56,40466,ios_app,web,US->IN,airtime_topup,1449,1,0,9,51.1,76359.0,4,1,none,0
167615,3.282011,0.881396,-0.211739,-0.343613,-0.71512,-0.857819,1.483165,1.271972,0.096446,1.071614,-0.713959,-0.992303,-0.896772,-0.773938,-0.363991,1.122191,0.026027,0.066769,1.145026,-0.617982,0.282584,-0.938917,2.780443,-0.310997,0.239319,-1.092409,0.222285,-0.305648,71.34,24382,android_app,app,US->PH,bill_pay,740,0,0,8,178.6,35829.0,6,1,none,0
113844,0.172882,0.18756,0.945778,-0.564512,0.772196,-0.005148,0.768442,-0.406678,-0.609698,-0.358279,0.510244,-0.512785,-0.134874,-1.413348,-0.002328,1.105809,-0.211455,-0.927604,1.563086,1.175516,0.099514,-0.211546,1.457613,0.04203,-0.016633,-1.268206,-1.433539,1.140357,43.28,27415,android_app,app,US->NG,cash_pickup,559,0,0,16,41.6,55144.0,3,1,none,0
5207,1.393159,-1.385884,0.649904,0.310631,0.867688,0.058145,1.526797,0.299677,1.290004,1.810162,-0.428987,0.637709,0.631722,0.142612,0.892838,1.079188,0.252837,-1.784678,1.118913,-0.32497,-1.544058,0.574579,0.325407,-0.459536,0.055208,1.131395,-1.624867,-0.426,35.67,24963,web_mobile,web,AU->PH,p2p_transfer,901,0,0,8,78.2,999999.0,1,1,none,0
137859,0.435498,0.255274,0.266148,0.393153,0.96676,0.488101,1.058743,-2.86136,1.539271,2.119181,0.570977,-0.354397,-0.21952,-0.551702,0.211257,-0.402234,1.306895,1.267441,-0.574502,-0.51189,-0.516145,-0.025396,-0.195078,-0.497027,-0.985297,-0.01539,-0.281958,0.484502,25.46,39274,android_app,app,AU->PH,p2p_transfer,1002,0,0,5,123.1,91387.0,5,1,none,0
93860,-0.315032,0.796559,0.176091,-0.088421,0.920444,-1.430162,-0.56212,-1.018581,-1.528461,-0.618551,-0.239092,-1.050781,-0.201989,0.51977,2.015383,-0.204367,-0.715693,-0.021027,0.87589,-0.698078,-0.77227,0.488975,-1.296384,0.914614,0.313109,-0.804936,1.990022,0.732429,29.32,13679,android_app,app,US->MX,p2p_transfer,930,0,1,8,90.5,16031.0,7,1,none,0
163625,-0.705521,-0.85689,-1.801681,-0.043493,1.204784,-1.698368,0.440289,-1.919597,0.681759,-0.902187,-0.620409,-1.098164,0.862858,1.627094,0.645328,0.654932,0.463662,-0.566259,-1.233914,-0.355162,-0.281669,0.152766,0.303061,1.213081,0.642529,1.234473,-0.215266,-0.121704,6.92,28974,web_desktop,web,US->MX,bank_deposit,738,1,0,12,35.9,5847.0,8,1,none,0
133059,1.105601,-1.794804,2.194665,0.233537,0.392565,0.439339,-0.720825,0.024342,0.116113,-0.207076,0.307564,1.719455,-0.407743,-0.871041,0.20599,0.788616,1.132898,-0.143175,-0.327008,-0.770977,-0.077118,0.421806,-0.991142,0.221388,-1.745688,0.498499,-0.542229,-0.235017,27.6,22072,ios_app,app,US->MX,p2p_transfer,1494,0,0,7,84.9,23799.0,4,1,none,0
160258,0.381943,-2.282081,0.736975,0.447241,1.180441,-0.404641,-0.394412,-0.803879,-1.909001,0.884043,-0.08392,-0.424966,-0.564927,-0.467703,1.487017,0.841594,0.839313,0.92716,-1.230406,-0.380873,0.835885,-0.901465,1.533633,-1.777053,0.362337,1.058004,0.05504,0.514147,17.97,10013,web_desktop,web,US->GT,p2p_transfer,930,0,1,7,175.2,25151.0,9,1,none,0
71424,0.863968,0.942497,-0.785556,0.462892,0.699949,0.551786,0.110135,-0.002607,-0.850107,0.66546,-0.876172,-0.28298,0.462975,-0.564811,-0.676329,1.250894,0.299965,-0.641664,1.151585,1.293878,-1.232307,0.320017,2.122845,-2.645143,0.435628,-0.112352,2.154263,-0.498651,28.29,36098,web_desktop,web,US->PH,cash_pickup,356,0,0,9,129.8,10199.0,4,1,none,0
161052,0.839055,-1.066826,-0.067229,0.0704,-0.50742,-0.805464,-2.100221,-1.875372,0.592506,-1.105662,0.584889,-0.42634,-1.216837,0.064711,-1.336593,-0.587922,0.847125,0.350407,0.646637,0.691666,-0.742397,0.818404,0.493998,-1.041325,-0.1243,-0.481293,-0.835951,0.67184,5.32,37118,ios_app,app,US->NG,cash_pickup,913,0,0,15,126.3,75664.0,6,1,none,0
4696,-0.175962,-0.451799,0.156609,-0.713844,0.171278,1.272814,-0.199441,-0.432388,0.977412,-1.328616,-1.141756,0.643655,1.009096,-0.271926,-1.336954,0.6134,-0.455756,0.072557,-0.844984,-1.389738,0.405068,0.156257,0.017335,1.132202,0.410659,-1.538,0.90736,-1.051925,18.6,31601,web_mobile,web,US->NG,p2p_transfer,1227,0,0,5,71.5,999999.0,1,1,none,0
93499,1.130152,-1.656632,-0.269582,-0.351326,-0.449654,-1.217582,2.035617,-1.773015,-0.571628,0.340297,-0.650041,-0.94549,0.858081,-1.093106,1.473881,1.03237,0.293365,-1.150548,0.712067,0.272734,-0.020988,0.939905,0.695391,1.456006,-0.509272,-0.032807,1.924953,0.79315,8.58,21304,web_mobile,web,US->GT,cash_pickup,610,0,0,11,70.0,4638.0,6,1,none,0
26586,0.928921,-0.324407,0.06974,1.18485,-0.118536,-0.213718,-0.036102,1.018306,0.964471,-0.328656,-0.686772,-0.429361,0.476687,-1.021946,0.647175,0.545312,0.631299,-1.05142,-0.191194,0.6469,0.653699,2.204411,-0.584686,1.141162,-0.395666,0.614923,0.441366,0.403362,22.71,22493,android_app,app,US->IN,bill_pay,200,0,0,6,143.6,1466.0,3,2,none,0
39121,-0.356257,1.918505,-1.161447,-0.98754,0.571527,-1.12251,0.046808,0.453779,-0.409003,-0.861342,0.279965,-0.41235,-0.558433,1.4943,0.014367,-0.195572,-1.151452,0.269196,2.600944,-0.771887,-0.700735,0.536614,-1.498679,-1.282388,1.396217,0.504186,0.323852,-0.767922,57.47,44104,ios_app,app,US->PH,p2p_transfer,1231,0,0,10,88.6,999999.0,1,1,none,0
23088,0.008229,0.878409,-1.436747,1.372861,0.246545,0.044945,0.212053,-0.499471,-0.625177,-0.847997,-0.567862,-0.338144,0.033774,0.451937,2.391319,-1.461823,-0.042216,-0.583415,-1.145659,-0.975257,0.434579,1.908913,-0.471913,-0.231865,1.024378,-1.790411,1.777307,0.970899,37.75,23052,web_desktop,app,CA->IN,p2p_transfer,463,1,0,16,116.6,999999.0,1,1,none,0
129152,0.054913,-1.071027,1.424149,-1.955103,-1.197089,-0.086245,-0.468504,1.371358,1.055098,-0.196832,1.527095,0.544663,-0.63792,-1.047502,-0.159366,0.52789,0.395914,0.497946,0.181346,0.087537,-1.377877,-0.218761,-1.092966,0.231474,0.723398,1.436513,1.351426,0.500158,30.51,42363,ios_app,app,US->MX,p2p_transfer,652,0,0,11,61.1,3402.0,9,2,none,0
34005,0.15589,1.279129,-1.362229,0.390501,-0.060335,0.735156,0.524218,-1.032204,-0.198571,0.629637,0.07518,0.346216,-0.276132,-2.329238,0.118853,1.111942,0.963448,-1.146872,-0.821349,1.318189,-0.011437,1.074506,1.406921,-0.283592,-0.217506,0.765359,-0.38235,-0.787642,17.5,45302,web_desktop,web,US->PH,cash_pickup,1303,0,0,11,111.2,4044.0,4,1,none,0
62790,1.142655,1.077076,0.088381,0.325185,0.124798,-0.077268,0.270415,0.886948,-0.690152,-0.888831,-1.295658,0.308546,-0.804708,-0.646726,-0.153526,-0.935426,-1.891095,1.279877,0.689809,-1.44236,-0.043363,0.266667,-1.915577,0.859676,0.604415,1.291781,0.519429,0.719042,34.71,8307,android_app,app,US->GT,p2p_transfer,1274,0,0,14,40.4,47794.0,3,1,none,0
104636,0.028602,0.887649,-0.295491,0.738166,0.04163,-1.266099,-0.369098,0.590957,-0.047733,2.042643,0.67487,0.222843,2.280787,-0.153673,-0.497726,0.232164,0.054341,-0.920154,-0.938901,1.354021,-1.094047,0.849746,0.429564,-0.038642,0.699802,0.09381,0.729204,0.612828,11.69,12911,web_desktop,web,US->IN,cash_pickup,1112,0,0,9,34.6,20998.0,6,1,none,0
140567,-0.349868,0.77997,-0.146896,-0.841189,0.420908,0.5394,1.344656,1.16405,-0.081352,0.517211,-0.545154,0.796013,1.194136,0.884303,0.919958,-0.94948,0.15482,-0.027783,-1.727305,-0.808019,0.388899,-0.184632,0.969046,-0.314413,0.146478,-0.620138,0.698309,-0.277594,10.88,9037,web_mobile,app,UK->NG,bill_pay,447,1,0,12,18.6,12773.0,5,1,none,0
170483,-0.166484,1.663565,-0.490283,0.926473,-0.139105,0.306935,-0.411995,0.014122,-0.357161,-0.499989,-0.538907,-0.344904,-1.973055,-0.602109,-0.263673,1.051924,-0.259906,-0.370375,1.337276,-1.697384,0.275973,0.854228,0.147465,-0.524035,0.215042,1.253773,0.743168,-0.573369,14.75,7000,ios_app,app,US->MX,p2p_transfer,1135,0,0,10,84.0,99497.0,4,1,none,0
162787,-1.714518,-0.197601,-1.085357,0.180414,0.297606,0.820923,-0.689096,-1.247025,-0.569867,-0.27587,-0.048194,-0.039576,0.780127,-0.194829,-1.681107,1.639211,-0.34122,-0.406257,0.250995,-2.821396,0.529453,-0.173278,0.500885,0.759978,1.026138,-0.157073,-0.37522,-0.654335,29.78,39778,web_mobile,web,US->NG,airtime_topup,1135,0,0,9,113.9,18386.0,7,1,none,0
80717,-1.257704,1.565553,1.293112,1.272271,0.607503,0.06335,1.165353,0.886526,-0.789449,0.127755,0.976651,-1.152008,-0.795971,0.625693,0.298136,2.368564,-0.707299,0.598846,-0.29728,-1.668421,0.414063,0.369312,0.162014,-0.86576,-1.143959,-0.308688,1.042209,-1.007976,8.63,8374,ios_app,app,CA->IN,airtime_topup,698,0,0,11,142.7,16130.0,5,1,none,0
20075,-0.025747,0.231995,1.630555,-0.108242,0.79775,0.723596,0.646183,-0.778425,0.647237,-0.432723,-0.071997,0.510763,1.763422,0.734642,0.566933,-0.780207,0.56487,0.366129,-0.148844,1.767859,1.45156,-0.554146,0.306916,-0.912217,0.816736,-1.945132,1.371023,-0.014439,12.74,37006,ios_app,app,UK->NG,p2p_transfer,741,0,0,9,15.9,4682.0,5,1,none,0
128009,-0.644834,0.855708,0.891398,0.540116,-0.240728,0.889264,0.35119,0.619421,-0.570701,0.07182,-0.042647,1.951042,0.349413,-0.192827,-0.811945,1.648713,1.198891,-0.151683,-1.275804,1.760881,-0.302398,-0.102764,0.688905,1.189811,1.577873,-0.194245,-0.244273,1.055485,38.99,9036,android_app,app,AU->PH,bill_pay,73,0,0,8,63.4,4640.0,6,1,none,0
21819,-1.464331,0.959317,0.740214,0.318254,-1.369313,0.921146,1.067564,-0.212951,-0.090646,0.346244,0.917933,1.79614,0.700253,1.647841,1.290547,0.26204,0.569308,1.375941,0.128806,0.782471,-0.159923,-1.577604,-0.685471,0.291555,0.548431,-0.487869,1.560021,-0.564496,36.59,2773,ios_app,app,AU->PH,p2p_transfer,1381,0,0,6,36.8,999999.0,1,1,none,0
25387,-0.086332,0.331381,1.770037,0.573274,-0.755173,0.124574,-2.089888,0.255199,1.617079,1.823059,0.294765,0.396772,0.018001,0.028195,-0.047245,-0.768338,0.236614,0.805119,-2.2874,-0.434208,-0.995461,0.034107,0.609623,-0.690478,-0.920872,-0.333582,-0.311183,0.507562,20.67,13287,android_app,app,US->IN,airtime_topup,628,1,0,11,30.7,999999.0,1,1,none,0
133311,-0.004785,-0.68379,-0.908813,-0.503713,1.044178,-0.995702,0.421086,0.057261,1.23193,0.361725,0.30083,1.185245,0.666536,0.718377,3.324549,0.937479,-1.483177,0.703823,-0.073905,0.306186,0.343068,-0.328341,-2.250306,-1.038185,-0.245051,0.213408,-0.478437,0.803556,8.12,26165,ios_app,app,US->NG,cash_pickup,799,0,1,8,128.6,18168.0,4,1,none,0
66436,-1.797292,-0.411944,0.983263,0.580461,0.189237,0.274002,-1.475168,0.080334,-1.176662,0.954828,-0.084451,1.112265,0.077975,0.529736,0.463358,2.128742,0.577582,-0.118079,0.281098,-0.317925,-1.108296,-0.166346,-1.532242,0.324173,-0.324321,-0.834494,0.811687,-0.286073,18.25,6774,ios_app,app,AU->PH,bill_pay,1186,0,0,12,193.8,999999.0,1,1,none,0
84026,-1.434755,0.129592,0.344821,-1.935134,-0.533,1.002591,-1.103478,-0.476052,1.826529,1.119962,-0.046928,-1.297989,-0.199872,0.973976,-1.104856,-0.130095,-0.326648,1.993307,-0.798293,-1.022066,-1.113276,0.667465,-0.051521,1.154091,-1.431177,0.552828,0.660523,0.854247,13.22,19539,ios_app,app,US->NG,p2p_transfer,1235,0,0,6,15.4,3153.0,3,2,none,0
9952,-0.921707,0.55958,-0.44553,0.197918,0.588891,0.112664,3.236226,-0.046986,-1.409128,1.204223,0.33105,0.708849,-0.464425,-0.855179,0.184779,0.463949,-0.306608,2.005396,-0.022547,0.761746,-0.600475,-0.296423,-0.241751,-1.089266,-1.334146,0.021306,0.721487,0.046514,14.66,44826,web_desktop,web,US->MX,cash_pickup,496,0,0,16,121.0,999999.0,1,1,none,0
132713,0.595131,1.179642,-2.791027,-0.503691,-0.890313,0.440548,-2.45688,-1.224303,1.101505,-0.511001,0.726551,0.639231,0.565862,0.300708,1.574246,1.168672,-0.19712,-0.315935,-0.056263,-0.856401,0.076937,1.746445,-0.466617,-2.672567,0.487991,-0.615425,1.011002,-0.146838,15.72,34697,ios_app,app,US->NG,p2p_transfer,900,0,0,9,118.6,9223.0,7,1,none,0
61393,-0.43034,-0.34419,0.063837,-0.527264,1.826502,-0.003474,-0.427637,-1.964082,-0.96745,-0.106261,-0.138678,-1.639055,-0.403009,0.255707,0.718186,0.632529,1.475774,-0.00145,2.416764,1.504078,-0.709323,1.293101,-0.694349,1.283974,-0.63089,0.605494,-1.233798,-0.557381,22.69,37361,android_app,app,US->GT,bank_deposit,740,0,0,9,36.6,35385.0,4,1,none,0
166838,0.524005,1.476276,-0.014262,-0.301176,-1.483824,1.421391,-1.144105,0.652373,0.243153,0.128669,1.538127,0.194961,-0.78616,-0.618152,-0.926382,0.270391,0.921278,-0.516051,-1.481873,-0.298032,0.339989,0.317703,-0.765115,0.301102,1.170949,0.250089,0.495212,0.388804,31.06,43076,ios_app,app,US->NG,p2p_transfer,467,0,0,7,105.6,69359.0,5,1,none,0
163804,-0.088272,0.244777,-0.342156,-0.884895,-0.26804,0.260161,-0.780494,0.667194,-1.227868,0.39976,-0.65672,2.195394,-1.662053,0.930121,-0.424613,2.007251,1.445319,-2.677294,0.668368,-0.629765,-0.639076,-0.831025,0.731276,0.447377,-0.242892,-0.734592,0.478643,-1.127054,15.4,5060,ios_app,app,US->PH,bank_deposit,47,0,0,7,120.1,35295.0,8,1,none,0
97315,0.502815,0.792342,1.239253,-0.667462,-0.943641,1.308381,0.220341,-0.552078,0.232472,-1.939224,1.066953,0.646137,0.841187,-0.728783,-1.04222,-0.986845,0.215418,0.883839,1.644308,0.818,0.686149,-0.386466,0.909536,-1.130929,0.77226,0.647859,-0.20527,0.650292,6.35,40891,ios_app,app,US->MX,cash_pickup,770,0,0,11,76.9,12206.0,5,1,none,0
121165,0.53392,1.378821,-0.123664,0.793957,0.047358,1.64143,-1.251298,1.392365,-0.218748,-0.726591,0.082686,0.273856,1.047203,0.255734,1.027195,-0.627353,-0.280411,0.530936,2.116426,0.268524,-0.676916,-0.004306,0.80283,-0.510561,-0.183783,0.677818,1.132044,1.613865,51.1,17499,ios_app,app,US->GT,p2p_transfer,897,0,0,15,42.5,16421.0,9,1,none,0
157134,0.594698,0.524512,0.569115,-0.329277,-0.270184,-1.258136,-0.231695,0.460837,-0.718763,-0.988201,1.560138,1.530026,-1.206573,0.227892,-1.048508,-0.144276,-0.792546,0.659791,0.330549,-1.490351,-1.546773,-1.552642,-0.914036,0.921852,0.659305,0.473482,2.164916,0.15532,168.46,39812,android_app,app,AU->PH,p2p_transfer,64,0,0,12,199.2,4179.0,10,1,none,0
47807,0.852745,-0.293589,0.243893,1.040536,-0.118631,-2.418111,-0.60287,0.357605,-0.211071,0.463164,1.921676,-0.391928,-1.033823,-1.611533,0.358948,0.263945,-0.73291,1.485336,0.488241,-0.798237,-0.950572,-0.707255,-0.069388,0.449638,-1.20658,0.442294,1.0601,0.036379,69.93,2452,ios_app,app,US->PH,p2p_transfer,754,0,0,14,65.4,4955.0,3,1,none,0
119406,-0.450123,0.125868,0.910532,0.518607,1.774153,0.485932,-0.941168,-0.177646,-0.15514,-0.806898,-0.135516,-0.666294,1.002134,1.564346,0.188778,-0.369244,-1.394318,-0.413317,-0.749112,-0.10292,-1.881517,1.936819,-1.887773,-0.636806,-0.407544,0.289837,-0.089725,0.212041,1.63,8155,web_mobile,web,US->GT,airtime_topup,813,0,0,9,78.9,12421.0,8,1,none,0
160936,1.278319,-0.591412,-1.847381,0.891113,1.049394,-0.56856,-0.922432,-0.628507,0.237413,-1.096182,-1.743187,0.685949,0.200446,1.780633,0.451811,0.043624,1.498176,-0.080062,-0.339372,1.167448,0.07936,0.305978,0.27633,1.071034,-0.981327,-0.249463,0.353492,-0.111845,45.17,17498,web_mobile,web,US->IN,airtime_topup,946,0,0,9,119.1,979.0,10,2,none,0
123629,-0.065084,-0.324313,-0.417867,1.276629,0.522641,-0.248776,-0.369827,1.61218,0.075773,-1.203815,0.026729,0.731406,1.045095,-0.909325,-1.281335,-0.22638,0.648969,0.097089,0.053162,0.208617,-0.001733,-0.349255,-0.295351,-0.075087,-0.183461,1.49842,-0.346006,-0.779546,18.89,12201,web_desktop,web,CA->IN,p2p_transfer,663,0,0,8,60.0,1330.0,9,2,none,0
73922,-0.858232,0.863394,-0.248927,1.20331,0.051483,1.206301,1.749546,0.176649,0.738364,-1.017338,-0.015421,-1.321927,0.271167,1.398782,-0.282991,-0.48468,-0.189044,-2.40258,-0.053807,-0.07519,-0.412345,-0.111431,-0.528137,0.141648,-0.919712,-1.386003,0.402724,-1.098829,9.47,13753,web_mobile,web,US->MX,p2p_transfer,1035,0,0,10,30.0,18809.0,3,1,none,0
124518,0.407427,-1.095849,-0.186222,0.405015,0.681053,-0.505895,0.153424,-0.519495,0.20594,0.363689,1.810334,1.090953,-0.372306,-0.566554,1.587745,-2.104873,-0.6095,0.323247,0.451072,0.570086,0.484112,0.013517,1.945511,-0.64145,-1.238386,1.449305,1.21491,-0.831982,36.25,7809,android_app,app,AU->PH,cash_pickup,1185,0,0,2,99.3,16392.0,5,1,none,0
168070,0.177527,0.770586,-0.817448,-0.044773,0.336733,0.191731,-0.235723,0.215168,-1.505556,0.96049,-1.492943,-0.190523,0.528727,1.357475,1.093777,-1.868378,-0.356075,-0.047263,0.457741,1.623736,0.089591,-1.363649,0.776184,-0.621742,0.350301,-0.976196,1.065039,0.387056,13.86,15317,web_desktop,web,US->MX,p2p_transfer,1301,0,0,8,30.3,4873.0,9,1,none,0
130955,-0.269422,0.566706,-0.660031,-1.532391,-0.795054,0.004879,-0.207224,0.031673,1.2766,-0.390003,1.56112,0.143485,1.0388,-1.488595,1.415293,1.59891,0.806008,-1.073988,-0.393354,-0.442403,-1.360597,0.903239,-1.28099,1.341413,1.069555,1.358037,1.041539,-0.535416,21.49,27615,ios_app,app,US->GT,bill_pay,1179,0,0,9,90.6,3188.0,15,2,none,0
165847,2.062268,-1.233792,-2.194864,0.579015,1.587791,-1.273891,1.620421,-0.808423,0.330782,1.232788,-1.064788,1.821983,1.881394,-1.102192,-0.257217,0.970723,0.451901,1.665742,0.261717,1.202597,1.881951,0.161168,1.480409,-2.324785,0.320758,-2.080239,-0.079596,-0.357406,28.43,36450,web_mobile,web,AU->PH,p2p_transfer,1244,0,0,9,18.2,48807.0,8,1,none,0
122635,2.214854,1.439741,-0.377785,-0.297676,1.247036,1.505884,-2.036716,0.025752,0.424573,-1.336513,-1.431999,-0.939587,0.686281,-0.278515,-1.289098,-0.019457,0.662251,1.977321,1.395522,-0.990581,0.085915,-0.9631,-1.111575,0.48366,-0.562293,-1.253738,0.634986,-0.30044,20.32,2841,android_app,app,US->NG,p2p_transfer,974,0,0,11,36.3,25120.0,6,1,none,0
90264,0.661505,-0.269822,-0.954532,-1.410926,1.655272,0.920873,-0.671018,1.090737,-1.282277,-2.194679,1.17999,-0.034582,0.048351,-0.204006,-1.305322,-1.128807,2.284181,0.52063,0.073177,0.474728,0.716401,-1.169316,1.284761,0.807965,1.709366,-0.673865,0.836901,1.263031,40.24,34639,android_app,app,US->PH,p2p_transfer,559,1,0,9,68.6,25289.0,3,1,none,0
16339,1.015434,1.257346,-1.382763,-0.05573,-1.036537,0.874012,1.160026,-1.727345,0.377326,-0.612261,-0.372671,-0.26791,-0.068059,0.546577,-1.429201,0.763391,-1.487087,0.911218,0.128939,0.463456,-0.191883,-0.73711,-0.801391,-1.25951,-0.345926,0.687421,-1.067163,0.913571,28.96,34963,web_desktop,web,US->MX,bank_deposit,449,0,0,9,109.7,999999.0,1,1,none,0
106636,-1.035166,0.233358,-0.652709,0.016124,-0.459726,-0.313066,2.067144,-1.067187,0.099135,0.410828,0.647298,0.28138,-0.573386,0.581132,1.979251,0.099892,-1.385768,0.016095,0.395323,0.164269,-0.60059,1.990559,-0.921822,-0.308832,0.268115,-0.941193,0.898302,1.373392,12.15,612,android_app,app,UK->NG,cash_pickup,941,0,0,12,119.8,12205.0,4,1,none,0
134170,-0.474184,-0.247313,0.629051,-0.833812,1.561248,-1.02287,0.950102,0.698841,-0.071461,0.555236,-1.395176,-0.18431,0.57364,1.152644,0.648964,0.257079,0.432082,0.145901,0.502738,0.166179,-1.330408,0.13871,1.69826,-0.784068,0.455705,0.930753,0.05565,1.397405,31.28,44115,web_mobile,web,US->NG,bill_pay,1301,0,0,16,39.0,25431.0,7,1,none,0
135243,1.289346,-0.690709,-1.041636,1.007576,0.070146,0.669,0.875136,-0.676123,-0.187337,-0.57494,0.190615,-1.914013,-0.029149,-0.77933,0.364229,-0.763021,-1.363923,0.456323,-0.347766,0.211906,1.186198,-1.228644,-1.246749,-0.236095,-0.284416,-0.038303,0.075034,-1.064062,65.79,18967,web_mobile,web,US->IN,bill_pay,361,0,0,10,134.7,6900.0,3,1,none,0
148028,1.612129,0.405015,1.383999,-2.026402,0.5827,-1.685682,0.346248,-1.273108,1.673179,-0.221459,0.201915,0.324695,2.567585,-1.739203,-1.528255,-1.091045,0.743976,-1.111394,0.765221,1.084764,0.282379,-0.762147,0.252154,0.365374,-0.270213,-0.334859,-0.000667,0.036211,9.85,1324,android_app,app,US->IN,bank_deposit,1158,0,0,8,143.4,5433.0,6,1,none,0
29480,1.20791,-0.105376,-2.256672,2.202579,-1.243704,0.512165,-1.022086,0.904589,-0.904389,1.061133,0.791548,-0.117535,0.005484,0.033217,1.257116,0.612864,2.213286,1.755217,0.40944,-1.381951,0.518224,-1.270135,-0.940735,-1.162354,-0.133095,1.323027,-2.22135,-1.47853,23.7,28902,web_mobile,web,US->IN,airtime_topup,188,0,0,11,16.0,26175.0,2,1,none,0
151405,-2.151957,-1.242295,0.872103,-1.665808,0.375555,-0.746609,-0.939425,-1.336732,-2.184231,-0.354706,-0.397735,-0.573138,-1.876693,-0.674946,0.664677,0.249866,-1.436054,-0.018093,-0.139746,1.090607,0.21502,0.966993,-0.01403,-0.503196,0.407083,-1.540805,-0.133632,-1.029328,15.01,25480,ios_app,app,UK->NG,p2p_transfer,345,0,0,12,55.0,56236.0,5,1,none,0
165564,0.034259,-0.224222,0.539815,0.789516,0.277216,1.178881,1.175909,-1.982345,1.787823,-0.265261,1.655678,0.177094,-1.148639,0.00031,0.457631,1.034701,0.37639,1.770255,0.368207,0.184607,-0.086429,-0.112517,-0.670395,-0.785809,-0.598201,-1.707136,-1.122332,-0.24141,37.51,2382,web_mobile,web,AU->PH,airtime_topup,316,0,0,12,179.0,38115.0,3,1,none,0
46391,-0.064807,-0.855978,0.334989,-0.061594,1.08815,0.331184,0.7013,0.383796,1.34912,-0.842315,-1.435999,-0.665467,-1.229245,-0.881154,0.310379,-0.144108,2.317535,0.564742,1.388498,1.570704,-0.511629,0.764866,0.898276,-1.516574,0.424498,-0.30056,-0.090719,-0.065815,23.73,45805,web_desktop,web,UK->NG,bank_deposit,1312,0,0,14,142.8,41263.0,2,1,none,0
128104,-0.081072,-0.998607,1.381163,-1.090808,-0.924137,-0.834855,0.123791,-0.813236,0.053992,-0.203425,0.31684,0.325163,3.215063,-0.162757,2.190641,-0.050143,-0.380271,0.184294,-1.434096,-1.491667,1.330987,0.763598,-0.554819,0.603307,-0.229381,0.189043,0.335279,-0.662134,21.45,29958,web_mobile,web,AU->PH,p2p_transfer,438,0,0,14,69.8,22913.0,7,1,none,0
41576,-0.968374,-0.072464,-0.409172,1.897921,0.480563,-1.512409,0.338836,-0.769293,1.031542,0.064189,-0.438906,-0.311377,-0.35311,1.488419,-0.82812,1.20888,-1.808137,1.074197,-0.422449,-1.147057,-0.090712,-0.710176,-0.833055,1.396398,2.052928,-0.711886,-0.189792,-0.805561,11.51,43800,ios_app,app,AU->PH,bill_pay,1409,0,0,8,130.4,999999.0,1,1,none,0
66,-1.141597,-0.658647,0.288126,0.756492,1.024201,-1.243982,-2.433249,2.175155,0.038243,-0.556137,0.804194,0.703428,-0.653214,-1.049755,0.332688,-0.410183,0.257295,-1.360193,0.270304,0.077134,-0.591168,0.344971,-0.202176,-0.302997,1.61581,-0.108698,0.63344,-0.21459,13.0,26903,ios_app,app,AU->PH,p2p_transfer,828,0,0,16,85.0,999999.0,1,1,none,0
104312,-2.037784,-0.938773,-0.838459,2.633772,0.220752,0.650535,0.88735,-1.587467,0.367615,0.915258,0.114636,-2.10795,-0.317664,0.609064,-1.182805,0.163367,1.230865,0.310237,2.389292,-1.136037,1.014855,1.703825,1.774725,0.235552,-0.187098,-2.118185,1.36319,1.100313,13.29,24668,web_mobile,app,AU->PH,bill_pay,1028,1,1,13,215.9,24017.0,4,1,none,0
22420,0.191346,-0.639529,1.708325,0.481042,0.281315,1.057556,-0.058169,0.287728,-0.571572,1.478649,-0.656303,0.579261,0.370888,1.143619,-2.500172,0.764136,0.736547,-0.370975,-0.288605,0.401963,-1.25879,0.039031,0.029778,-0.85176,0.264997,0.215575,1.142005,-0.164139,18.8,1023,ios_app,app,US->PH,bill_pay,276,0,0,9,90.5,999999.0,1,1,none,0
96862,1.5095,0.168018,0.073537,1.549226,-0.19755,-0.22185,-0.964846,-0.378605,-2.825484,-0.162815,-0.691109,0.500088,0.312338,0.872581,1.388587,-1.15747,2.313958,-0.667543,0.169657,-0.434207,-1.855155,2.859675,-0.278069,0.768795,0.202772,-1.717441,0.867564,-0.002354,76.56,22261,web_mobile,web,CA->IN,p2p_transfer,1207,0,0,12,142.7,2261.0,5,2,none,0
23206,1.478427,-1.603702,-0.100233,-2.322498,-0.572011,-0.014857,0.672709,0.225817,0.380055,-0.26343,-0.529501,-1.036991,-0.600554,1.538144,-0.249293,-1.543389,0.08684,-0.785707,0.543378,0.008886,-1.028202,0.827494,-1.058216,3.024911,0.589935,1.834919,-1.528876,1.163167,90.32,46357,web_mobile,web,US->NG,p2p_transfer,516,0,0,8,35.3,6160.0,3,1,none,0
160934,1.259993,0.531705,-0.872712,0.339905,-0.794002,-1.579467,1.554228,0.378647,0.178626,0.029156,-0.787597,0.18144,-0.861998,-0.357288,-0.073116,-0.659653,0.512488,1.734626,-0.625682,1.113873,0.803712,-1.45713,-1.070859,-1.149873,-0.95942,-0.197616,0.205763,-0.203697,16.24,35395,android_app,app,US->GT,bill_pay,515,0,0,6,108.5,43012.0,4,1,none,0
92660,-0.814722,-0.63832,0.309978,-0.895985,1.616076,-0.047376,-0.562589,-1.45092,-0.0238,0.544564,1.355901,-0.171104,0.864508,-1.448865,-0.877047,-0.218514,-0.155125,0.137385,0.668013,0.414072,-0.756512,-0.647469,-1.006384,0.214794,0.047769,0.03825,-0.516366,0.66109,59.23,22288,android_app,app,US->MX,p2p_transfer,1338,0,0,8,31.9,44526.0,5,1,none,0
109031,0.740712,-0.046924,0.516324,-0.349052,0.085643,-0.8171,-1.616715,0.265258,-0.573166,0.361635,-0.10866,0.516004,-1.713814,-0.676732,-1.135962,-1.128251,-2.140011,-0.390611,1.167094,-1.045418,0.680153,0.787704,-1.001599,-2.328148,-0.223518,0.028155,0.023537,0.243517,24.99,938,android_app,app,UK->NG,p2p_transfer,89,0,0,14,43.8,3965.0,9,1,none,0
80560,0.436931,-1.405248,0.382443,-0.795779,0.285361,-0.208168,0.00068,0.554373,-0.433086,0.622667,2.354151,0.655167,0.527734,-0.23712,0.691695,-0.282583,-0.259611,1.029727,-0.444936,-0.011772,0.060913,-1.443854,-1.637348,0.776056,-0.355595,-2.31743,-0.647089,0.85094,44.99,2849,web_desktop,web,US->GT,airtime_topup,450,0,0,11,122.7,9718.0,5,1,none,0
149996,0.940474,1.630139,1.307281,0.483021,0.189074,-0.495007,0.203776,0.041048,0.312105,-2.035495,-1.017447,0.384759,1.706489,-0.297999,-0.34615,-0.239208,-0.083075,0.247699,0.987162,0.636392,0.74055,-1.006164,-0.996008,0.22361,0.704408,-1.335712,-0.046577,1.169495,93.25,7716,android_app,app,US->PH,bill_pay,921,0,0,9,150.9,36928.0,7,1,none,0
70982,0.780149,-0.473283,-1.315801,0.195619,0.433617,-1.562648,-2.112613,-0.058597,0.896507,-0.392188,2.177233,-0.124304,-1.980323,2.036538,-0.694755,0.316722,-1.198989,-1.413468,1.566905,-1.80902,-1.064626,0.074716,1.347363,0.795688,-0.625647,-0.082834,0.14003,-0.083428,30.99,18069,web_desktop,web,AU->PH,p2p_transfer,1129,0,0,10,73.5,26270.0,4,1,none,0
120495,2.796197,-1.036307,0.965649,-0.648739,0.973172,-0.56606,0.69722,-0.82573,1.333072,0.253428,-0.041176,0.643303,-0.119818,1.161998,1.421973,0.781302,-0.296324,-0.808407,1.253359,-0.516753,-1.119116,1.105118,0.023298,-1.755784,-0.71767,-2.180833,1.112166,-0.170741,968.93,39031,web_mobile,web,US->IN,bank_deposit,891,0,0,4,53.1,2186.0,9,2,none,0
67510,0.304384,0.457554,1.361917,0.283058,-1.35608,0.606646,-1.335019,-0.643182,-0.338026,-0.127964,-0.050039,-0.38103,0.132385,-1.656554,0.867823,-1.76273,1.425195,0.218654,2.644839,-0.472034,-1.153027,-0.203153,2.1478,-0.307316,-1.186431,2.555242,-0.842255,-0.42217,83.68,24875,web_desktop,web,US->NG,bill_pay,1488,0,0,11,69.4,999999.0,1,1,none,0
75201,0.853816,1.483519,0.675778,0.200572,-0.450402,-0.897769,1.619942,1.451106,1.08857,0.140506,-1.496812,-0.120984,1.077855,0.492642,0.831338,0.93613,-0.71051,1.29425,0.287114,0.593781,-0.119658,0.499441,-1.031986,-0.444689,-0.363274,2.066619,1.048105,0.321216,13.19,45594,web_desktop,web,US->PH,bill_pay,651,0,0,13,75.6,57602.0,3,1,none,0
164016,-1.83327,-0.467613,1.140624,-0.110012,-0.770715,0.525876,0.28362,-1.547348,1.140448,-1.403848,0.965159,-1.51961,-0.927205,-1.046721,0.216374,1.545257,-1.815627,-0.791672,1.576655,-0.282928,0.294631,0.444319,-0.559684,-0.149707,-0.058008,-0.557713,-0.67982,0.209061,11.91,959,android_app,app,US->PH,p2p_transfer,1378,0,0,11,37.7,3075.0,7,2,none,0
72793,-0.050061,1.47775,1.335881,-0.163388,2.059031,0.097494,-0.364527,-2.15973,-0.646252,-0.171528,0.38482,0.369873,-0.099937,0.544819,-0.568623,1.697997,-1.566874,0.404212,0.677008,-0.228844,1.744638,0.204779,1.045514,-0.631416,1.016519,1.017632,-1.006657,1.853434,22.06,37348,web_mobile,web,US->NG,cash_pickup,750,0,0,11,66.4,17700.0,3,1,none,0
66911,0.675714,-1.005347,1.284156,1.097957,-0.195918,1.692016,-0.457852,1.620377,-0.926223,0.285646,-1.512724,0.911266,-1.151603,0.891527,0.314208,0.125467,1.867209,-0.877433,-1.156704,2.854705,-0.65317,2.172834,-0.197095,-0.107391,0.878097,0.629725,0.77911,-1.154909,30.4,18436,web_mobile,app,US->PH,p2p_transfer,1400,1,0,15,133.5,49234.0,2,1,none,0
96470,0.764168,0.189278,-0.489337,0.034827,0.783477,1.283465,0.060186,0.223694,-0.862252,-1.367874,1.396066,0.042246,0.042775,-0.384989,1.50649,-0.02746,-0.600356,-0.572758,0.201769,-0.055776,-0.62843,0.492072,0.962602,1.376898,1.631169,-1.103483,0.174893,-0.918781,58.91,15676,android_app,app,AU->PH,airtime_topup,340,0,0,13,64.2,30499.0,2,1,none,0
101916,-0.314335,-0.23388,1.377065,0.229949,-0.933355,0.457376,-0.328324,0.270054,1.030714,-1.12298,-1.026677,0.179451,0.296892,0.813242,-1.17987,0.029074,1.005557,0.252676,-0.375833,-0.990249,-0.292988,-0.17658,-0.485751,0.105457,1.145744,-0.588503,0.234346,0.219306,35.57,10606,android_app,app,UK->NG,p2p_transfer,1461,0,0,6,246.5,6860.0,6,1,none,0
99390,0.658615,-2.185788,0.685088,0.216757,-1.030401,-0.096335,0.306301,-1.290537,-0.65643,0.944713,1.419,0.462993,1.151972,0.821429,0.350907,-0.731163,-1.351719,1.503448,-1.251235,0.409435,-1.313485,0.176396,0.561131,1.094806,0.148727,-0.056266,0.952236,1.136509,98.43,5959,web_mobile,web,AU->PH,cash_pickup,798,0,0,5,66.4,8448.0,8,1,none,0
153616,0.188284,1.283989,-2.007601,1.178548,-2.045504,1.768621,0.02102,0.474735,-1.025524,0.222058,0.103013,-0.052947,0.681058,0.588408,-0.209668,-0.168189,-1.694158,-0.903758,-0.431369,-1.525208,0.454874,-0.098327,0.375062,-0.41771,-0.909978,0.618466,-0.254957,-0.312559,84.16,20218,web_desktop,web,US->NG,p2p_transfer,329,0,0,9,123.4,7393.0,4,1,none,0
54013,-1.918274,-0.766059,-1.017315,1.067339,-1.267044,0.513752,0.812122,-0.068975,1.194805,0.114333,-0.068015,-0.686437,1.075365,-1.262781,-0.434609,0.210984,-0.319313,-2.066933,-0.384193,0.865093,-0.991928,-3.186371,-0.42217,0.178839,-0.739963,-1.221161,-3.241465,0.813566,7.66,19885,web_desktop,web,US->PH,p2p_transfer,327,0,0,14,68.8,51527.0,2,1,none,0
20342,0.313357,-0.038915,-0.050583,0.567435,0.062173,-0.146263,0.689619,-0.167307,-2.181318,-2.607239,0.489747,1.117723,1.117736,-0.136322,0.765161,0.95495,0.437009,0.190677,2.26415,0.837124,-0.066856,-0.162232,0.188252,2.087215,-1.07623,-0.203122,0.445952,-0.532223,30.59,47048,web_mobile,web,US->MX,bill_pay,352,0,0,17,53.1,999999.0,1,1,none,0
22213,0.293299,-0.986812,-0.55248,0.322371,-0.370662,1.614929,-0.317368,-0.542692,-0.00281,0.968927,1.179887,-0.315154,0.918328,-0.007471,1.979824,0.664399,-0.995166,0.958278,0.146373,-0.945719,-0.096398,-0.424017,1.62227,-0.960869,0.349073,-0.910597,0.65269,1.830335,3.22,21471,ios_app,app,US->PH,bill_pay,841,0,0,7,13.3,999999.0,1,1,none,0
154029,-0.75555,-0.433692,-1.177988,0.373023,-0.786631,0.04692,0.426485,-0.453407,-0.515568,1.118518,0.153053,0.800575,0.867952,-0.465149,-1.270296,-2.3127,0.093471,1.449091,-0.012635,-0.054146,-1.44338,-0.564887,0.684008,0.423102,0.441216,-1.035671,-0.573549,-1.329404,30.7,26401,ios_app,app,UK->NG,cash_pickup,1108,0,0,10,51.8,11146.0,6,1,none,0
97654,-0.115738,1.018065,1.622997,0.130217,1.557365,-0.147066,1.788192,0.317287,-0.068563,1.088157,1.005156,-0.220256,0.09399,-0.291013,1.004422,1.620079,-0.283928,0.565493,0.53187,-1.650548,-0.691017,1.437194,-0.82645,1.863047,-0.394587,-1.308876,0.989603,1.188403,23.2,36038,android_app,app,US->MX,bill_pay,622,0,0,8,58.6,41534.0,3,1,none,0
73657,0.514757,-2.390198,-0.621962,-0.424426,1.531385,0.803014,-0.10978,-0.064731,0.966722,1.284733,-0.217612,1.63765,-0.085028,-1.50539,0.762065,2.549397,1.134763,-0.947507,0.361732,-0.096199,0.544844,-1.279806,0.856956,-0.599349,0.62431,-0.43544,1.798938,0.367144,14.06,40602,web_mobile,web,US->IN,bill_pay,216,0,0,6,30.2,53816.0,2,1,none,0
155379,1.470694,-0.609626,0.758471,-1.355933,0.754921,0.050748,-0.177863,-2.363235,-1.303329,-1.445148,-1.057378,0.507533,-0.529229,-1.237965,-0.199183,0.04265,-1.019775,-0.240174,-0.840815,-0.797587,-0.671553,1.236017,-0.133013,-0.252775,0.875447,0.865838,-0.775063,-1.379785,7.46,13750,web_mobile,web,US->MX,p2p_transfer,442,0,0,10,77.9,93830.0,9,1,none,0
104275,0.597852,0.31586,-0.83445,0.997144,1.654968,0.743704,-0.25869,-0.326256,-2.586233,0.612492,-0.249744,0.286193,0.417412,1.539086,-0.047937,0.67342,-1.918734,0.780409,0.447859,-1.387508,0.873335,0.853556,1.753407,-0.360926,-0.251516,-0.445597,-1.692047,0.863213,13.01,46774,ios_app,app,US->NG,airtime_topup,111,0,0,15,144.1,17342.0,2,1,none,0
147043,-0.583369,-0.420031,-2.044329,-1.570743,1.572964,-0.336854,-0.556117,-0.567213,-0.370097,0.789878,-0.065983,-0.407137,1.378122,0.616598,0.321326,-0.150373,0.268097,0.682488,-1.838997,-0.51678,-1.653066,-1.23203,0.382527,0.055228,-0.480376,0.274698,0.852026,0.818698,49.09,7956,android_app,app,US->NG,p2p_transfer,946,0,0,10,51.1,27807.0,6,1,none,0
81718,-0.16807,0.965868,0.469324,-0.802063,0.594217,-0.049279,0.683453,1.168197,-0.197532,-0.575664,1.219602,-1.01134,1.993921,-1.231133,-1.526727,0.703003,0.231193,-0.119828,-0.201798,-1.116851,-0.267294,-0.598033,-0.443098,0.536493,-0.004525,1.271544,-0.09427,-1.2994,5.64,6231,web_mobile,web,CA->IN,p2p_transfer,820,0,0,13,83.7,9196.0,4,1,none,0
118979,-0.954228,1.263518,-0.298918,1.566705,-0.197578,-0.112077,-0.84564,-0.21653,0.850929,-1.091454,-0.000793,0.423212,-0.500926,-0.746347,-0.817928,0.926022,0.276111,-1.79601,0.795113,-1.56612,-0.705901,-0.358273,-0.209986,-0.349167,-0.722002,-0.695512,2.050121,0.165427,50.02,40651,web_desktop,web,UK->NG,p2p_transfer,1448,0,0,13,23.1,48933.0,7,1,none,0
143606,-0.797488,-1.217703,-0.079011,1.478025,0.267215,0.702934,-1.113493,-0.269589,-0.854091,-0.408694,-0.949752,1.043735,0.373818,0.331832,0.311007,0.157186,-1.197229,0.076849,-0.316843,0.200216,-0.033141,-1.325031,0.799006,-2.425527,-0.621531,-1.284042,0.77329,-1.23757,18.01,7842,ios_app,app,US->PH,p2p_transfer,1448,0,0,7,184.5,27346.0,4,1,none,0
157151,-0.286021,2.1426,-1.672141,0.215889,-0.537191,-1.997744,1.267068,-0.018127,-0.252429,-1.035289,1.297149,-0.109147,0.244729,-1.998602,-0.134029,-1.194523,0.361977,0.529033,0.87653,1.040118,-0.679316,-0.761593,1.343447,-0.060667,-2.121551,1.151331,1.204051,-0.781877,17.4,43894,android_app,app,UK->NG,airtime_topup,170,0,0,14,39.3,60086.0,3,1,none,0
166715,1.504241,-0.670826,0.33901,-1.559578,0.24611,0.90353,0.84659,0.965018,1.372694,1.112667,-0.16889,0.264686,-0.147257,1.173478,-0.374097,-0.263369,1.210517,0.728239,-0.937344,0.066207,-0.332939,-0.777963,-0.245627,-0.746506,0.932495,-2.214309,0.60221,-1.155922,28.07,41093,web_desktop,web,CA->IN,cash_pickup,1097,0,0,11,94.6,11610.0,7,1,none,0
22736,0.7894,0.022408,-0.419396,-0.866353,1.482342,2.343585,0.828773,-0.402523,0.307007,1.329404,-0.178315,0.258291,0.495646,0.840815,-1.148687,2.043966,1.309021,-0.336794,-0.247638,-2.340994,-0.756649,1.41663,0.795571,0.97008,0.791322,0.321025,0.473732,0.245241,61.36,38981,android_app,app,AU->PH,p2p_transfer,223,0,0,14,112.1,999999.0,1,1,none,0
40303,0.142962,-0.866655,0.374692,-0.091939,-0.356223,-0.346731,0.353183,-0.810429,0.240077,0.660245,1.01485,-1.087694,0.603705,0.522617,1.324138,-0.330564,0.514256,-0.825047,2.254026,0.267195,0.205071,1.916343,0.967372,1.587992,-1.430228,0.984735,-1.247501,-0.067018,89.42,33834,ios_app,app,US->MX,airtime_topup,988,0,0,10,141.8,1545.0,5,2,none,0
96798,0.308888,0.351039,-0.282724,1.930678,-2.363769,-0.661739,0.327799,-0.397184,0.071659,-0.579231,1.118979,-1.758194,-1.653869,-0.503528,-0.655449,-0.474862,-1.894628,1.161157,-0.250721,0.09898,0.996361,-0.657746,3.591924,-0.308423,0.64718,-0.322561,0.93517,-0.283551,20.63,14499,android_app,app,US->NG,p2p_transfer,1088,1,0,10,80.1,999999.0,1,1,none,0
20447,-1.428827,0.592702,-0.057814,-0.451361,1.721689,0.099632,-0.415521,-1.100332,-0.047294,0.166938,1.370825,-0.957109,-1.154786,-0.774719,0.622806,-0.410822,0.394409,0.061929,1.220185,0.457522,1.06558,-1.465988,-0.652631,1.107093,-0.584931,-0.696315,1.311296,2.233577,18.34,11856,ios_app,app,AU->PH,bank_deposit,651,0,0,10,167.6,8993.0,2,1,none,0
117907,0.4449,-1.663811,1.218781,2.245242,-1.178768,0.689574,-0.402389,-0.987873,0.824233,-0.771206,-0.909853,0.20187,-0.964693,-0.516918,-0.484605,1.688616,1.221196,1.4317,-0.975294,0.645564,-1.053996,0.504486,0.314718,0.556654,-0.624755,1.191138,0.01578,-0.908301,964.95,18200,web_mobile,web,US->NG,cash_pickup,72,0,0,9,80.5,64313.0,4,1,none,0
152507,-1.392824,-0.26881,1.502792,0.153405,-0.648149,0.157832,-0.393778,-0.40217,1.292526,-0.271295,1.071446,-0.111,0.4508,0.711028,0.251337,-0.90051,-0.685176,0.706766,2.351742,-1.010284,-0.416619,1.481353,-1.038332,0.486494,-1.303536,0.756852,0.692326,-1.470868,11.93,16760,ios_app,app,US->PH,bill_pay,20,0,0,10,54.0,4463.0,5,1,none,0
157363,0.545086,-0.205699,-0.239323,1.107849,-0.924182,-0.057762,-1.532453,1.682704,0.528336,0.429353,0.014225,-1.123168,0.283765,0.273686,-0.800993,0.028082,-0.756988,-0.376155,-0.390069,1.705177,0.671922,0.313838,0.268241,-1.101821,-0.024676,-1.490774,1.154821,0.080226,17.44,13252,ios_app,app,US->GT,airtime_topup,747,0,0,6,110.1,9999.0,6,1,none,0
42620,-0.247926,0.924915,-1.498023,-1.013654,1.170578,-0.208696,-1.839711,-0.846658,-0.23533,-1.489317,-0.273118,-0.391803,-0.156847,-0.929339,-0.03931,-0.039374,2.080499,-0.085204,1.674484,0.582126,-0.316206,0.343079,2.001209,0.316854,0.88118,1.531814,-0.413348,1.335247,52.9,44328,ios_app,app,US->GT,p2p_transfer,12,0,0,13,133.8,24872.0,3,1,none,0
94956,-0.546569,-1.122362,-0.613845,1.267944,0.957535,-0.487007,0.33036,-0.506963,0.776642,-0.602991,2.027682,-0.339301,-0.691107,0.083558,-1.680479,-0.479668,0.662848,1.497754,2.040905,-0.692806,-2.707646,-0.549382,0.479211,-0.478149,0.438607,-0.189437,-0.012627,-0.130636,33.25,29234,web_mobile,web,US->IN,p2p_transfer,1008,0,0,9,105.6,26437.0,3,1,none,0
129681,-0.197341,0.60308,-1.02341,-0.177402,0.727851,-0.467749,-0.368634,-0.111172,0.100028,-0.256587,-1.188667,1.120522,1.562856,0.131029,0.540508,-1.661098,0.36411,-0.336261,1.303877,-0.240696,1.305012,-0.526198,1.150031,0.319791,0.523697,1.713169,-0.20187,-0.681331,34.78,5909,android_app,app,US->MX,cash_pickup,738,0,0,16,288.3,21293.0,3,1,none,0
25435,0.132007,0.777136,-2.003693,-0.822275,-1.534326,0.764166,-0.157707,-0.102342,-1.460888,2.340556,-0.896189,0.643056,-0.122577,0.408249,0.306866,1.514953,-0.04116,1.317801,0.349812,-0.644424,-2.270682,0.813946,-1.723248,-0.399124,-0.749702,-0.406458,-0.77849,-0.403663,75.44,34763,web_mobile,web,UK->NG,p2p_transfer,870,0,0,13,110.9,11901.0,4,1,none,0
21212,0.757013,1.085036,-0.014402,1.15964,2.141496,1.370122,-2.4267,0.183369,-1.488624,-0.593804,-0.690485,-0.666496,1.48531,1.341998,1.490149,1.007601,0.545843,1.38888,2.011944,-0.197068,-0.40897,-0.087278,0.892858,1.352153,0.787232,1.561752,0.76378,-0.530412,20.64,35255,ios_app,app,US->IN,p2p_transfer,1397,0,1,7,127.3,18387.0,2,1,none,0
160407,-1.095509,0.980749,1.378831,0.022869,0.57786,0.058797,0.469098,-0.481754,-0.08749,-0.869602,1.872151,-0.762597,0.480548,-0.681042,2.078221,-1.177103,0.995966,0.353888,1.619429,-1.735616,0.696247,0.284172,1.147495,0.391862,-1.025901,-1.558882,-1.638153,1.2939,57.47,32030,web_desktop,web,US->NG,cash_pickup,1098,0,0,7,143.2,43391.0,3,1,none,0
147024,0.672265,-1.596778,0.799992,-0.806545,-0.563307,1.950168,-0.688008,0.384802,0.711039,0.208996,0.128632,-0.27078,1.36695,-0.274663,0.614728,-0.078489,0.53995,0.795116,2.454107,0.199565,-0.838408,-0.421904,-0.599558,-0.627173,-1.035814,-1.371321,0.20221,0.48427,45.2,27185,ios_app,app,US->MX,bill_pay,1299,0,1,3,305.7,42602.0,4,1,none,0
19777,-0.488929,-1.13374,0.801089,-1.488026,-0.182857,-1.223489,-0.757762,0.726084,-0.549199,-1.278978,-0.819075,0.43126,0.692231,0.063611,-2.264346,-0.985468,0.464598,-1.569647,-0.087509,0.824103,1.696872,1.143917,0.339309,1.054263,-0.444313,-0.696809,-1.385276,0.042418,14.37,29158,android_app,app,AU->PH,cash_pickup,184,0,0,11,110.9,999999.0,1,1,none,0
42412,1.251256,0.609917,0.367837,0.587207,-1.272607,1.43189,-3.303916,0.795041,-1.698793,1.067713,-1.379152,0.342308,0.402537,0.812042,0.017795,-0.407704,0.692579,1.014319,0.645393,-2.752986,-3.229678,-1.547394,-0.451507,-0.902233,-1.746997,-0.233888,0.374971,0.211081,74.47,44443,android_app,app,US->IN,bank_deposit,778,0,0,11,182.0,999999.0,1,1,none,0
12007,0.600503,0.030953,0.475876,-0.597329,2.300277,0.415043,0.577229,1.340924,-0.044993,-0.321704,0.480747,0.23691,-0.385343,0.83643,-1.332568,0.788873,-1.855125,0.898567,-1.031469,1.092072,0.825695,0.685473,0.587721,-0.347177,-0.058825,-1.320118,-0.09406,2.271468,83.4,15802,android_app,app,US->NG,p2p_transfer,180,0,0,10,20.0,999999.0,1,1,none,0
25360,0.071029,0.798461,1.28904,-1.234436,-0.857834,-0.612744,-0.109513,0.147939,0.451525,-0.086798,-1.26127,-0.320686,0.787651,-0.468948,0.426084,1.035923,1.540483,0.086083,-1.043757,0.0617,-0.029737,0.587555,-0.174482,0.743217,1.601325,0.737375,-1.654075,0.308813,36.25,30876,web_mobile,web,US->MX,p2p_transfer,648,0,0,11,111.9,999999.0,1,1,none,0
41626,-0.610091,-1.079738,1.255315,-1.014088,-1.056791,0.582663,-1.454012,-1.015338,0.395332,0.271858,-0.023263,0.928667,0.38395,0.682607,0.881455,-1.418264,1.053682,1.310149,0.829267,0.797279,0.177633,1.095275,0.172642,-0.899622,-0.007408,-0.164393,0.308909,-0.016303,7.24,45077,web_desktop,web,US->PH,cash_pickup,957,0,0,10,22.6,12457.0,2,1,none,0
105038,0.211324,-0.580751,-0.385527,0.171778,0.124449,0.05748,2.219815,0.544154,1.544897,-0.811087,1.837896,-0.026527,-0.892127,-0.386673,0.02265,-0.019371,1.005592,0.076752,-0.226932,-0.465435,-0.405132,-0.96353,0.108215,1.15002,0.082646,-0.107099,-0.811999,-1.283694,18.49,25181,android_app,app,UK->NG,p2p_transfer,1402,0,0,9,128.2,11318.0,3,1,none,0
156131,2.044996,0.895374,-1.616347,-0.647103,1.276262,0.072909,0.698261,-0.232026,2.047945,2.019892,0.444159,-0.907159,1.257454,-0.783397,0.369546,-0.491391,-0.491027,0.491718,0.297279,0.506454,-1.421951,-1.302324,0.071189,0.505374,-0.471548,2.672968,-0.178995,0.020238,5.37,2209,android_app,app,AU->PH,bill_pay,862,0,0,8,195.0,11991.0,8,1,none,0
88957,0.247167,-0.19021,-0.470365,-0.856237,1.029903,-0.332709,0.290993,1.055313,-1.386723,-0.462965,-0.013547,-0.457743,0.148822,-0.633192,-1.050857,-0.805175,-0.598162,0.926975,-0.187511,-2.48705,1.014842,-0.462457,0.493471,0.779966,0.022507,-0.36359,0.824481,-0.286456,136.5,18687,android_app,app,CA->IN,p2p_transfer,994,0,0,8,82.7,38553.0,5,1,none,0
65894,0.632031,-0.77396,-1.581514,0.612438,0.205932,0.639747,-0.799007,0.941828,0.068703,2.004195,0.647623,1.453064,0.778498,0.213784,0.859902,0.339511,-0.573058,-0.358348,0.316741,-0.667236,-0.765914,0.131373,-0.031232,0.920551,2.219409,1.735633,0.220728,0.428784,13.0,26760,ios_app,app,US->PH,bill_pay,763,0,0,16,96.2,42918.0,3,1,none,0
148393,1.857636,0.452682,-0.242601,-1.203103,-1.656148,-0.479558,-0.76671,-0.652548,0.795771,-0.225933,1.143863,1.379519,1.086666,-0.437732,-0.065076,1.21226,-1.401734,-0.289746,-0.049483,0.510587,0.362941,-0.654484,-0.646432,-0.540664,0.928305,1.766913,-0.326276,-1.280294,29.68,24009,ios_app,app,CA->IN,bill_pay,1015,0,0,10,101.2,2713.0,13,2,none,0
39317,-0.557328,-0.863732,0.387591,2.028877,1.425455,0.921336,-0.942221,-0.248295,-1.124915,0.168886,0.696099,0.138666,-1.250477,-0.512304,-1.601514,1.727878,1.256063,0.685493,-0.623828,0.918717,0.299465,1.31486,0.596419,0.733379,0.689507,-0.88599,0.048484,0.48086,10.54,12502,ios_app,app,US->NG,cash_pickup,729,0,0,14,298.1,10587.0,3,1,none,0
89660,0.35767,-1.401352,-0.382034,-0.321621,0.10001,-0.16473,-0.522465,0.899987,0.058556,1.546505,-1.53446,3.285453,-1.614932,0.133109,0.882917,-0.672755,1.400632,0.929807,1.117308,0.572567,-0.487395,0.988435,1.20774,-0.950053,-1.157149,-1.058013,-1.136191,-1.890981,52.36,21557,web_desktop,web,US->GT,cash_pickup,1096,0,0,6,19.6,53228.0,2,1,none,0
93897,-0.753414,1.027007,-0.003142,0.254972,-0.855232,-1.107595,-0.915281,0.6335,-1.096557,0.052219,-1.184212,1.265257,-1.316315,0.428951,-0.880751,-0.692228,-0.349062,-0.135674,1.25054,0.82022,0.934497,-0.706954,-1.841024,1.272361,0.439847,0.205109,0.800481,-0.609402,36.13,24139,web_mobile,web,US->NG,p2p_transfer,1306,0,0,14,226.3,31063.0,3,1,none,0
77930,0.833202,0.539505,0.446673,0.593901,0.470159,1.083798,0.361344,-0.515211,0.641499,-1.305543,-1.259909,-0.311041,-1.459585,-0.987578,-1.28403,-1.433887,0.832632,-1.206779,-0.233814,-0.735514,0.331739,-0.661097,-0.381643,0.176119,-1.449784,-0.874366,-2.380256,-0.87946,28.08,46251,android_app,app,US->NG,p2p_transfer,1438,0,0,14,45.7,999999.0,1,1,none,0
86864,-1.164077,1.309714,-1.016558,-0.11955,0.121066,0.191591,1.072332,0.594558,-1.008931,-0.53085,1.194608,-0.61873,0.723615,-2.825963,0.101826,0.463936,2.354814,-1.215431,0.407936,-0.328601,0.106995,-0.533149,1.302801,-0.341894,0.48088,0.845242,0.415152,-1.542695,29.93,26341,ios_app,app,US->NG,bill_pay,175,0,0,8,86.2,39197.0,2,1,none,0
79977,-0.533087,1.473433,-0.252691,-0.765379,0.727517,-0.923424,1.61176,1.481641,2.086409,-0.327997,0.717673,0.059232,-1.813956,-0.526435,-0.720144,1.052727,0.219946,0.154807,1.207501,-2.82933,-0.873874,2.600152,0.092206,0.343726,1.22891,1.287871,1.744939,-0.579721,34.43,210,ios_app,app,US->MX,p2p_transfer,1013,0,1,14,114.6,45450.0,4,1,none,0
2669,0.156415,1.292748,-0.032297,-0.668647,-0.141109,-1.029691,-0.173133,-0.290885,-1.130749,0.02766,-1.162396,1.286069,-0.884264,-1.430503,0.034326,0.627013,-0.303566,-1.483442,0.031358,-0.694669,-1.716943,-0.445104,-0.575794,0.488215,0.756703,1.977848,-0.176889,-0.377325,23.0,23780,web_mobile,web,AU->PH,cash_pickup,556,0,1,9,109.6,999999.0,1,1,none,0
42025,0.638321,-0.539109,-0.905538,0.328663,-0.394296,-0.229842,0.101362,2.133572,0.368863,0.799255,-0.109943,0.802894,0.34166,-0.430391,1.01894,-1.181823,-0.178226,-1.020348,-1.541837,0.336442,-0.905698,0.223825,-1.536419,0.879203,-1.26764,-0.034952,0.303792,-1.067357,51.67,45856,ios_app,app,US->PH,cash_pickup,879,0,0,11,177.8,999999.0,1,1,none,0
74901,-0.681449,-0.287503,1.489341,-0.768424,-0.01689,0.988324,-0.731479,0.856395,0.902035,-0.027268,0.124522,0.063902,-0.805336,-0.242969,1.099492,1.196746,0.471678,-1.404901,-0.502158,0.539413,0.638937,0.34855,-0.650212,-0.741669,0.329326,-0.490939,-0.812563,-0.868157,14.0,42678,android_app,app,US->NG,bank_deposit,1274,0,0,11,157.1,23349.0,7,1,none,0
32791,0.828584,-1.245991,0.347068,0.506505,-0.157828,0.45783,0.899301,-1.109541,-0.513928,-1.191338,-0.187016,0.268539,-0.518281,-0.426908,-1.542012,0.526704,0.435563,-0.643065,-0.028771,-1.629934,-0.205532,-0.304767,0.971136,-0.672624,-0.355804,1.897496,-0.732261,0.598947,14.73,15394,web_desktop,web,UK->NG,p2p_transfer,1171,0,0,10,14.9,5285.0,2,1,none,0
130231,-0.102319,-1.472927,0.617073,1.423941,1.273041,-1.595966,0.023948,-1.319867,1.10421,0.961824,-1.143011,0.894568,-0.621563,-0.672546,1.061656,-0.00789,-0.781416,-1.490948,-1.095023,-0.205287,-0.995073,-0.143114,0.440655,-1.41766,-1.310971,0.070361,-0.514536,0.365303,18.72,17451,web_desktop,web,US->NG,bill_pay,566,0,1,8,125.1,21822.0,8,1,none,0
122464,1.011107,0.000695,0.24868,0.117773,0.608822,-1.562606,-0.934692,-1.130656,-0.815521,-1.686537,0.230821,0.829694,-0.401264,-0.958812,-1.891063,-0.073594,1.189253,1.148142,-1.076569,-1.554715,-1.479932,-0.264815,1.260678,1.224122,0.746172,0.996112,-1.805077,0.214515,56.36,16813,android_app,app,US->GT,p2p_transfer,929,0,0,11,197.8,999999.0,1,1,none,0
100275,0.280279,0.936656,-0.294124,0.388052,-1.016162,0.169566,-0.718872,-0.983143,0.143283,0.183744,-0.73171,0.185504,-1.37285,0.219696,0.177807,1.056446,-0.973885,1.700182,1.24903,-1.165194,-0.624113,0.434083,0.335464,1.313319,-1.454165,0.360255,-0.791675,1.497867,6.57,13865,web_mobile,web,UK->NG,p2p_transfer,609,0,0,10,112.2,15273.0,6,1,none,0
101953,-0.558613,-0.665992,-0.376258,-0.056411,-0.154599,1.471639,-0.586069,0.949538,-0.89837,-1.17637,0.295019,1.571864,0.776046,-0.041023,-1.603529,1.107337,0.993114,-1.270448,-0.151771,-2.080726,0.063192,-0.335006,-2.391638,0.131072,-0.491515,1.088631,1.479128,0.450329,9.86,46369,ios_app,app,US->GT,p2p_transfer,802,0,0,5,257.1,18268.0,5,1,none,0
161121,-1.21423,1.159672,0.029085,-1.317789,0.831965,-1.487718,0.779357,-0.613761,1.344134,0.392016,-1.063912,0.993976,0.964304,0.739601,0.538431,-2.67099,1.012396,0.71199,-1.104009,-0.103782,0.590457,1.680086,0.645322,0.15112,0.030093,-0.105761,0.083725,-0.179388,169.29,2686,ios_app,app,CA->IN,p2p_transfer,687,0,0,13,83.4,382.0,7,2,none,0
5973,-0.347091,1.722391,0.044016,1.02945,0.051517,0.39618,0.4654,1.39895,-0.513149,0.406659,-1.444811,1.960533,-0.709233,-0.461686,0.221057,1.033206,-0.442474,0.117009,1.329922,-0.24275,0.388196,0.304813,-0.623926,-1.877714,2.044814,0.270523,1.014568,-0.724119,12.98,18303,web_desktop,web,US->GT,bank_deposit,236,0,0,10,31.6,999999.0,1,1,none,0
27863,0.279438,-1.040654,2.140651,-1.007239,-2.277448,-1.312641,0.445241,0.194578,-0.679538,0.369135,0.025252,-1.481145,0.547289,0.683416,0.783986,2.294551,-0.707758,0.796964,1.043753,1.004018,1.630079,-1.044854,0.628539,1.292991,1.295938,0.370426,-0.230198,1.516848,5.59,46986,web_desktop,web,AU->PH,bill_pay,1455,0,0,11,178.1,27249.0,2,1,none,0
19644,-0.577446,-0.820566,-0.260027,0.197357,0.889151,-0.177155,0.923379,-0.591336,-0.498717,0.004504,-0.72363,-0.472688,0.394901,0.196804,0.686929,-1.078847,0.647473,1.263425,-0.231633,-1.853193,0.447955,0.650208,1.117811,0.557552,-0.035383,2.029296,0.830659,1.568574,12.65,32463,android_app,app,US->GT,bill_pay,672,0,0,18,237.9,999999.0,1,1,none,0
33553,-2.068092,1.283507,0.233682,0.986517,-1.32488,-0.489293,0.866118,-0.818398,-1.411089,-1.081944,0.989306,-0.933763,1.703459,1.486766,-0.451808,-0.030826,1.450798,-0.064029,0.175852,-1.19898,1.777876,0.417711,-1.209556,-0.037151,-0.131626,0.325923,0.002038,1.180302,4.4,30495,web_mobile,web,US->MX,p2p_transfer,580,0,0,8,40.4,5088.0,4,1,none,0
7692,1.096703,2.193204,-0.129715,1.111215,-1.17265,-0.184499,-1.555696,0.179235,-1.842711,0.170888,-1.001881,0.063757,-1.704086,-0.416101,-0.759924,1.309873,2.305665,-0.548259,-1.762351,-0.159328,0.23708,2.19451,-1.08788,0.942259,0.842228,-1.220481,-0.087584,-1.386233,10.41,12239,web_desktop,web,US->IN,p2p_transfer,137,0,1,11,107.3,6518.0,2,1,none,0
38683,-0.460983,-0.416223,1.519304,-1.470897,-0.051493,-0.601402,0.707861,-0.391252,-0.782228,-2.057687,0.75538,0.052476,0.576596,0.153825,-1.81203,1.766163,-2.877228,0.943009,0.939021,2.581844,-1.688857,0.163278,1.22213,-2.283513,1.522525,1.50012,-0.331505,0.363561,20.65,13621,ios_app,app,UK->NG,bill_pay,506,0,0,7,220.1,4333.0,3,1,none,0
148718,-0.395539,-0.665883,-0.78362,-1.605299,-1.906835,-1.30621,-0.519026,-0.345327,-0.254249,-0.285954,-1.300332,0.36013,-1.28551,-2.25177,-0.219024,1.445829,1.114758,-0.442527,-0.574808,-1.397327,-0.042763,1.547259,-0.261264,0.494512,0.384409,1.324332,-0.054508,1.080004,4.24,34871,web_mobile,web,US->PH,bill_pay,957,1,0,6,343.1,38008.0,7,1,none,0
27939,0.669872,-1.251827,0.263857,-0.356653,1.960514,-0.814458,0.641779,-0.245399,0.458595,0.020529,-0.5856,1.543627,0.238882,-0.80441,-0.425049,-1.093655,0.821293,-0.650289,-0.100969,1.838748,0.100725,0.125867,0.67685,-0.356682,-0.749055,-0.314086,-0.080934,-1.082301,17.4,25537,web_mobile,web,UK->NG,p2p_transfer,278,0,0,9,132.3,7863.0,2,1,none,0
132488,0.613319,0.473395,0.54247,1.595726,-0.563081,-0.887776,0.737046,1.82266,1.585874,0.085731,1.283694,0.632759,-0.584748,1.085444,0.215496,-0.875194,1.057431,-1.523971,0.659727,-0.848157,0.194817,0.583676,-1.351742,-0.650229,0.300846,-0.258861,-0.037479,-1.151165,29.77,5317,web_desktop,web,AU->PH,p2p_transfer,733,0,0,10,108.8,21217.0,5,1,none,0
23787,0.540362,0.193452,0.613781,2.795661,-0.82436,0.304855,-1.544275,1.219453,1.047103,0.004522,-0.184176,0.462471,1.461757,-0.049196,0.39504,0.574471,0.591728,-0.472946,-1.156974,0.289763,0.157609,0.534919,0.865957,-0.908506,-0.489632,0.4058,-1.214346,-0.63905,16.67,9723,ios_app,app,CA->IN,airtime_topup,821,0,0,9,25.6,2245.0,2,2,none,0
81623,-0.251665,1.129444,-0.38954,0.57089,0.202738,0.375548,1.164904,-0.159294,-0.041069,0.303669,0.526261,-0.340624,0.242079,0.68975,0.999292,-0.302369,1.303181,0.920597,0.475207,-0.230323,1.133558,-1.763599,1.474834,2.049984,0.466147,1.134451,0.774123,-1.402563,33.34,45684,ios_app,app,AU->PH,airtime_topup,924,0,0,17,43.9,999999.0,1,1,none,0
99741,-0.319826,1.178646,0.814184,-1.398742,-1.043127,1.261551,-1.235833,2.046426,0.027918,0.421172,1.080002,-1.393574,1.707827,1.676681,0.84639,1.360368,0.709487,-0.919918,-0.133831,-1.100969,-0.144784,0.177143,-0.53648,0.020741,1.268931,0.248436,-0.046726,-0.230922,73.7,23511,ios_app,app,AU->PH,airtime_topup,592,0,0,4,63.7,85946.0,4,1,none,0
88820,-0.986627,-0.115292,1.327863,-0.218834,1.043552,0.401314,-1.800131,1.497735,0.243196,1.210771,-0.390657,-0.270966,-0.441574,-0.91265,-0.406412,-0.632559,-0.520918,-0.916561,3.145258,0.333883,-0.592487,-0.336587,-0.266636,-1.853262,-2.83139,1.240298,-0.636862,0.913745,16.07,10005,ios_app,app,US->GT,airtime_topup,89,0,0,10,137.2,31489.0,4,1,none,0
20629,-0.674067,-0.239222,0.191954,-1.297573,-1.050966,-0.420637,0.334673,0.836304,1.994253,0.764956,-1.568428,1.81647,1.401114,-0.322249,-1.46707,-1.158324,1.409265,0.868902,-0.506678,0.556915,-1.376095,-1.576943,0.126818,1.24521,0.138838,1.208585,-0.148349,-1.242143,41.08,4707,web_mobile,web,US->NG,bank_deposit,1268,0,0,11,29.3,999999.0,1,1,none,0
8736,-0.082641,-1.09006,0.953307,0.375563,0.997813,0.480984,-0.601472,-0.283563,0.137651,-1.630451,-0.337246,0.344241,-1.620483,-1.392136,-1.317422,1.902903,-0.137934,0.108359,-0.152208,0.346024,-0.524096,0.403655,-0.102818,-0.787235,-0.307889,-2.508235,2.375827,-1.492133,104.45,16452,web_desktop,web,US->PH,cash_pickup,48,0,0,7,48.9,1221.0,3,2,none,0
21211,-1.175699,0.461095,-0.085595,-0.235859,-0.620136,-0.348238,-0.519471,-0.868835,0.055637,0.731017,0.508024,0.563097,1.213808,-0.239265,0.58929,-0.780239,-1.081686,-0.455812,1.984692,0.896122,-0.609217,0.251028,0.013887,1.609926,-1.337207,-0.845023,0.062037,0.841726,43.7,41901,android_app,app,AU->PH,airtime_topup,324,0,0,13,109.7,19907.0,2,1,none,0
156866,-0.543298,-0.703523,-0.739806,-1.46426,2.112471,0.13884,-1.443856,0.033529,1.645088,-0.451218,-1.96446,0.535961,-1.56888,-0.824692,0.231135,-0.249431,0.990802,0.428412,1.016419,-0.603347,0.798511,0.149366,-1.266428,0.555112,-1.168804,0.17015,0.595427,-1.585701,10.68,32461,ios_app,app,US->MX,bill_pay,1042,0,0,9,23.0,3422.0,6,2,none,0
130430,0.605076,-1.809138,-1.03782,0.401981,-1.317182,-2.322607,0.392329,1.04721,-0.552505,-0.769709,0.673211,0.279484,-0.005793,-0.719832,-0.353908,0.423286,0.518069,-0.450168,-0.210359,0.583286,-0.305707,1.228816,0.077504,0.50301,0.744072,-1.449849,0.766352,-0.365782,29.26,46545,android_app,app,US->GT,p2p_transfer,438,0,0,8,84.2,102106.0,2,1,none,0
30473,0.375891,1.152655,-0.210878,-0.085368,0.769279,-0.84364,1.338604,1.121701,0.447162,0.664019,-0.821456,-1.133309,1.470021,0.531164,1.120155,0.079719,-1.372238,0.38805,-1.371655,-0.617898,-0.116654,0.885927,-1.570269,0.348287,0.210193,-1.756468,1.205059,0.120174,16.34,21414,web_desktop,web,UK->NG,airtime_topup,201,0,0,10,87.2,19493.0,2,1,none,0
19619,-0.73748,0.103164,-0.709562,0.238988,1.280491,1.111739,-0.310615,-1.122859,0.062273,-0.540959,-0.761168,-0.234522,-0.496166,-0.165558,-0.523424,1.103091,0.118284,-2.809258,-1.408565,-2.309066,-1.57228,-1.024852,1.273685,0.115593,0.4161,0.146673,-1.615053,-2.188737,53.83,29913,web_mobile,web,AU->PH,bank_deposit,1107,0,0,9,75.3,9575.0,2,1,none,0
61870,-0.237694,-1.700787,0.791326,0.90897,-0.426914,1.635671,-1.222974,0.336086,-1.739993,-0.732398,0.945188,-0.423213,-1.01501,-1.262129,0.112713,-0.717891,0.163097,1.521986,-1.390962,0.922997,0.88852,0.442653,0.372104,0.994225,-0.372857,0.518252,-0.924085,-1.193847,151.17,25215,web_mobile,web,US->GT,cash_pickup,717,0,0,7,65.3,999999.0,1,1,none,0
159272,0.501688,-0.025206,-0.687545,-0.490712,0.471688,-1.19021,0.070473,-1.885065,-0.315725,-0.51351,-0.238648,0.823056,0.755052,0.871657,-0.776959,-1.490218,-0.227665,0.339751,0.737536,0.862791,-0.57934,1.590454,1.09125,-0.205562,1.025226,-0.862938,-1.709947,-1.210437,73.82,6815,ios_app,app,AU->PH,p2p_transfer,555,0,0,8,107.8,68004.0,6,1,none,0
41081,-0.524417,0.052397,1.131538,0.846967,0.371856,0.246584,-1.382388,0.389612,-1.532191,0.402102,1.183425,-0.843173,-0.597578,-0.053199,2.8721,1.183047,-0.348262,0.039464,0.000968,-1.771222,0.435776,-0.292981,-0.165179,0.183201,1.132479,-0.088093,-0.282408,-1.218139,18.74,33462,android_app,app,UK->NG,airtime_topup,325,0,0,13,79.6,4641.0,3,1,none,0
22267,0.173966,0.409812,0.553591,-0.686894,1.443454,-0.97305,-0.477674,-0.441037,-1.795537,-0.12003,0.74797,-1.355391,0.929198,0.642201,-1.429545,-0.822731,-1.417281,0.128757,2.149363,0.685628,1.127883,0.01596,-3.253474,0.430457,0.846844,-0.085564,-1.137394,0.669909,59.26,38487,web_mobile,web,UK->NG,p2p_transfer,42,0,0,6,154.9,999999.0,1,1,none,0
135300,-0.510575,0.205643,-0.227207,0.432175,-0.286468,-0.635893,-1.428292,0.311536,-1.059444,-0.069095,1.338671,0.336859,-1.937567,1.114499,-2.049754,-0.503293,-0.498492,-0.084304,0.232877,1.104494,-2.886982,0.05965,0.085166,-0.888274,-0.703469,0.042556,-0.737887,-0.762884,15.48,5014,ios_app,app,US->NG,airtime_topup,417,0,0,7,20.6,4615.0,7,1,none,0
15558,0.452312,-0.319099,-0.021553,0.515903,0.130085,-2.327451,-1.44986,-1.185006,-1.132778,-0.096835,-0.716942,0.135616,0.364306,-1.354453,0.05621,0.442893,-0.400756,-0.412198,-0.452222,0.376862,-1.24872,-0.77362,0.365276,-0.248227,0.270291,0.594675,0.340198,0.693366,14.18,38025,web_desktop,web,US->NG,airtime_topup,441,0,0,14,108.5,999999.0,1,1,none,0
104408,0.594512,0.718957,0.228715,0.355118,-0.743626,0.885421,2.202726,1.966643,-1.03707,1.122293,-0.566931,1.238852,-1.507192,-0.3749,0.58225,0.665966,-1.787329,-0.950644,0.748612,0.243224,1.057651,0.503981,-1.590968,-0.119063,-0.125608,1.320199,1.620016,-0.201337,4.46,27192,android_app,app,US->NG,p2p_transfer,1258,0,1,12,323.5,84158.0,3,1,none,0
75413,-0.865109,2.554109,-1.175206,-1.988098,-0.93892,0.637664,-2.244343,0.426701,-1.031698,0.297186,1.305646,2.763255,-1.144873,-0.912606,-0.27045,-2.379469,1.048732,-0.469117,1.096264,-0.555053,0.776353,-0.126246,1.213027,0.17111,-1.026805,0.861716,0.237365,-0.819548,14.64,17509,web_desktop,web,US->IN,cash_pickup,485,0,1,9,148.2,653.0,4,2,none,0
30856,0.39224,0.063901,-0.755806,0.094639,1.135261,-0.52323,0.878045,1.592073,-1.274902,0.56143,-0.027413,-1.129261,-0.080082,-0.670243,-0.646326,0.796777,-1.430324,-0.089843,0.705302,0.094323,0.191513,1.248885,-1.305639,0.769899,-0.246712,-1.003784,1.554519,-0.766975,29.74,10457,web_mobile,web,CA->IN,bank_deposit,1337,0,0,12,191.9,15083.0,2,1,none,0
82846,-0.214534,-0.292815,-0.082451,0.411797,0.791183,-0.52309,1.380988,1.597232,-0.442225,-0.330394,0.906538,-2.528644,-0.937771,-1.17365,0.428583,0.502469,1.255354,1.131255,-2.226947,-0.641786,0.554655,0.524027,1.649756,-1.065315,0.911973,-1.380613,1.849245,0.564753,79.29,33252,web_mobile,web,US->NG,airtime_topup,652,0,0,8,49.7,1436.0,6,2,none,0
140697,-0.103287,2.382759,0.703721,-1.188552,-0.390195,-0.009753,-0.554682,-2.039096,-0.073568,0.048073,0.322469,0.716602,-1.082584,-1.315586,1.915669,0.658169,-0.734978,-0.571956,-1.017635,1.092003,-0.225498,0.224658,0.027695,-1.514257,-1.064592,-0.827641,0.336348,0.616337,7.05,45369,web_mobile,web,US->NG,p2p_transfer,1300,0,0,8,43.3,17140.0,10,1,none,0
129684,-1.499291,-0.230944,1.114287,0.202486,-0.665626,-0.806728,-1.949818,0.958241,0.866476,-2.242094,0.37745,-0.822634,-1.436652,0.242185,-0.991912,0.675637,-0.119583,0.386446,0.133091,-0.162941,-1.280497,-0.468715,1.071314,0.343219,0.132834,0.012396,0.10279,-0.004278,55.38,38864,web_desktop,web,AU->PH,bill_pay,353,0,1,9,48.1,69005.0,4,1,none,0
160418,0.506813,-0.928017,-1.012489,0.334746,0.000318,0.608711,1.503705,-1.140085,0.877661,-0.608879,-1.006845,0.472216,-0.138312,-0.516584,-1.362663,1.135896,-0.410817,1.057649,-0.277909,-0.701977,-1.011089,0.849015,1.117943,-0.153727,-0.001169,-0.953233,1.230111,-1.02543,14.4,4128,android_app,app,US->PH,p2p_transfer,72,0,0,8,46.1,45922.0,5,1,none,0
33136,0.455131,0.580945,0.795685,-1.70068,-0.709425,1.480167,-1.300508,-0.348893,0.07713,-1.047108,0.492193,-0.551234,1.904514,0.45851,0.139573,0.199703,0.922133,0.159073,-0.457197,2.300422,0.597533,-0.11995,0.064273,0.624257,0.296841,0.67928,0.093236,-1.021909,37.09,33965,ios_app,app,US->PH,bill_pay,896,0,0,10,56.8,4067.0,5,1,none,0
122967,-1.0282,-0.061393,0.081291,0.140381,-1.359573,1.665595,1.298036,0.80152,1.242545,0.449618,-0.136694,0.51851,0.458742,0.956301,-1.500994,0.841925,-0.37173,-0.389112,2.416245,-0.463692,0.536788,0.801235,-0.369311,1.628036,0.293996,2.330728,-0.912623,-0.255747,7.11,33052,web_mobile,web,US->PH,bill_pay,918,0,0,9,79.4,6059.0,11,1,none,0
64514,-0.048217,-2.990325,1.096375,1.225498,1.061365,-0.389952,-0.137175,0.396112,-0.51659,-0.199905,0.231501,1.70196,-1.384165,-2.218199,-0.266181,-0.530878,-0.573872,-0.177453,-0.613407,-0.967474,-1.943075,0.239343,-0.087683,-0.88064,1.022891,0.5621,0.19453,0.99475,14.91,32188,web_mobile,web,US->IN,cash_pickup,172,0,0,14,107.5,18076.0,4,1,none,0
69970,1.205761,-2.020608,0.388371,0.642193,-0.995706,-0.249014,-0.098871,0.98222,0.083691,-0.104355,1.033162,0.239268,0.314666,-0.842194,0.701134,0.575845,-0.102843,0.508795,-0.451753,-1.727469,-0.991947,1.66399,0.096917,1.410275,1.372711,0.910743,-0.402786,0.693328,4.38,36112,android_app,app,AU->PH,p2p_transfer,1215,1,0,11,67.0,6914.0,4,1,none,0
169553,0.044756,-0.710973,-0.506624,-1.160492,-0.262163,0.719,2.148146,2.202185,0.820753,-1.197692,-1.40749,0.324347,0.693784,0.029696,0.359625,0.869177,-0.216063,1.89502,-2.478458,-0.633427,-0.685329,-1.393567,0.321702,-0.748094,-0.320664,1.364496,-0.024674,-0.855945,116.42,31621,android_app,app,AU->PH,cash_pickup,398,0,0,13,44.5,44557.0,6,1,none,0
1968,0.636948,0.607353,-0.877213,1.922181,0.365958,-0.67528,-0.599473,-2.007698,-1.096869,-1.459221,-0.079485,0.562743,-0.242478,0.195541,-0.371021,-0.48519,-0.288668,-0.322002,0.90184,0.136055,-1.558931,0.067128,1.448357,-1.781751,0.936334,0.865692,-1.842816,0.98528,6.76,42949,web_desktop,web,US->NG,bill_pay,601,0,0,13,120.5,999999.0,1,1,none,0
41380,-0.111278,-0.046299,-0.597842,-1.770241,1.892998,-0.161656,-0.40791,-2.868236,-1.531693,0.312096,0.334181,0.779551,0.201789,0.271079,-0.106855,0.227075,-0.832825,0.298511,0.23574,-1.378903,1.083557,0.499328,1.866702,-1.097208,0.100748,0.025771,-0.147447,-0.870482,30.37,27864,web_desktop,web,US->MX,p2p_transfer,771,0,0,8,93.2,30822.0,2,1,none,0
65721,-1.059072,-0.172015,0.109167,-1.515129,1.389205,0.359559,1.028503,-0.446266,0.964164,1.543157,1.03072,-1.419266,-1.166597,-0.840661,-0.216095,0.210736,-1.210238,-0.873098,-1.944693,-0.90985,-0.458177,-0.883096,1.667755,-1.261232,0.673837,-2.131544,0.731225,-0.719467,15.27,16083,ios_app,app,CA->IN,bill_pay,468,0,0,10,39.1,999999.0,1,1,none,0
138520,0.958183,1.089919,0.071836,1.397171,0.06572,-0.621045,-0.313274,0.048306,0.19997,0.375692,0.117125,1.637052,1.001049,-0.343619,0.428774,-0.108527,-1.62623,0.67498,-0.996187,0.370431,-1.450443,0.404054,-0.419449,0.358079,-1.404038,-0.151749,0.331128,-1.012978,13.82,46512,web_mobile,web,US->PH,bill_pay,1481,0,0,11,62.5,5478.0,7,1,none,0
75800,1.589781,-0.659138,-1.077159,-0.521717,0.656927,1.095738,-0.871095,0.220642,-1.376037,1.168222,1.514641,-0.31123,-0.243195,1.233446,-0.114465,-2.247703,0.828776,0.606611,-0.42381,0.906339,1.086981,0.216817,0.799499,1.289112,0.68146,-1.242834,0.162132,0.968055,71.15,5053,ios_app,app,US->NG,p2p_transfer,547,0,0,13,89.5,5914.0,4,1,none,0
33243,-0.117861,0.236916,-1.128916,-0.768686,-0.277527,1.266126,1.372753,0.307936,-1.600683,-1.561145,0.994891,1.565887,1.496094,0.474591,0.669746,-0.444635,0.347162,-0.025275,-0.558262,0.870207,1.278211,-0.389832,-0.120714,0.036598,-1.269206,-0.282348,0.992503,0.710748,37.22,2610,web_mobile,web,US->PH,cash_pickup,625,0,0,9,99.3,999999.0,1,1,none,0
157334,-1.004634,0.214747,0.274119,0.425889,-0.635348,1.464165,-0.227409,-1.071884,0.304304,0.343447,-0.116819,-1.504975,-1.779345,1.34819,-0.593735,0.452079,-2.492765,0.090268,1.465436,-1.474872,0.150676,-0.548596,0.682859,-1.090207,-0.149281,1.235263,-0.215698,0.0954,37.66,22599,web_mobile,app,AU->PH,cash_pickup,992,1,1,8,45.7,88472.0,4,1,none,0
130485,-1.230128,1.113026,-0.702196,-0.710507,-0.492231,0.589163,0.165844,0.362101,-0.107096,-0.077215,0.289553,-0.464516,0.726916,-1.453428,-0.89307,0.965436,1.942782,-0.779315,-1.05441,-0.490208,0.768706,0.169978,0.216623,0.927609,-1.037128,-1.314747,-0.063138,0.13496,11.23,22075,android_app,app,AU->PH,airtime_topup,625,0,0,11,125.5,1211.0,5,2,none,0
63517,0.703162,0.936185,1.22419,-0.618357,0.565915,-0.891721,-0.105549,-0.441971,-0.4652,-1.316033,0.638252,-0.13561,-0.480846,-0.808119,-1.70421,2.833294,1.318268,-1.587595,0.883673,1.493389,-0.773333,0.239822,-0.374852,0.640262,-1.094905,-0.301071,-0.350848,-2.014211,12.31,37273,web_desktop,web,UK->NG,bank_deposit,1372,0,0,8,97.2,999999.0,1,1,none,0
157784,-1.1288,-0.037768,-0.192781,-0.981359,1.167177,0.058886,-0.496815,0.069277,0.533888,-0.693971,1.277533,-1.46386,0.403919,0.144003,-1.438931,-2.810349,0.103171,-0.691294,0.706674,-1.132236,-0.361637,2.137511,0.630579,-0.172514,-0.22562,-1.967993,0.337742,-1.037792,13.75,45020,web_desktop,web,UK->NG,bill_pay,1152,0,0,10,39.6,1853.0,10,3,none,0
95812,0.029783,0.382028,0.129175,2.581265,-1.083909,0.946191,0.082614,-0.755197,0.679405,1.452042,-0.69393,-2.092508,0.821134,-0.081612,1.555799,0.65545,0.906747,-0.47882,-0.176744,-0.274859,-1.047222,0.588478,-0.127235,-1.300375,1.246748,1.213492,-0.22542,0.050996,18.63,26621,web_mobile,web,AU->PH,cash_pickup,704,0,0,7,186.7,14774.0,4,1,none,0
138450,0.234729,0.519532,-0.83365,0.531084,-1.679562,-0.872146,-1.104317,1.111371,0.464257,1.861329,-0.970663,0.199918,-2.189437,0.015472,0.418088,-0.206751,-0.27501,1.680668,-0.182066,0.661568,0.01824,-0.192922,-0.807909,0.600286,0.310333,0.574641,-0.731698,0.207271,11.39,6627,web_desktop,web,CA->IN,cash_pickup,278,0,0,11,9.2,12921.0,4,1,none,0
28590,-1.11492,0.178777,0.555945,-0.505332,0.319771,-1.071282,-0.531134,0.747366,1.229272,0.603133,-1.042018,0.738259,0.897247,-0.238924,-0.342676,-0.850775,0.1877,1.559196,-0.647927,0.540046,-0.031748,1.632662,-0.233501,0.89992,0.133963,1.210135,0.009962,-0.86482,15.98,27801,ios_app,app,US->PH,bill_pay,827,0,0,14,49.3,5369.0,2,1,none,0
113092,-1.12161,-0.004974,0.505855,-1.071262,-0.047132,-0.850768,0.804135,1.436426,0.026987,-0.354198,-0.122952,-0.490695,1.360656,-1.665849,0.657462,-0.270778,0.646242,2.247252,0.589962,1.404442,1.323557,1.08515,-0.620533,-0.950258,-1.506637,0.066218,-2.178396,-1.119153,33.81,10274,android_app,app,AU->PH,airtime_topup,1406,0,0,6,170.0,65172.0,4,1,none,0
84142,1.014049,-0.313443,1.695482,0.423216,0.905081,0.042985,0.354343,-1.699208,-0.695843,-1.18009,-0.544391,0.419277,-0.440687,0.747909,0.563476,0.482129,0.659135,-0.542657,2.105511,0.019575,-0.492931,0.449839,-1.063268,0.048161,-0.789284,-0.726736,0.854505,-1.342694,28.24,12310,ios_app,app,US->MX,airtime_topup,448,0,0,11,75.6,46627.0,2,1,none,0
29430,0.851708,0.387488,-0.590914,1.505798,-0.267023,-0.320662,-0.187705,-0.571607,0.841511,0.134883,-0.976061,-0.829877,1.387634,-0.026227,-0.996072,0.978288,0.700796,1.496205,-0.252709,0.397475,-0.382246,-1.56403,-0.031502,0.59208,1.18428,0.394235,-0.165437,-0.526553,261.48,46769,ios_app,app,CA->IN,airtime_topup,592,0,0,7,110.5,3672.0,2,1,none,0
88944,1.207397,-0.744702,-0.296111,0.788026,0.480667,-0.032845,-0.554555,-0.031481,-0.429786,-0.710772,0.257136,-0.470184,-1.248874,-1.384828,-0.432551,-0.353264,0.455685,0.610765,-0.805954,-0.515165,2.873817,-1.298973,-1.222795,1.201741,1.065053,0.564691,1.646304,0.142059,11.89,23552,android_app,app,US->IN,airtime_topup,1140,0,0,9,162.9,47584.0,4,1,none,0
52026,0.232537,-0.759155,0.572979,-2.797189,-1.299491,1.198258,2.009213,0.844446,-0.499305,0.951107,-0.91274,-1.513605,0.641029,-0.303003,1.349373,0.308744,0.333256,-0.766774,1.485636,-1.272042,1.264522,1.244958,2.24427,0.020664,-0.54827,-0.864297,2.322396,1.930369,25.87,31582,android_app,app,US->MX,bill_pay,1377,0,0,8,116.4,24698.0,3,1,none,0
103892,1.29864,0.888858,-0.48755,-0.692888,-0.963649,0.843424,0.201278,0.735858,1.619637,-0.978923,-0.894914,0.324621,-0.12997,-1.196476,-0.174444,0.458101,0.249061,0.032079,0.225904,0.750513,1.100909,-0.881365,-0.731028,0.13836,1.065248,1.605569,-0.546113,0.340051,9.24,5384,web_mobile,web,CA->IN,p2p_transfer,866,0,0,11,229.6,5672.0,2,1,none,0
22118,0.563186,0.992928,-0.789967,0.167201,-1.170506,0.201288,-0.197418,-0.77348,0.439873,-1.216007,0.500094,0.147511,0.44326,0.175676,-0.548255,-0.424587,-0.70665,1.885044,-0.175949,-1.413104,-0.828656,0.676025,-0.469963,0.593972,-0.495295,0.495766,-0.561207,0.768152,941.67,25811,ios_app,app,US->MX,p2p_transfer,858,0,0,8,99.6,999999.0,1,1,none,0
35704,-1.11739,0.443966,0.380796,-0.168397,1.139265,-0.504911,0.585621,-0.620605,-0.743168,0.779545,-0.156413,-0.183179,-0.267304,-1.94569,0.453317,-0.501589,1.398455,0.437832,-0.150549,-0.15824,1.190193,-1.264078,-0.873483,-0.004423,-0.947538,0.596853,0.353445,1.338525,31.69,6071,android_app,app,US->IN,p2p_transfer,591,0,0,13,76.7,999999.0,1,1,none,0
4640,0.476997,-0.360003,0.520518,-3.33282,0.170747,-1.489551,-2.04209,-1.314092,-1.04951,-0.216809,-0.844438,0.539863,-0.832299,1.186676,1.562515,-1.09716,-0.771503,0.414237,1.165556,-0.814571,1.957491,-0.630055,-0.275082,-0.272949,1.345248,0.462751,0.219491,-0.895525,5.77,32148,android_app,app,AU->PH,bill_pay,204,0,0,12,63.3,999999.0,1,1,none,0
126527,-0.962349,-2.447988,-0.302458,1.497563,0.691094,-0.37076,0.787254,-0.286806,1.700917,0.207725,1.285121,0.557745,-1.355238,1.057701,2.29144,-0.950142,1.838945,1.016942,-2.205725,0.078111,-0.465246,1.207232,-0.369377,-0.460711,-0.105938,-1.751757,-0.576219,-0.624522,17.05,37838,ios_app,app,US->MX,p2p_transfer,874,0,0,11,116.2,6846.0,4,1,none,0
122786,1.176725,-1.100893,1.792337,-0.124587,-0.935935,1.04782,-0.25259,0.835339,0.699846,0.738015,-0.496276,0.323408,-0.697144,1.49694,-0.659118,-1.131008,0.788287,0.98343,0.043486,-0.885216,1.182219,1.020147,0.645864,0.386278,-0.444166,-0.67507,-0.990528,-1.374159,10.27,39918,web_mobile,web,CA->IN,bill_pay,497,0,0,6,276.1,21254.0,7,1,none,0
50782,-1.132123,-0.805699,0.849335,0.319689,1.931602,1.297986,-0.333296,-1.901324,0.040629,1.933277,0.404907,0.36948,0.536514,0.902157,0.107255,-1.043083,-0.917071,0.986591,2.145567,-0.962182,1.595353,-1.32629,0.459283,-1.238178,1.464271,0.057767,0.384417,-2.009513,28.6,2157,web_mobile,web,CA->IN,cash_pickup,1156,0,0,14,105.0,40784.0,2,1,none,0
146668,0.158864,0.716643,0.534074,1.370364,-0.912804,0.865134,1.948654,-0.398445,0.855745,1.736646,-0.273021,-0.691232,-0.691664,0.690781,-1.58046,1.133863,-2.000215,-0.107241,-1.43068,-2.532232,-0.303448,-0.795837,-0.107362,1.189013,1.372701,0.989827,0.99063,1.475926,28.59,40934,android_app,app,AU->PH,p2p_transfer,212,1,0,8,99.4,33104.0,8,1,none,0
67140,1.706801,0.091722,0.829218,0.990065,0.116069,-0.229519,0.87052,-1.398195,-0.326016,-0.010458,1.063773,0.334276,0.384954,1.845215,-0.9572,0.520254,-0.84384,0.242231,-0.698201,1.879728,-0.190566,-0.593276,-0.906759,0.305256,0.552694,-0.974158,-0.388499,0.577964,13.8,39156,web_mobile,web,US->GT,cash_pickup,244,0,0,10,56.3,45522.0,2,1,none,0
25188,-0.554421,1.322877,0.235371,-1.757922,-0.75034,1.429854,1.705522,-0.370231,-0.844555,-0.000436,0.916723,-0.308906,0.297831,-1.326565,0.573208,-0.720312,-2.163445,0.691057,0.335131,0.085649,-0.893375,-1.226965,-0.829422,0.896581,-1.681099,1.729181,0.688306,-0.758569,35.48,39889,ios_app,app,AU->PH,cash_pickup,563,0,0,9,103.2,2372.0,3,2,none,0
76079,-1.689933,0.614153,-0.57268,-0.268676,1.481369,-0.746104,0.620082,0.22495,1.418954,-0.611779,0.879462,1.17265,0.267223,-0.634427,0.111835,0.342973,0.275218,-0.137872,-1.740159,0.362636,-0.912419,-1.084997,0.818746,-0.526336,-1.139578,-0.500129,0.389478,1.071948,20.71,18482,web_desktop,web,US->NG,p2p_transfer,815,0,0,6,85.4,999999.0,1,1,none,0
61554,-0.577039,-0.926315,1.636188,0.611007,0.738336,0.06429,-0.963608,1.523893,0.925097,0.905501,-0.245778,1.478679,-0.877431,-0.223267,0.032802,-1.464092,0.034146,0.291207,-1.467368,0.12592,1.784743,-0.476875,0.397612,-0.678833,-0.001615,-0.199213,1.966395,0.541379,40.3,6964,web_desktop,app,US->PH,p2p_transfer,718,1,0,11,115.6,17312.0,4,1,none,0
67755,-0.043103,0.465174,0.828849,0.039802,0.257756,-0.38723,-1.485516,-0.508557,-1.489314,0.076008,1.846009,-1.783464,-2.222436,0.415308,0.76876,0.684014,0.930441,-0.693515,-0.821642,1.574932,0.116002,0.346936,0.512578,1.793215,0.163607,0.707428,0.521208,-1.332856,43.88,16611,ios_app,app,US->IN,p2p_transfer,399,0,0,10,115.1,60529.0,2,1,none,0
103426,0.629044,0.711089,0.154523,-0.828809,-0.9031,-1.175857,0.531401,1.503624,0.755976,0.075623,-1.88076,0.001228,-0.252097,0.536435,-1.114241,0.758018,0.411999,0.113773,2.401543,0.043205,-0.40821,0.632113,-0.387257,-1.069421,1.526523,-1.223273,0.328322,0.508282,16.49,31416,android_app,app,US->IN,bill_pay,1443,0,0,8,69.3,14202.0,4,1,none,0
124075,-0.970223,0.072651,0.828743,-0.026535,0.889363,-0.002019,0.586132,0.784361,-0.730043,0.065216,-0.911906,1.390497,0.952285,-2.028491,0.978146,-0.97355,0.000128,-0.771686,-1.380033,1.021343,0.327786,0.278682,-1.34078,0.342987,-0.444895,1.022738,0.446796,0.178761,66.31,16057,web_desktop,web,US->PH,airtime_topup,256,0,0,11,213.1,10306.0,6,1,none,0
123543,-0.073058,-0.733236,-2.524786,0.105841,-0.441718,-0.134246,-0.519547,-0.183345,-1.043531,-1.711957,-0.940903,1.546883,1.188017,1.286913,1.768295,0.179948,0.393121,-0.94075,-0.510152,-1.159994,-1.149482,-0.709125,0.502588,0.276277,-0.676802,1.853507,0.295342,0.519389,11.77,693,android_app,app,CA->IN,bill_pay,763,0,0,8,29.2,1626.0,8,2,none,0
28469,1.578562,1.773753,-0.63317,2.432498,1.084385,-0.118098,0.314266,0.938265,-0.960527,-1.258164,-0.436277,-0.973498,0.698155,2.030191,-0.320444,0.106513,1.476702,-0.724244,-0.623228,-0.189054,0.564061,-1.761738,-0.556945,-1.06795,1.069825,0.613636,-2.134345,1.569743,21.66,19388,web_mobile,app,US->NG,bank_deposit,749,1,0,8,40.7,999999.0,1,1,none,0
105578,-1.819276,1.873452,0.865837,-1.317547,-0.858764,0.090319,1.016633,-2.460095,-0.024323,-1.391566,1.63694,-1.784835,-0.012508,0.003356,-0.376697,-0.884764,0.285467,1.117091,0.256002,0.465382,0.476174,0.371444,0.161087,-2.523576,2.166007,0.673864,-0.480842,-0.404184,27.07,12919,web_mobile,web,US->IN,airtime_topup,1455,0,0,4,112.5,27867.0,3,1,none,0
96619,1.178583,-0.258514,1.656678,-0.935088,-0.938089,0.023619,0.033901,0.763444,0.333747,-0.621083,-1.785923,-0.236606,-0.748256,-0.355771,-1.447903,0.259987,-1.26491,0.686585,0.904015,0.226428,0.212266,0.875112,1.362749,1.645933,-1.910207,-1.00266,-1.215494,-0.428473,93.32,19523,android_app,app,US->MX,p2p_transfer,369,1,0,5,71.8,20335.0,5,1,none,0
49265,-0.735195,-0.475953,-0.453962,-1.959143,-0.803667,-0.493044,0.337165,0.218298,-0.266354,-1.647441,-1.322321,0.037837,-1.191665,0.934645,-0.146863,1.828152,-0.488793,0.155821,0.100471,-1.269494,-1.486621,0.489889,1.215031,1.201051,-0.00674,1.917331,-0.342067,-0.56957,46.97,30803,web_mobile,web,US->IN,p2p_transfer,796,0,0,9,282.1,2922.0,4,2,none,0
121639,0.758829,-0.407183,-1.183122,-0.57781,-2.682197,-0.360742,0.894141,0.726047,-1.324902,2.12633,-0.282334,0.628172,-0.698712,1.151891,1.131983,0.844588,0.637674,0.81448,-0.151484,-1.004792,-3.142619,-1.609165,1.752578,-0.63273,-0.343591,-0.746451,-1.353767,-2.755808,81.85,37337,android_app,app,UK->NG,p2p_transfer,1110,0,0,4,65.6,790.0,6,3,none,0
91205,-1.541024,0.078504,0.155576,0.341007,1.371015,0.52183,-0.222841,1.342286,0.579141,-0.468599,-0.782472,-0.148846,-0.143608,0.809405,-1.048476,0.244197,0.52344,1.31503,0.811476,0.498987,-0.781806,0.46457,0.523014,1.22912,-1.519512,-0.614197,0.297364,1.12452,35.41,30061,android_app,app,US->GT,bill_pay,157,0,0,10,78.6,999999.0,1,1,none,0
39528,-0.49285,0.784462,-2.400978,-1.092145,-0.078499,0.381675,0.830992,0.95837,0.146934,0.572018,-0.749655,0.222395,-0.041553,1.29277,0.331538,0.296246,-0.06549,0.848364,0.691722,-0.294233,-0.432067,0.360592,0.426159,0.369097,-0.452171,-0.248451,1.176164,-2.136591,35.88,5112,web_mobile,web,US->PH,bill_pay,932,0,0,12,64.0,13763.0,3,1,none,0
91273,0.150452,-0.279897,-0.132079,-0.97194,0.476808,-0.890853,-0.145325,-0.661297,0.861117,-0.243593,1.703402,0.756034,-0.602553,1.019491,-0.6198,0.942473,0.606945,1.569183,1.250101,-0.135666,-1.229333,0.168717,-1.105802,0.492741,0.205637,-1.107386,-0.987875,1.819117,17.31,18900,web_desktop,web,US->PH,p2p_transfer,589,0,0,6,28.1,33108.0,5,1,none,0
41801,-0.096445,0.70076,-0.790849,-0.137633,-0.251422,0.399189,-0.06119,-1.229843,-0.72862,0.820289,0.30662,0.335093,-0.299287,-0.960758,-0.255119,-0.531637,0.910122,-0.959018,-1.142459,-1.297785,1.689382,0.088136,0.5679,-0.33747,0.480006,0.506663,2.045329,-0.815232,7.7,26443,web_mobile,web,CA->IN,bank_deposit,1355,0,0,6,79.1,24367.0,2,1,none,0
158435,0.5504,-0.036985,0.486796,1.680732,0.236596,2.121228,-1.25429,-0.317667,-0.968925,-1.414508,-0.612046,-0.295697,0.783818,-0.050317,1.337522,-1.900832,-0.314066,0.987363,0.177211,1.42947,-0.641099,0.724223,0.549721,0.371206,-0.612378,0.947627,-1.635003,-0.323069,18.31,29018,ios_app,app,US->MX,cash_pickup,1088,0,0,6,41.8,4943.0,9,1,none,0
146042,-1.289681,0.722926,-0.988399,0.748062,-0.18545,0.746646,0.075008,0.712545,1.228658,1.245491,0.109172,0.80178,0.369572,-1.943155,-0.347938,0.068331,-1.926993,0.869341,-0.15338,0.866682,-1.376712,1.31804,-0.099302,1.608755,-1.193865,-0.472958,1.353588,-1.577498,30.26,26900,ios_app,app,US->PH,p2p_transfer,269,0,0,6,87.2,10628.0,5,1,none,0
99842,0.692422,-0.350649,0.549602,-0.968206,1.259336,1.716806,-0.467459,0.704229,1.75387,-1.54998,-2.091128,-0.333362,1.107891,-0.621895,1.179052,0.621008,0.615338,0.824964,0.278089,0.762495,-1.520263,-0.149258,0.059942,-2.423973,1.795293,-0.225555,1.701128,-1.220485,23.19,16379,web_desktop,web,UK->NG,bill_pay,377,0,0,11,52.4,34573.0,5,1,none,0
144509,-0.272223,0.05475,0.034223,-0.744272,0.706442,-0.360639,-1.726636,-0.777409,-0.688901,-0.886237,-0.53258,0.784705,-0.538643,0.795915,1.16942,-0.051965,0.878486,0.87727,-1.180797,0.948225,0.212262,-0.217363,-0.36787,-0.272006,-0.03235,-0.067943,0.611973,-0.166554,26.14,5859,android_app,app,US->MX,cash_pickup,457,0,0,9,23.3,113666.0,2,1,none,0
128244,-1.224508,0.04238,-0.971689,-1.0898,0.871107,0.888393,1.532576,0.252578,0.930814,-0.720606,0.243011,0.925819,1.043947,0.747612,-0.756317,-1.216876,-1.057179,0.978788,0.028756,-0.194712,-0.309716,-1.568464,0.297123,-0.160981,1.043493,0.39589,-1.712621,-0.880543,7.1,41605,web_desktop,web,US->GT,airtime_topup,422,0,0,13,80.0,77567.0,5,1,none,0
30621,0.066885,1.69829,-0.029456,0.249902,0.805611,0.150892,-1.567572,-0.462416,1.301031,-0.234278,-1.303748,-0.065022,-0.091029,0.323076,-0.485876,0.179459,0.103646,0.261217,-0.283376,0.554333,1.553559,2.002856,-0.768105,-0.027881,0.454793,-0.234,-2.160463,0.060506,2.65,39973,android_app,app,US->IN,airtime_topup,42,0,0,7,22.2,22017.0,2,1,none,0
95508,0.698808,-0.136064,-0.072021,-0.696534,0.696235,1.389175,2.141104,-2.632414,0.418222,0.920323,0.74291,-1.400033,0.24023,-0.155255,-0.045431,1.297816,-0.182038,-0.20688,-0.381954,-1.06403,0.319361,-1.239513,1.518358,0.906792,-0.036789,-0.316379,-0.335914,-0.719489,22.1,22028,web_desktop,web,US->IN,airtime_topup,545,0,0,4,100.2,72353.0,4,1,none,0
3081,0.129679,-1.482253,0.590944,0.058648,-0.296262,-1.390455,-1.410612,0.089796,-0.68131,0.237936,-0.229634,-1.258806,-1.189309,-0.377861,-0.303769,-0.959666,0.208248,2.282397,-0.260071,-0.573313,1.331642,0.028694,1.337786,-1.207449,-0.691016,0.461343,-0.075131,-0.175343,44.03,32904,web_mobile,web,US->NG,p2p_transfer,436,0,0,16,36.6,999999.0,1,1,none,0
172669,-1.131043,1.990378,-0.366209,-0.192767,0.642069,-1.732106,0.100323,-0.350157,0.223326,-0.408769,-1.808234,-0.452123,0.158013,1.000393,-0.831765,-1.775684,0.666961,0.631995,-1.779549,0.793212,0.567918,0.767009,1.090353,-0.506484,0.697351,-0.249609,-0.782885,0.547758,39.85,41138,ios_app,app,US->NG,bill_pay,674,0,0,6,147.4,8637.0,14,1,none,0
33356,0.89771,-1.372629,0.228934,-0.823029,-0.386226,-0.47048,-0.420213,0.241455,-0.895395,0.871271,1.605348,0.261943,-1.668335,0.73016,0.641925,0.399269,0.513667,0.16319,0.351283,0.203831,1.073601,-0.932842,-0.752232,0.123785,-0.494752,0.34378,-0.973127,-2.273254,51.19,4624,android_app,app,CA->IN,p2p_transfer,938,0,0,8,253.7,8956.0,2,1,none,0
83905,0.925911,-0.243817,-0.133851,0.669407,1.953821,-1.057979,1.265935,-0.241046,-0.531855,-0.521783,0.952471,-0.445491,0.860794,0.365812,-1.586848,0.63739,-0.423022,2.069747,1.685645,-1.645451,-0.117633,0.933963,-1.7502,0.295082,-0.825395,0.269659,-1.074231,1.371719,8.76,34755,web_desktop,web,US->GT,bill_pay,1094,0,0,7,177.7,5169.0,8,1,none,0
99018,-1.194424,-1.568396,0.920676,-0.486168,-1.379622,-0.24072,0.972363,-0.194536,1.230513,1.01743,0.138014,-0.147023,0.023997,-0.049789,2.201251,-1.368181,-2.92722,0.03323,0.934214,-0.735698,-1.215295,1.320284,1.134708,-0.747209,-0.602833,-0.298876,-0.188354,0.351793,16.21,167,android_app,app,US->GT,bank_deposit,521,0,0,10,137.5,42426.0,4,1,none,0
27227,0.10797,-0.708893,-0.877696,0.983672,0.369287,-0.045121,0.039992,-1.08625,-0.498674,0.387692,1.017614,-0.958879,0.008499,-1.22693,-1.478302,0.802866,0.408218,-0.257672,0.177418,-0.30552,0.377239,-0.58854,1.255197,0.04523,-0.79423,-0.696339,1.052858,-0.272713,10.41,31010,android_app,app,US->MX,bill_pay,825,0,0,9,68.5,999999.0,1,1,none,0
110420,-0.547657,0.498197,-0.913384,1.191159,-1.237306,-0.347082,-1.475954,0.375144,-0.104644,0.11838,-2.579249,-0.924153,-0.680977,-0.283725,-1.079261,0.799219,-0.492592,-1.003213,-2.782778,0.64861,-0.617271,-0.149207,0.501765,-0.484942,1.216542,-1.013944,0.090719,0.579282,32.81,2834,web_desktop,web,US->NG,bill_pay,1382,1,0,9,115.1,12114.0,5,1,none,0
90452,0.344376,3.140873,-0.012474,-0.645602,-0.71926,0.676674,0.764067,1.445502,-1.206228,-0.678034,0.247809,-0.844592,0.617471,-0.21607,0.351763,-0.478498,-0.117896,-0.842747,-0.058162,1.086889,-0.449443,1.269034,-0.19903,-1.091267,1.256586,0.656559,-1.492407,-0.217041,7.25,32264,web_mobile,web,AU->PH,cash_pickup,833,0,0,6,131.9,10212.0,4,1,none,0
49542,-0.477074,1.620664,-0.356596,0.81614,-2.190949,-1.268967,-1.480127,0.864346,-0.110177,-0.37493,-0.211661,-0.045705,1.928095,0.371407,1.199504,-0.714706,-1.946655,-0.104256,-0.847128,2.040767,0.815927,-0.238817,1.064766,-1.325816,-0.975446,0.583445,1.192525,0.282016,22.08,45792,android_app,app,US->IN,bill_pay,618,0,0,3,50.6,10157.0,5,1,none,0
4912,0.161241,0.209153,0.179127,1.523082,-0.149605,-0.14827,2.16837,1.982128,-1.199785,-0.01662,-0.153081,-0.229752,0.40166,-1.727598,0.452945,0.602519,-0.008194,-1.061756,-1.570964,1.900131,-0.324947,0.376766,-0.379948,0.408073,0.124899,1.147099,1.469949,0.750501,185.01,22145,web_desktop,app,US->NG,airtime_topup,1355,1,0,13,69.1,999999.0,1,1,none,0
148033,3.367629,0.002385,0.353865,1.362092,0.522422,-0.192798,1.493368,1.035908,-0.670175,0.34894,-0.554554,-1.699136,2.051316,2.080409,0.637442,-0.505524,-2.258153,-0.271693,0.818084,1.288575,-0.180076,0.583699,2.506556,-0.840078,0.572049,0.122999,0.639498,-0.327696,102.73,46908,web_mobile,web,US->GT,p2p_transfer,1252,0,0,9,111.7,28255.0,4,1,none,0
120026,-1.297951,0.462836,0.308071,-0.187781,-0.571102,1.196018,0.129751,0.705084,-0.647693,-0.453396,-1.775849,-0.123764,0.282779,-0.431047,1.076477,-0.048693,0.209403,0.828771,-0.640577,1.369253,-0.077471,-1.205813,-0.507574,-1.410373,0.396998,-0.624468,-0.239303,0.988787,37.29,31137,android_app,app,US->NG,cash_pickup,658,0,0,5,63.8,5458.0,7,1,none,0
23532,-1.612084,-0.406915,1.405866,0.421298,0.464117,-0.073689,1.7322,-1.045403,-1.604428,0.130484,-0.824742,-0.672089,-0.046678,-1.77541,-0.531057,1.001163,0.767668,-0.914758,-0.072029,0.574928,-0.120567,1.150376,0.240892,-0.862578,-0.966138,1.527329,0.176995,0.772705,22.04,12883,android_app,app,US->NG,p2p_transfer,451,0,1,13,101.8,21298.0,2,1,none,0
69745,1.578101,0.134512,1.823507,1.078207,-0.944251,1.557654,1.640223,1.545834,1.118675,-0.732082,-0.009165,0.88504,0.606801,0.790468,0.136641,0.988937,-1.038414,0.040243,2.159835,2.138035,0.607101,-0.982093,-0.867526,0.293614,-0.351455,-1.56108,-1.727238,0.693473,17.85,35703,web_desktop,web,US->IN,cash_pickup,18,0,0,5,192.1,479.0,3,2,none,0
52200,1.262321,-0.196147,-0.735538,0.060241,-1.146294,0.305997,-0.003314,-0.073715,1.322553,0.613974,-0.56326,0.640632,1.840303,1.169464,-1.930597,0.366263,-0.62625,1.1177,-0.05893,-0.830192,0.057186,0.948057,0.495058,-0.364138,-3.465982,-1.251692,-0.138113,-0.037479,15.02,23983,web_mobile,web,US->GT,bill_pay,96,0,0,6,72.9,27930.0,2,1,none,0
123247,-1.499639,-0.631962,0.349405,-1.108443,-0.230316,0.932763,0.731899,0.300036,1.850861,-1.719901,1.260402,1.089878,-1.001707,-0.20311,0.368728,-1.341498,1.21181,-1.621273,0.21499,1.386443,-0.208513,0.736711,1.018993,-0.380571,0.036064,-0.036106,-0.980259,-0.181121,10.32,30235,android_app,app,US->PH,bill_pay,1133,0,0,11,144.5,2789.0,5,2,none,0
6611,-1.490041,0.145966,-0.433363,-0.21745,0.126098,1.023037,-0.435955,-2.204616,-1.459201,1.963431,-1.384894,1.002967,0.690911,-2.512179,-0.105177,2.653753,0.984943,-1.003478,-1.498503,0.951318,-0.21152,-0.531481,0.4332,-0.578786,1.115075,-0.685861,0.88401,-1.340077,13.77,31781,web_desktop,web,AU->PH,cash_pickup,444,0,0,16,37.3,999999.0,1,1,none,0
65018,-1.105717,-1.297555,0.690553,-0.150598,-0.612738,-0.044907,-1.367082,-0.135457,-1.69427,-1.007544,0.053322,1.622073,-0.164894,-0.798016,-1.169414,-1.363544,0.910345,-1.526543,0.674637,-0.544176,0.365368,-0.042923,-0.288688,-1.876258,0.106906,-2.096345,0.033654,1.178211,2.76,26653,android_app,app,AU->PH,cash_pickup,591,0,1,11,71.8,999999.0,1,1,none,0
156923,0.676038,0.263203,0.08945,1.581144,0.990338,1.06055,-1.127583,-1.280736,-1.916126,-1.454836,-0.793588,-0.595864,-0.771612,1.796566,-1.113653,-0.806293,-0.164294,-0.734212,-0.573104,0.116052,0.189013,-1.125621,-0.246914,1.063103,-1.08562,-0.282802,0.107986,-0.103716,951.46,13109,web_desktop,web,UK->NG,cash_pickup,1249,0,0,4,188.7,2837.0,8,2,none,0
39425,2.244241,0.220622,0.661604,0.454015,-0.196581,-1.839911,0.17455,-1.034311,1.823748,0.42763,1.815085,0.193907,-0.618432,0.207309,-1.192484,1.550946,-0.682971,1.831228,0.298989,-1.030956,0.602683,-0.120451,0.139812,-0.431512,-1.348633,-0.076059,0.297377,-0.12378,13.35,10396,web_mobile,web,US->IN,cash_pickup,47,0,0,10,157.4,1174.0,4,2,none,0
73642,0.099486,2.158787,1.160002,-0.671311,0.777193,-0.079991,-0.592161,-1.433413,-0.664159,0.798544,-0.983188,0.655518,0.957219,0.15036,0.995237,-0.937895,1.388833,-0.530272,0.696173,-0.791509,0.300264,0.88436,-0.833313,-0.469259,-0.8912,-0.034598,0.542072,0.588109,19.07,46876,ios_app,web,US->MX,airtime_topup,941,1,0,7,100.0,24195.0,6,1,none,0
94712,-1.284392,-1.528725,0.106644,-0.989312,-0.071955,-0.205017,0.116334,1.276317,-1.719908,0.774192,-1.440543,0.77146,0.58818,-0.066693,0.49522,-0.666064,0.872601,-0.194237,-0.485134,-0.383509,-0.105889,0.711005,-0.249087,-2.544288,-0.759295,-0.764223,0.836564,0.230437,28.2,24009,ios_app,app,CA->IN,p2p_transfer,1015,0,0,6,37.0,5270.0,5,1,none,0
107537,-0.288556,-0.263856,-1.602256,-2.589534,1.851293,-0.933977,-0.197324,-0.243878,1.363927,0.946911,-0.4836,1.268585,0.97284,1.613934,-0.332676,0.293732,-0.147611,-0.208624,-0.70799,0.744895,0.685105,0.564847,1.517455,-1.46128,-0.045592,-0.96605,0.04763,-1.741039,9.6,37141,web_mobile,web,US->IN,p2p_transfer,299,0,0,6,49.7,53450.0,2,1,none,0
12018,0.645986,-0.898696,-2.065843,-1.048851,-0.29379,1.191976,1.335407,-1.113565,-0.284585,-0.734579,-0.582276,-1.188064,-2.411161,0.088837,-1.06367,-0.293093,-0.031869,-1.185642,-1.040198,-1.67217,0.760312,-0.954983,1.013763,1.113561,-0.619456,-0.173274,1.305998,-0.886508,15.51,2024,android_app,app,CA->IN,p2p_transfer,630,0,0,10,80.5,999999.0,1,1,none,0
99972,-1.540601,2.562567,-1.143523,0.88594,0.599505,0.129927,-1.370324,-1.012502,0.294414,1.345563,-3.223821,0.463049,-0.600746,0.469336,0.943553,-1.332497,-0.550483,1.155565,-0.055955,0.295515,1.111663,-0.612836,0.851337,-0.412713,-0.965641,-0.983113,-0.640676,0.995565,21.84,21865,web_mobile,web,US->NG,p2p_transfer,1391,0,0,6,61.9,12026.0,3,1,none,0
13822,-0.289277,-0.036217,0.036405,0.781787,-0.39719,0.510133,-0.27338,0.166391,-0.65602,1.03472,-1.324455,-1.069423,-0.773823,0.006123,0.792242,-1.519803,0.097991,-0.492428,1.067478,-0.869626,1.7127,1.048158,1.410022,-0.234179,0.226546,0.675125,-0.990343,1.879574,23.05,17111,ios_app,app,US->GT,p2p_transfer,445,0,0,11,2.0,999999.0,1,1,none,0
166019,-1.25283,-0.360895,-0.956745,-0.743655,0.78127,0.951687,-0.098964,-0.414961,-0.143137,-0.272475,0.429868,-1.301023,0.160351,-0.118768,0.924965,0.358343,-0.180186,1.631085,0.06185,0.630367,-0.786302,1.783905,-1.575821,0.742972,0.850698,0.014161,0.311268,0.894739,39.6,30560,web_desktop,web,AU->PH,airtime_topup,723,0,0,8,72.3,2098.0,4,2,none,0
157304,0.614738,0.883214,-0.234033,-1.57414,1.1536,-0.192413,-0.64728,-1.009742,0.920669,0.191693,1.015883,0.923936,-0.762731,0.406462,1.669123,-1.099461,0.280891,0.288719,0.661043,1.131352,-0.033984,0.17013,1.710405,0.491434,-0.77543,-1.014984,0.389071,0.29844,24.18,29516,ios_app,app,AU->PH,airtime_topup,41,0,0,12,42.3,16406.0,4,1,none,0
39764,0.65497,-0.120981,0.915582,0.96648,0.58355,0.644799,-2.17627,-0.616812,1.687545,-0.988672,2.012989,-0.182095,1.591971,-0.737354,-1.098727,1.253522,-0.25317,-0.237961,-0.608708,0.540455,0.53314,0.332499,-0.008454,-0.104507,0.313676,-0.409671,1.734226,1.017417,7.67,16502,android_app,app,US->MX,airtime_topup,840,0,0,16,44.5,7647.0,4,1,none,0
76909,0.764393,-0.315513,-0.1351,-0.554766,1.927798,-0.332019,0.085673,1.211617,0.962049,0.200657,1.43669,0.918656,1.257238,0.71789,-0.688257,2.352278,0.010141,-2.024455,1.009056,-2.435672,0.53514,-0.230231,1.846536,-1.433125,0.025042,-0.096064,-1.297808,-0.703039,18.51,18669,ios_app,app,US->IN,p2p_transfer,1011,0,0,7,135.6,4705.0,5,1,none,0
121771,1.315261,-0.187846,-0.137225,1.138787,-0.548758,-0.36945,-0.370147,0.643057,-1.492632,-0.359191,0.601353,0.553775,1.149661,-0.602864,-0.015374,-1.065738,0.262177,-0.844137,1.251261,-0.845315,0.521802,-0.498879,-0.141301,0.469899,-0.752703,0.107553,-0.23729,-0.455008,17.8,18756,web_desktop,web,US->PH,p2p_transfer,476,0,0,16,87.9,42808.0,5,1,none,0
27122,1.349015,-0.398003,-0.801991,-0.988647,-0.498833,-0.244566,1.989635,0.401784,-0.442881,-0.087257,-0.103045,-0.392648,1.450466,0.477997,1.087055,-1.158965,-1.030895,-0.916051,-2.130681,0.029187,-0.051831,0.43088,0.664123,0.96005,-0.774986,0.203165,0.729425,-0.358604,9.29,11386,web_desktop,web,US->IN,p2p_transfer,1213,0,0,12,35.0,670.0,3,2,none,0
544,0.633114,0.560562,0.000139,0.780118,1.154038,0.028017,-0.800102,0.427042,0.274943,-0.316659,-0.821207,0.120712,-0.003281,-0.519947,-0.050344,0.466196,-0.9205,1.587835,0.21173,-0.498331,0.073349,-0.066246,-0.8899,-1.393699,-0.468306,0.848729,-0.260291,-1.597689,14.06,12519,android_app,app,AU->PH,p2p_transfer,295,0,0,9,144.8,999999.0,1,1,none,0
19266,0.691688,1.341797,0.121095,-0.733379,-0.668999,-0.349191,1.085861,-0.114757,-0.946579,0.477225,-0.120646,0.714622,-0.237892,-1.377258,-1.492314,0.262397,0.583631,0.192632,1.29649,-0.747425,0.828446,1.621141,0.63709,-1.447883,-1.523196,-0.235013,0.155985,0.618289,38.02,21925,web_desktop,web,US->MX,bank_deposit,549,0,0,12,149.5,10392.0,2,1,none,0
114854,1.705684,-2.305876,0.443752,-0.674321,1.078695,2.399431,0.330799,-1.96624,0.282786,0.59994,-1.62782,0.745443,-0.612996,-0.512707,-0.702272,1.947066,-1.011702,-2.492241,0.949743,0.242691,1.47699,1.886937,-2.043162,-0.928139,0.366469,0.185714,1.149443,0.589574,22.6,45967,web_mobile,web,US->IN,bill_pay,468,0,0,12,49.5,42606.0,4,1,none,0
5206,-1.398788,0.161736,0.207795,0.185285,-0.563686,-1.820171,-0.191607,-1.172382,1.355472,-1.199181,0.897994,0.636695,0.067874,-0.953404,0.476316,-0.894798,0.238019,0.824088,0.178881,-0.418973,1.807059,-1.905177,0.277747,-0.225862,0.919324,0.027099,-0.255431,-0.402589,29.94,36711,android_app,app,US->GT,bill_pay,767,0,0,13,173.2,999999.0,1,1,none,0
169829,-0.309629,0.124146,-0.027147,0.745455,0.524562,0.366184,-0.575429,-0.523776,-0.22342,-1.468193,0.022263,1.356438,0.210672,0.938375,-1.976432,1.980444,-0.353295,-0.691177,-1.59741,-0.977107,-0.534555,-0.591793,0.602519,1.218356,-0.26447,-2.127387,-0.761442,0.137932,2.07,43290,web_desktop,web,CA->IN,cash_pickup,657,0,0,10,22.0,13320.0,8,1,none,0
61835,-2.173449,-0.946168,0.538942,0.066156,-0.831883,0.523721,-0.815398,-0.445474,-0.030794,-0.69942,-0.989356,-0.700535,-0.468858,-0.067383,0.433665,-0.561863,0.729403,-1.40456,-1.010195,-0.91446,-0.249362,-1.188804,-0.572462,-0.050766,-0.445387,0.743642,-1.060546,-1.927262,25.15,117,android_app,app,US->MX,bill_pay,1331,0,0,9,239.0,29062.0,3,1,none,0
82126,-2.565976,-0.105804,0.464294,-1.309726,-0.337464,-1.370678,-0.374003,-0.964835,0.16663,-1.465123,-0.194357,-1.530575,1.19156,0.758059,0.033665,0.968719,-0.085548,1.043848,-1.070798,-0.040203,0.800417,1.323734,-0.399138,-1.324081,-1.381244,0.277542,0.283379,-0.882961,11.33,28567,web_desktop,web,US->PH,cash_pickup,1357,0,0,12,57.3,18402.0,5,1,none,0
157581,1.44037,-0.015277,-0.936479,-1.274739,0.845181,0.159646,-1.314455,1.025669,-0.713811,-0.001218,-0.417843,-0.573605,-0.057076,-1.043084,0.464572,-1.941064,0.332768,-0.563262,-0.140231,0.236835,0.489599,-0.743521,-0.114561,-2.218106,1.774582,-0.094535,-0.000699,1.217668,11.86,29508,web_mobile,web,UK->NG,airtime_topup,1034,0,0,13,172.3,92716.0,5,1,none,0
142386,-1.451235,0.360447,-0.61712,0.988876,-0.659832,0.074049,0.961864,-0.273156,0.314149,1.20898,0.02109,-0.46153,-0.88148,-0.148015,-0.400477,-0.514338,-1.190472,2.007707,0.962547,-0.213473,1.341467,-0.044557,0.004431,-0.398182,-0.687613,-0.618566,-1.758721,-1.603292,6.45,24923,web_mobile,web,UK->NG,p2p_transfer,121,0,0,13,97.4,49372.0,8,1,none,0
96522,1.160675,-0.317625,0.304475,0.545921,-0.517965,0.723971,0.816327,-0.776412,0.108394,-0.095514,-0.647506,-0.302131,0.188029,0.547385,1.399,-0.722162,-0.448967,-0.601063,0.64076,-0.380608,-0.176862,-0.345297,0.23295,-1.347075,-1.994516,-0.539942,-1.259634,0.962724,22.51,26805,ios_app,app,US->NG,airtime_topup,484,0,0,8,37.4,4229.0,7,1,none,0
169267,-0.739235,1.295372,1.322032,0.471857,0.469315,0.965239,1.643406,-0.671526,0.305424,0.637102,-2.521078,0.510529,-2.468056,1.612205,0.612587,0.541365,-0.615559,-0.397117,1.142077,0.303114,0.973264,0.515512,0.998136,0.70209,-1.346634,-0.143599,1.482623,0.162643,27.55,18534,web_mobile,web,US->GT,bill_pay,465,0,0,13,56.6,54575.0,6,1,none,0
76522,-0.171589,-1.383053,-0.405844,-0.484058,0.045796,-0.794601,-0.108658,0.081395,0.866139,2.116517,1.383127,-0.720942,-0.602927,-0.380802,0.102898,-0.775464,0.029874,1.343612,0.429165,0.719378,-0.329886,0.158649,-0.776441,-0.598034,-0.277272,0.169197,-1.526794,-0.025894,24.76,24504,android_app,app,UK->NG,p2p_transfer,1422,0,0,11,96.5,999999.0,1,1,none,0
148255,-1.306768,0.048878,-0.603872,0.608123,0.958315,-1.110342,0.258901,-0.463396,-1.1446,0.899072,1.939553,1.431746,-1.20026,1.576026,2.266813,0.428689,-0.892348,-0.496647,1.096052,0.178579,-0.193164,0.666873,-2.499653,-1.176337,0.400867,0.454943,0.027574,-1.321573,10.2,35233,web_mobile,web,AU->PH,p2p_transfer,1365,0,0,7,85.4,65510.0,8,1,none,0
6744,-0.956319,-0.68031,0.530308,0.997104,1.215549,-0.27244,-1.631287,2.186667,0.663964,0.038421,-1.550704,-0.256039,-0.122889,-1.273574,-0.366912,-1.086234,-0.460503,-0.435584,-0.069117,0.066692,0.217041,0.156443,-0.249599,0.062186,-0.402205,-1.206179,1.082967,1.246583,24.33,42379,web_mobile,web,CA->IN,p2p_transfer,718,0,0,14,35.5,999999.0,1,1,none,0
89994,0.800086,0.295218,-0.333586,-2.12223,-0.202727,0.748843,0.2969,-0.258854,-0.571251,2.143298,-0.105868,-0.025892,0.596598,-0.707063,0.941391,-0.041266,-0.389794,0.110217,0.080753,-1.132937,-0.393278,0.648538,0.848378,-0.877165,1.550427,-2.003509,-1.047945,0.369648,54.82,23657,web_desktop,web,US->GT,p2p_transfer,1282,0,0,11,34.2,34786.0,4,1,none,0
77518,-0.161993,0.648966,1.876687,2.03301,1.004884,0.248544,-1.531082,-1.302002,0.819645,-0.744574,-0.126084,0.176735,0.559266,0.02078,-0.483038,1.148135,1.052295,0.609271,-0.592476,-0.601987,1.234921,-0.795416,-1.101609,0.567246,-0.31731,-0.16432,0.594909,-0.156919,31.11,31630,web_desktop,web,AU->PH,airtime_topup,1078,0,0,9,59.7,45630.0,5,1,none,0
4434,-0.358583,-0.590911,1.540088,-0.87539,0.481979,0.368684,-0.822571,0.598965,1.11774,-0.09943,0.789124,0.581766,1.333177,-0.690278,-0.648674,0.189308,1.319283,0.436829,-0.551874,0.210952,-2.158112,0.488938,-0.49824,-2.04524,0.868588,-0.563236,0.415399,0.5907,5.74,28175,android_app,app,AU->PH,cash_pickup,1124,0,0,8,115.6,999999.0,1,1,none,0
144819,-0.795368,0.688135,-1.704488,-0.90079,1.731134,-1.221461,-0.322667,0.077886,0.537742,-0.167479,0.238466,-0.412344,-0.262573,0.312796,2.794955,0.354769,1.577562,0.51753,-1.281176,1.921414,-0.87585,0.794658,1.707052,-0.113345,-1.222429,0.473772,0.462274,0.579566,35.26,32952,web_desktop,web,AU->PH,bank_deposit,1300,0,0,12,71.6,23106.0,6,1,none,0
81066,0.012914,-0.06492,1.030949,1.187047,-0.797563,-0.232192,-0.196978,-0.545198,0.558463,-0.317193,-0.175837,1.473133,-0.396202,0.44479,0.368513,0.925304,0.309122,0.602471,-1.187337,-0.084051,-0.866223,0.72536,0.004044,-0.603031,0.430933,-0.548453,0.291934,-0.082971,20.99,2029,web_desktop,web,UK->NG,cash_pickup,839,0,0,11,100.5,33536.0,4,1,none,0
138138,0.008672,-1.410251,-1.490745,-0.670166,-1.646376,0.766979,1.023307,-0.313566,0.558527,-0.375121,1.49761,0.415952,0.893119,0.400781,-1.027901,-0.317275,0.989315,1.130655,1.3508,-0.226184,-1.381444,-0.292894,0.153355,0.336312,-1.20266,-2.02894,-0.784904,2.172251,9.64,12343,web_mobile,web,US->IN,bank_deposit,957,0,0,13,153.9,21815.0,6,1,none,0
54068,1.049721,0.063456,-1.558279,0.624714,-0.173332,-0.259117,0.742403,0.794873,-0.95954,-1.104234,-1.483478,0.800386,0.718439,-0.066209,-1.366468,0.538044,-2.072382,-0.677632,-0.209878,-0.278716,4.116601,-2.302038,0.685914,-0.677679,0.756925,-2.362166,-0.060981,0.031793,11.34,43683,ios_app,app,AU->PH,bank_deposit,1013,0,0,11,218.5,5599.0,4,1,none,0
156452,0.193362,-1.080201,-1.368399,-0.012733,1.231511,-0.039313,0.642951,0.081127,1.292503,1.138649,1.851141,1.23947,0.35471,1.247569,-0.757175,0.141648,-0.585984,-1.061141,-0.033909,0.757157,-0.490588,1.169555,-0.532104,1.51205,-1.336867,-1.757559,1.513607,-1.770681,15.59,10668,ios_app,app,US->MX,airtime_topup,1091,0,0,12,38.5,2029.0,9,2,none,0
27637,0.477234,0.373378,-1.889573,-0.546625,-0.136376,-1.179394,-1.337311,0.241274,-0.312031,-0.429936,0.859983,0.934577,-0.525826,2.02049,0.12631,0.397699,-1.488343,-0.213588,1.828549,-1.841275,0.541879,-0.297755,-1.479682,-1.7104,-0.540654,-0.924208,0.893778,-0.266211,77.54,43869,android_app,app,US->PH,bank_deposit,626,0,0,14,55.5,103.0,3,2,none,0
164428,0.167424,-2.242455,0.567156,0.361488,0.237304,1.151143,-1.109091,-0.101445,-0.267951,0.285717,0.676683,-0.483977,0.648238,0.798385,-0.364688,1.487847,0.296377,1.672617,0.302604,-1.239183,-0.662794,0.870792,-1.498831,1.137062,0.761575,-0.938211,1.124876,0.812919,217.12,12632,ios_app,app,US->IN,bill_pay,820,0,0,11,67.7,885.0,3,2,none,0
45106,-0.00931,-0.286726,-0.354196,1.421652,0.308117,0.68289,0.192877,-0.017105,1.43322,-1.493763,0.661262,-1.138508,0.532079,0.750178,-0.341732,-0.566237,0.621244,-0.29909,-1.701161,0.13319,1.282979,-0.64269,0.719915,0.601168,0.494807,0.28525,-0.674596,-0.106068,28.79,38270,web_mobile,web,US->GT,bill_pay,1157,0,0,9,42.2,8832.0,5,1,none,0
133172,-1.921703,0.066121,-0.706945,-0.615737,-1.342417,-0.401499,-0.591388,0.262826,-0.582252,-0.292329,-2.670381,0.012638,0.643287,1.260683,0.48352,1.151754,-0.70571,1.052811,0.878762,1.02003,-2.273107,-0.760839,0.405267,0.992889,0.517238,0.468626,-0.168016,-0.120538,12.16,41670,ios_app,app,US->IN,p2p_transfer,147,0,0,9,63.9,3265.0,5,2,none,0
84182,-2.702338,-0.266813,1.371096,0.203344,0.978036,0.206526,-0.1332,-0.063208,1.613633,-0.866073,-2.148068,-1.168817,-0.536156,-0.177799,1.076757,0.681249,0.443503,1.171405,-2.037962,-1.125847,0.008909,0.663544,0.485794,1.55198,-0.669749,-0.512866,-1.313079,0.476621,18.98,21787,web_mobile,web,US->GT,cash_pickup,1364,0,0,6,30.2,22187.0,4,1,none,0
83830,-1.313074,-1.828174,-1.134664,0.08753,0.016678,-0.237435,0.502692,0.186523,-1.921235,-0.543391,-0.630657,-0.748654,0.02754,-1.259318,1.02593,0.967851,-0.904388,-0.379885,-2.526235,-1.006735,-1.19115,1.679207,-0.526252,0.698509,-0.070854,-0.18169,-0.190112,0.257641,53.48,12452,web_mobile,web,US->MX,bank_deposit,1216,0,0,13,102.2,1256.0,9,4,none,0
86942,0.869444,0.843132,1.087791,-0.538789,-1.252518,-0.367475,0.404657,-0.66653,1.113625,-0.364217,-0.293194,-1.778699,-1.066495,0.641937,0.945325,-1.094697,0.775279,-0.902121,-0.28699,-0.865217,-0.952248,-0.29711,0.794168,-0.887781,-0.107894,-0.53481,-0.692165,-1.42342,19.42,42831,ios_app,app,CA->IN,p2p_transfer,313,1,0,5,18.1,51814.0,2,1,none,0
123663,1.004373,0.29161,-0.420241,-0.788971,-0.500449,-0.203957,1.430806,-2.05649,0.644506,1.208768,-1.25072,-1.061561,0.860087,-1.566617,0.130542,-1.017996,1.193994,-0.279496,0.515052,-0.15375,-0.368325,2.089964,-0.345285,-0.737057,0.562974,-1.676268,-1.023676,-0.422078,112.71,418,android_app,app,US->GT,p2p_transfer,607,0,0,7,152.1,63945.0,4,1,none,0
55942,0.429707,0.585546,1.614125,0.414718,-0.607254,0.010798,0.047097,-0.716822,-1.584938,1.504448,-1.314881,-1.518458,0.736128,-0.374192,-1.920089,-0.780227,1.927466,0.645267,0.896224,0.98734,0.441446,-1.340906,0.051516,-0.256103,0.152587,0.126645,0.185842,-0.769577,22.0,35562,web_desktop,web,US->NG,p2p_transfer,92,0,0,4,9.3,16942.0,3,1,none,0
165809,1.126557,0.301016,-0.114404,0.112556,-0.164365,1.122194,0.69302,0.167737,0.595232,-1.257411,-1.617107,2.857413,-0.33823,-0.101677,-0.164871,0.23624,-1.353416,-0.546777,-0.089666,-0.839043,0.311699,-0.199624,-0.860438,-1.220886,0.972006,-1.642061,0.893725,-1.463864,26.6,4207,ios_app,app,US->MX,bill_pay,178,0,0,13,43.7,16817.0,9,1,none,0
147430,-0.018367,-0.17428,-0.384935,0.713572,0.24285,-0.983615,0.570281,0.972877,1.066382,-0.28723,1.954018,0.900461,-1.004621,-0.096865,0.580923,-0.624604,0.982548,-1.405207,-0.202264,-0.432261,0.530768,-1.581,-0.312897,1.262188,-0.292933,-0.416925,-0.14308,-1.451769,36.34,40297,web_desktop,web,UK->NG,bank_deposit,262,0,0,10,34.3,4033.0,7,1,none,0
151065,-1.186819,-0.215864,0.40453,-0.444618,-0.359266,1.843772,0.573619,-0.622758,-1.391173,-1.688136,-0.465903,-0.777072,-0.640259,1.982407,0.548752,1.495405,-0.159637,0.043773,-1.161268,-0.925544,0.091302,1.092395,-2.047472,0.845326,-1.01805,1.456848,-0.117564,0.795556,21.61,24052,web_desktop,web,US->MX,bank_deposit,1033,0,0,8,142.8,17488.0,7,1,none,0
43751,0.096304,-1.009237,-2.538933,-0.092285,-0.390368,1.359102,-0.825885,0.288218,-0.991273,-1.06451,1.227258,1.562603,-0.339822,-0.154335,0.1954,0.109534,1.576213,0.208831,-0.342891,0.827301,-0.58547,-0.798763,1.233088,-0.53688,-0.718975,1.290253,1.744535,1.331531,59.91,16322,web_mobile,web,US->GT,cash_pickup,143,0,0,13,102.2,38112.0,2,1,none,0
84375,-0.380937,0.223095,-0.351408,0.422436,0.562797,0.72118,-1.183027,-0.641564,-1.208647,-0.266562,0.818279,-1.565275,0.442994,-0.173893,-1.934915,-1.169175,0.001648,-0.915162,1.668807,-0.968907,-0.779676,-0.623455,0.358676,-1.508687,-0.332831,-1.012311,0.088152,1.261723,21.05,20657,android_app,app,US->GT,p2p_transfer,57,0,0,15,22.4,20688.0,4,1,none,0
59199,0.523393,0.292806,-1.19362,0.271191,0.757195,-0.010302,-1.080547,-1.187792,-1.932138,0.379073,-0.455158,1.118341,0.507051,0.453911,2.120125,0.831607,-1.950358,-2.472611,0.431627,-2.142989,-1.399766,1.226462,-0.208158,0.479023,0.613664,-0.939065,0.201243,0.240242,32.51,4740,web_mobile,app,US->GT,airtime_topup,1275,1,0,6,86.1,999999.0,1,1,none,0
34217,1.816978,-2.231374,-0.050172,-0.33965,0.20797,1.252734,0.102865,-0.580589,-0.147384,-0.508271,0.905859,0.467604,0.071653,1.378469,-0.150367,-0.055308,1.555795,-0.273189,-0.02075,1.387897,-1.106487,-1.435159,-0.112935,0.054881,0.145262,0.756377,-2.246224,-0.891864,39.65,18995,ios_app,app,US->NG,cash_pickup,751,0,0,16,103.3,999999.0,1,1,none,0
110062,1.014103,-0.599736,-1.112609,-0.92552,-1.448179,-0.335966,1.368389,-1.517337,-1.200134,-1.383573,-1.555067,-0.665216,-0.863863,-1.804929,0.387674,0.017436,0.658378,-0.73172,-1.58543,0.42683,0.163164,-0.749607,0.211309,0.80267,1.352336,-0.054723,-0.156192,0.818859,520.56,33755,ios_app,app,AU->PH,p2p_transfer,1368,0,0,11,5.5,14718.0,7,1,none,0
126364,-2.296086,-2.518841,2.067439,1.979385,-0.269287,-1.679089,-0.878009,1.947568,2.204262,-0.189227,-1.210265,0.336704,-1.316848,-0.585884,1.816978,0.002631,-1.747008,-0.22006,1.319032,-1.407532,-0.044232,0.051835,0.307424,1.914243,-1.06406,0.557379,-1.177402,1.435469,22.08,4558,ios_app,app,US->MX,bill_pay,967,0,0,9,37.5,10868.0,6,1,none,0
121579,-1.431928,-1.180544,-0.045893,-0.434216,1.6372,1.116586,0.001014,0.126094,0.608973,-0.039215,0.762592,-0.831654,1.43277,-1.396977,-0.133,0.473796,0.86052,0.694435,1.433075,0.992209,1.446984,0.3219,-0.220125,-0.52817,0.587662,0.067473,0.598003,-0.009459,30.02,29179,ios_app,app,US->IN,p2p_transfer,308,0,0,10,146.2,2574.0,8,2,none,0
145684,-0.240412,1.28199,0.548442,0.617404,1.178835,-0.322765,0.18039,0.135702,0.913326,-0.68726,0.558258,-0.669268,-0.503779,0.194853,-0.767496,-0.251146,-0.512839,2.031982,0.032313,1.433582,-1.69024,1.064444,-1.011154,-0.745291,-1.071962,0.651916,-0.156776,-1.099034,3.77,43123,web_desktop,web,US->MX,bill_pay,13,0,0,5,85.9,34350.0,5,1,none,0
19559,1.719189,0.487923,-0.363654,-0.984928,0.440341,-1.167221,-1.441754,-1.025368,0.650981,-0.824207,-0.497467,-0.277051,-0.528774,0.285211,0.690875,0.766747,2.200087,-0.227384,-0.676748,-1.031737,-0.246981,2.525253,-2.207488,-1.955606,1.662921,-0.481838,-1.6855,0.85352,23.17,15119,android_app,app,AU->PH,p2p_transfer,464,0,0,13,116.7,4197.0,4,1,none,0
29343,-0.042181,0.206591,-0.215955,-0.205056,1.133769,0.238556,0.654633,0.906053,-0.332021,1.049957,0.389828,-0.021555,0.264711,-0.682964,0.439547,2.225326,0.294433,0.128873,0.994473,0.465233,0.104303,-0.361291,-1.032559,0.091335,1.316366,0.468063,-0.432795,1.211568,41.61,43426,android_app,app,US->MX,airtime_topup,1453,0,0,10,137.3,22268.0,2,1,none,0
170261,-1.149702,-1.165225,0.115145,-0.389799,0.929791,0.00246,1.128796,-1.406234,-0.760656,-0.40513,1.882637,-0.299045,1.292545,-0.049595,1.554548,1.348983,0.183959,0.489725,0.835063,0.28074,0.476987,0.034353,1.47361,1.246692,-0.997246,-0.847973,-0.681427,-1.07742,22.98,22197,web_desktop,web,US->PH,bill_pay,586,0,0,11,112.0,105086.0,6,1,none,0
109554,-0.104404,-0.18576,1.205648,-0.587204,2.012599,-1.087035,-0.065825,-1.467224,-0.429856,-1.502544,-0.095878,0.417447,1.288746,-1.389095,-0.619072,-0.206324,-1.535278,0.158899,-0.005007,-0.820285,0.291449,1.043787,0.249685,-0.935573,0.689396,-0.746302,-1.244448,-0.000636,6.55,295,android_app,app,US->GT,p2p_transfer,804,0,0,8,100.7,9145.0,4,1,none,0
59085,-0.116172,-0.084522,1.893013,1.650181,-0.381207,-1.023953,0.863086,1.779165,0.175728,1.258791,-0.019663,-0.130262,-1.019594,1.368914,0.447707,0.975768,-0.208965,-1.302019,0.306501,0.855925,-0.426873,-0.623284,-0.907231,-0.722429,-0.331849,0.381942,-0.497427,-1.462341,41.11,13376,ios_app,app,US->NG,bill_pay,1269,0,0,12,75.7,12633.0,6,1,none,0
122527,1.957982,-1.474251,-0.915822,-1.312331,1.720868,0.172136,-0.192868,0.065305,0.239615,1.355564,-0.084907,-1.145036,-0.117455,-1.206737,-1.857075,0.402487,1.423994,0.699566,-2.86716,0.317164,0.529543,0.509307,2.08193,-0.14014,2.225199,-2.235214,1.428625,-0.060843,25.89,28037,ios_app,app,US->NG,airtime_topup,374,0,0,9,82.8,34412.0,6,1,none,0
143973,0.898867,-0.418762,-0.812899,0.364713,-0.19153,-1.734922,-1.627921,0.066179,2.30028,1.758233,-2.082091,-1.002918,0.132398,0.198342,-0.821742,0.251439,0.489957,-0.918581,0.512148,0.338077,-0.025707,1.032476,0.780331,0.396309,-1.394675,-1.923621,-1.651585,-0.712178,31.74,26069,ios_app,web,US->NG,p2p_transfer,385,1,0,10,57.6,28576.0,4,1,none,0
70389,-0.426035,0.592789,-0.744673,1.801124,-2.039029,1.095497,0.986363,0.060656,1.105422,0.711546,1.127529,-0.159689,-0.113823,1.37286,0.859145,1.780947,0.527097,-1.21967,-0.555539,-0.250562,0.076786,-0.798977,-1.040133,-0.352388,0.989215,1.04868,1.193504,-1.753477,8.17,26755,web_mobile,web,US->PH,cash_pickup,653,0,0,13,88.6,999999.0,1,1,none,0
113290,1.006566,1.503152,-1.683451,-0.216367,2.493388,-1.218151,-2.114001,0.065611,-0.928726,0.395468,-0.856256,-0.397257,0.292255,-0.713457,-0.578576,0.479974,-0.484888,-0.385096,0.896818,0.009321,-0.274559,-0.172778,-1.196136,0.053567,0.138367,-0.533218,-0.581674,-0.268378,43.4,9165,ios_app,app,AU->PH,p2p_transfer,1202,0,0,9,47.6,45589.0,4,1,none,0
28888,1.046045,-1.666217,0.06781,0.441691,-0.075114,2.527161,-0.137351,0.417042,0.524526,1.120392,0.554821,-0.608672,0.372453,-1.11958,-0.629635,-0.305811,-1.04344,1.395114,1.472048,-1.274086,0.534343,-1.416806,0.445706,-1.304492,-2.0273,0.876293,0.389321,0.708765,51.26,10487,web_mobile,web,US->GT,bill_pay,126,0,0,13,64.6,3348.0,3,2,none,0
112331,-0.922324,0.208283,1.723039,-0.648407,0.093398,0.516315,0.345968,-1.286649,0.223231,0.841228,0.12912,0.898733,-0.007089,-1.296584,1.145063,-1.047616,0.141355,-0.066915,-0.858427,-0.146618,1.076959,-1.085459,-1.304022,2.492262,0.70082,-0.678118,-0.851115,1.009477,8.07,1550,web_desktop,web,UK->NG,p2p_transfer,349,0,0,7,244.0,72734.0,2,1,none,0
160816,1.641045,1.785248,0.896558,0.274688,-2.287896,0.087505,1.535662,0.377005,-1.131066,-1.480695,-0.379814,-0.270559,-0.02003,-1.101341,0.734083,0.712789,0.914,0.82636,-0.411226,-0.169761,-0.282723,-1.396362,0.695276,-0.273013,1.016712,-1.935445,-1.390257,0.611525,46.29,19302,web_desktop,web,AU->PH,p2p_transfer,587,0,0,12,132.9,41172.0,8,1,none,0
112513,-0.191579,-0.117566,0.841021,-0.774682,-0.622855,0.029671,-0.630401,1.244995,1.53346,0.906726,1.153856,0.147359,0.716344,0.395919,0.431461,-1.105662,0.111764,-0.449687,0.169104,-1.114087,0.909837,1.03618,-1.031265,0.06813,-0.616272,-1.035613,-0.256399,-0.299948,4.5,19903,ios_app,app,US->MX,p2p_transfer,1092,0,0,13,60.4,47166.0,5,1,none,0
105345,-0.1272,-0.057747,0.611949,1.604045,1.314694,-0.862443,0.916281,-0.851961,0.851074,-1.066245,1.097125,-0.220257,-0.626755,-0.704454,0.927886,-1.667076,-0.158748,-1.580854,1.393085,-1.580801,0.316486,0.217353,1.574526,1.069349,1.362316,1.80157,-1.528358,-0.398072,7.37,29337,ios_app,app,US->MX,p2p_transfer,55,0,0,15,255.5,6697.0,6,1,none,0
21257,-1.192009,-0.503625,-0.480379,-0.024116,1.451346,-0.740913,1.144203,-0.492999,0.296403,-0.364433,-0.330337,-0.921365,0.715821,-0.245334,-1.873712,0.373358,-1.301149,1.178272,-1.313499,-0.473299,-0.143118,-0.228657,0.992192,1.350613,-1.004799,2.237698,-0.989715,-0.085468,18.61,12329,web_mobile,web,US->NG,p2p_transfer,1479,0,0,10,70.3,18285.0,2,1,none,0
27991,1.436945,-0.51685,1.200298,2.175081,0.601491,-0.026493,0.836888,0.198868,-1.299932,0.40918,0.223297,-1.729199,0.336069,0.767008,-0.757408,-0.114116,-1.664458,0.283545,-1.473779,0.556351,0.06258,-1.622209,-0.704589,1.097178,0.428898,0.451358,-2.392992,0.40223,31.91,21619,android_app,app,US->GT,p2p_transfer,1140,0,0,14,137.0,3158.0,5,2,none,0
77853,2.094681,0.530764,-0.543861,1.345268,0.594768,-1.510364,-0.659932,0.34151,2.081477,0.750712,-2.303602,-0.784372,-0.139708,-1.969442,0.682283,1.590264,0.716198,-0.677338,0.535642,-1.434103,1.031505,-1.985465,0.974972,0.181335,1.61822,0.432454,-1.426087,-2.217092,45.59,23430,android_app,app,US->IN,cash_pickup,332,0,0,10,66.8,6323.0,4,1,none,0
120612,0.927293,-1.859633,0.535214,-0.188041,-1.180753,0.488302,-0.423323,-0.829189,0.065603,0.052999,0.534482,-0.847459,0.878211,0.544823,0.829709,0.016455,-0.055149,-0.864323,-0.474177,-1.077918,-0.173306,-2.017082,-1.557465,0.221562,-0.314033,-0.475903,0.410999,-1.034228,144.26,33309,web_mobile,web,UK->NG,airtime_topup,171,0,0,5,15.0,2128.0,6,3,none,0
6045,-0.444632,-0.214934,0.137966,0.218371,0.958117,0.743751,-0.524193,-0.726991,-0.181545,-0.642985,-1.088126,0.079608,-0.217047,-0.270959,-1.340587,0.323445,0.794396,1.569935,2.881118,-0.53281,0.806227,0.554883,-0.001751,0.886775,1.665746,0.745174,-0.469478,-0.94444,30.74,15285,android_app,app,US->PH,airtime_topup,832,0,0,15,45.8,999999.0,1,1,none,0
55868,-0.268297,-0.375693,-0.114916,-0.941207,-0.761411,0.742247,-0.792759,-0.127733,0.144146,-1.410486,1.027195,0.4802,-0.328696,-0.195391,-0.101511,-0.833948,-0.793868,0.127647,-1.272394,0.434058,-0.826619,0.889013,-1.334081,-1.093778,1.882117,-0.469154,0.941262,1.442413,33.93,39067,web_mobile,web,US->NG,p2p_transfer,545,0,0,6,16.1,2462.0,2,2,none,0
15743,0.843617,0.495919,-0.43108,-1.450485,-0.280348,1.263458,-0.008913,0.485635,1.111022,0.126137,0.544807,0.320971,-0.935365,-1.904352,0.949568,-0.941323,0.351499,-0.277314,1.482665,0.233504,0.873648,-0.801827,0.384194,-0.251589,-0.475157,-0.653831,0.085337,1.3991,184.61,22219,web_desktop,web,CA->IN,p2p_transfer,383,0,0,9,85.3,13202.0,2,1,none,0
154573,0.059709,1.143621,-0.425047,0.581608,-0.786629,-1.031803,-0.562959,-1.674858,-1.266039,0.474314,0.00431,0.179741,-0.451635,0.641073,1.069098,-0.014356,-1.185975,1.430275,-0.033868,0.808795,-0.253058,-0.52468,-0.024391,0.777722,-0.626054,-2.734196,0.161555,-2.010044,68.8,21113,android_app,app,US->PH,p2p_transfer,690,0,0,11,71.4,61375.0,4,1,none,0
23273,-1.153319,-1.84131,-0.621354,0.337122,-0.878732,0.368913,1.491088,1.343623,-1.987288,0.158523,0.689452,0.929399,-0.319276,-1.742418,-1.277455,-1.526318,0.756822,-1.107925,1.276121,0.698922,0.409456,1.393048,1.391424,1.745042,-2.482312,0.659086,0.7184,1.437377,40.06,8995,web_mobile,web,US->IN,cash_pickup,850,0,0,12,80.8,999999.0,1,1,none,0
113311,-0.099589,0.050189,1.237225,0.608814,-1.967018,-1.461268,-1.631735,-0.071598,0.390936,-0.540043,0.197166,-0.263046,-0.624483,0.083654,1.201591,1.605494,-0.210749,-0.37494,-0.333078,1.668218,1.983971,0.9213,-0.690629,2.164451,-1.32136,1.223903,-0.031832,-2.199603,14.54,3248,web_mobile,web,US->IN,airtime_topup,871,0,0,9,42.8,32209.0,5,1,none,0
110990,-1.74902,1.984684,1.314128,1.985785,0.603376,-0.701135,-0.606232,-0.312983,-0.978113,0.802419,1.659025,-2.483025,-1.475837,-0.347913,-0.755688,1.254605,0.164436,0.893594,0.760577,-1.077702,1.860128,0.527343,-0.097025,1.47777,0.637709,-1.706929,-0.857593,0.996093,3.56,38768,ios_app,app,US->GT,bill_pay,503,0,0,8,24.8,5966.0,6,1,none,0
44660,-0.05994,-0.029204,-0.603832,0.548989,-0.805366,-1.81858,-0.345207,0.268699,0.801142,0.164244,-0.42603,0.055768,1.016061,1.189388,0.261334,-0.33292,-0.737206,-1.956838,0.240911,0.788046,0.488774,1.074698,2.330296,0.038,-1.548712,-1.12407,-0.561933,-1.091581,2.17,44881,web_desktop,web,US->NG,p2p_transfer,1151,0,1,6,16.1,999999.0,1,1,none,0
24356,-0.329971,-0.326045,-0.106377,-0.76918,-0.558773,-0.258409,0.948049,-1.37958,-2.117114,0.646479,-0.256415,1.990664,0.085986,-0.878479,-0.211503,-0.777729,1.222839,0.877613,-0.297809,1.195933,1.460771,-0.537417,0.544312,1.535483,-0.823682,0.464373,0.091882,-0.837523,6.4,17634,ios_app,app,AU->PH,cash_pickup,820,0,0,9,112.1,999999.0,1,1,none,0
120304,0.600208,0.72758,-0.006637,-1.140997,1.198436,0.954302,-0.426961,1.14021,-1.134505,0.501354,0.528443,0.281085,0.698299,-1.015454,1.400702,-1.379527,-0.683824,-0.451734,-0.414368,0.375304,-0.357222,-0.77715,0.870209,0.707502,-0.843426,-2.867109,-0.242097,-0.746607,41.0,4358,web_desktop,web,US->GT,p2p_transfer,1082,0,0,9,151.9,98607.0,2,1,none,0
116620,-0.26787,0.835022,0.601623,-0.550878,0.343988,-0.315027,0.033792,-0.562807,1.111191,0.071076,0.270415,0.397639,1.065621,-2.111719,2.363872,1.084549,-0.840697,1.487884,-0.033927,0.919823,-0.817243,0.489934,-1.240047,-0.748679,-0.930962,-0.27574,-0.155666,0.122647,30.44,7271,web_desktop,web,UK->NG,cash_pickup,1336,0,0,11,56.3,29866.0,4,1,none,0
86215,0.182228,-1.224938,-1.889811,1.91689,-0.165145,0.231191,-1.489341,-1.270843,0.468497,2.044135,-0.279296,-1.440393,3.005134,-1.026701,0.156233,-0.076302,-0.646446,-2.44926,-0.084273,1.299105,-0.084731,-0.601812,-0.381092,0.26598,0.552809,0.038898,1.205741,1.700114,27.95,18365,ios_app,app,US->GT,bill_pay,436,0,0,8,142.6,10733.0,2,1,none,0
65797,0.587806,-0.067285,-0.39371,1.202769,0.352273,-0.33757,0.230305,-0.858411,-2.043999,-0.223517,-0.918283,-1.126407,-1.17873,-1.373476,-1.087637,1.769509,-0.189305,0.408915,1.665274,-0.17658,1.504069,0.856606,-1.347856,-0.946402,0.122867,-0.521711,-0.174968,-0.021937,13.45,31216,web_mobile,web,US->GT,airtime_topup,300,0,0,15,68.8,43872.0,5,1,none,0
29604,0.115777,2.590713,-1.465673,-1.577428,1.007873,-0.53494,0.746059,1.268047,-0.972276,1.005308,2.670073,-0.34353,-0.548021,0.974927,1.159476,-0.616297,0.39651,-0.07648,1.993012,-2.46902,0.556621,0.267299,0.903591,-0.826636,1.087749,-0.834453,0.860893,0.878472,48.24,1794,android_app,app,US->NG,p2p_transfer,697,0,0,9,111.7,6005.0,2,1,none,0
167133,-0.193892,1.283434,0.295695,-1.826614,-0.977384,0.183254,-1.783358,0.569924,-1.347769,1.033078,-0.621158,-3.144469,-0.083163,-0.062718,0.109208,-0.863279,0.48417,0.149965,-0.220513,-1.615417,-0.693669,-0.391039,-1.984622,0.8846,-1.041131,0.716007,-1.578413,-0.736135,7.77,9828,ios_app,app,AU->PH,p2p_transfer,998,0,0,7,63.1,23346.0,6,1,none,0
165692,-0.582468,0.201525,1.319176,-0.892276,-1.004987,-1.114182,0.229003,0.705562,-0.432271,0.810243,-0.971191,-0.09831,-0.255305,1.053327,1.111679,1.105243,0.321708,-0.427547,0.137288,0.800363,-1.75504,-0.349262,0.873655,0.674408,-1.443104,1.546439,0.617263,0.324166,29.57,41610,ios_app,app,US->MX,p2p_transfer,618,0,0,6,232.5,11307.0,7,1,none,0
118770,-1.512719,1.536777,0.830137,-0.386686,0.281158,-0.224046,-0.900181,-1.584072,-1.401992,-0.571082,-1.002755,-1.414859,0.643355,-1.475739,0.291688,0.530172,-0.566945,0.822195,-0.899174,1.093087,0.329274,0.497163,-1.706858,-1.451313,-0.856299,-1.588412,1.61475,-1.196241,142.46,28825,web_mobile,web,AU->PH,p2p_transfer,786,0,0,10,53.8,6370.0,5,1,none,0
147421,-1.455852,1.818725,0.606309,-1.524889,0.945944,1.389721,-0.038618,0.383142,-2.05728,0.348411,-0.729244,-1.20612,0.329494,-0.689854,-0.951118,-0.651837,1.41616,-0.768549,0.19,-0.861922,-0.320756,-0.226665,-0.460667,0.217594,-0.235771,-0.800688,-1.444626,0.442558,15.09,7645,web_desktop,web,US->MX,bill_pay,1349,0,0,11,103.1,25275.0,4,1,none,0
159259,-0.037446,0.174368,-0.527963,0.007205,-0.998055,-0.440959,0.55719,-0.091897,-0.92534,-1.235845,-0.438169,-0.076238,0.511697,-1.943681,0.167677,-1.106485,1.578628,-0.534079,1.136162,0.463269,-0.539417,-0.834571,0.33974,0.892574,-0.090558,1.195494,0.631329,-0.538116,18.81,22472,web_mobile,web,US->NG,cash_pickup,1158,0,0,14,186.6,83559.0,4,1,none,0
136033,-0.072202,0.38683,-0.691307,0.263951,0.151062,2.039842,1.401592,-0.542195,0.609028,-1.168786,1.085649,-0.637662,0.871381,-0.080683,0.799912,0.395413,-0.304196,1.247991,2.219558,0.782967,1.439457,-0.154923,1.342365,2.485271,0.544564,-0.195244,-0.758178,0.463333,15.96,15291,android_app,app,US->NG,p2p_transfer,676,0,0,5,65.0,22831.0,6,1,none,0
108804,-0.889815,-0.680285,0.307067,0.678999,-1.106685,-0.44955,1.461476,1.411009,-2.340158,0.739016,0.506624,0.057351,-0.249271,-3.030655,-0.226077,-0.658611,-0.728831,1.982571,0.928015,0.53915,-0.20312,-0.676722,1.304742,0.037974,0.359397,1.484695,0.744488,-1.264594,32.44,36918,android_app,app,US->GT,cash_pickup,541,0,0,10,126.9,8633.0,7,1,none,0
71585,1.306723,0.025666,1.512898,-1.109156,-0.389994,0.468598,-0.739515,-0.869629,0.148134,1.010442,0.842642,-1.039695,0.429296,1.790262,0.029563,0.585749,-1.114697,-0.824897,0.203897,-0.356183,0.154303,-2.106343,0.293528,-1.082967,0.415289,0.368333,0.178869,1.499067,8.06,44330,android_app,app,US->NG,p2p_transfer,567,0,0,10,132.7,7252.0,5,1,none,0
109347,-0.480896,1.351529,0.620384,1.809241,-1.202376,0.276763,0.552681,-0.46215,-0.150227,-1.286758,-0.640022,1.464484,-0.274321,0.678973,-0.747176,-0.287923,0.269453,0.979535,-0.656737,-0.975769,0.514497,1.059207,-0.414755,0.492046,1.282009,-0.537651,-0.899601,1.181184,28.0,40864,android_app,app,US->IN,p2p_transfer,748,0,0,10,195.7,39586.0,2,1,none,0
52084,-0.125646,-0.919041,-0.419029,2.267513,-1.465189,-0.766128,0.11947,0.700251,-0.632182,0.228245,-0.103497,-1.282758,-1.93209,-1.521443,-0.01942,-1.21629,0.720299,0.669429,0.585602,-1.107329,0.440955,-0.387954,1.130223,-0.653915,-0.254646,-0.371972,-0.187356,-1.475885,18.54,39933,web_desktop,web,CA->IN,p2p_transfer,219,0,0,8,75.1,7612.0,2,1,none,0
115171,-1.107499,-2.294537,-0.306182,0.628968,1.854243,0.07826,0.572175,1.569948,2.439873,-1.467151,1.112837,-0.509523,-1.461962,-0.911458,-0.118553,-1.182559,1.407063,0.074601,0.176601,0.401718,-0.989393,2.07918,0.686421,0.077436,0.151802,0.776063,0.282949,1.080504,3.56,33537,web_mobile,web,US->NG,cash_pickup,184,0,0,8,51.4,2316.0,4,2,none,0
98650,-2.692422,0.995188,-0.623028,0.991918,1.253977,0.237142,-0.825369,0.463268,0.871445,0.465182,2.527324,0.394955,-0.144307,-0.638621,-0.060626,0.112053,0.600935,0.129245,-0.175118,0.024648,-0.812845,0.32972,0.430085,-0.332647,2.204804,-0.286372,1.423273,-1.410511,8.85,38793,android_app,app,CA->IN,airtime_topup,517,0,0,11,134.4,13072.0,3,1,none,0
48864,1.120599,1.256702,1.048784,-1.30002,1.137756,-0.574079,0.813352,0.678914,0.866014,-1.068714,0.233254,-0.313719,0.458037,-2.004758,0.629771,-0.740013,0.150572,0.049282,1.113183,-1.304296,-0.015997,-0.555175,0.121475,0.844727,-0.60786,-0.364946,-0.560182,-0.413598,69.79,9390,web_mobile,web,US->NG,p2p_transfer,911,0,0,7,94.9,43476.0,3,1,none,0
94827,0.25704,0.140239,1.134579,0.220488,-2.066047,1.790534,-1.015731,-0.481479,-0.815364,-0.627256,-1.466288,0.597731,2.284707,-0.96423,-0.273123,-2.273561,-0.260445,1.465906,-0.617216,-0.008022,-0.665591,-1.285281,-1.243392,-0.963691,1.032777,0.152349,-0.123057,-0.382099,40.98,40072,web_mobile,web,US->NG,p2p_transfer,466,0,0,10,72.0,43921.0,7,1,none,0
88424,-1.132162,-1.447127,0.56192,-0.328885,2.366407,0.415053,1.147518,1.358293,-0.047075,0.915732,-1.358714,-1.932953,-1.176591,1.143523,0.806416,-0.385922,1.72163,-0.542721,0.232129,0.118825,-1.247634,1.593692,-1.19246,-0.615299,-0.672816,-0.045901,0.914396,-0.940789,33.94,28791,web_mobile,web,US->MX,bill_pay,475,0,0,10,53.9,13633.0,3,1,none,0
80123,-0.748909,-0.51631,-0.368198,1.622769,-0.169967,-1.837047,-0.092245,-1.216143,1.076784,0.450047,0.502589,0.262598,0.717087,0.168049,-0.15414,-1.564731,-0.157799,0.884751,0.472759,-1.850912,0.649371,0.109157,-2.156774,0.618419,-1.98578,0.842482,-1.673367,0.782141,40.65,36136,web_desktop,web,US->GT,p2p_transfer,532,0,0,11,7.7,71877.0,3,1,none,0
94089,1.443371,-0.487835,0.264869,-0.462428,-0.459798,-0.601019,-0.194239,-0.529321,-1.333195,-0.733763,0.889499,0.874818,-0.349897,-0.11946,-1.265687,1.139399,-0.444088,0.450226,0.232501,2.513742,-1.147666,0.039553,1.208939,-0.5139,1.796644,0.055176,0.585439,2.353897,48.64,60,web_desktop,web,US->PH,cash_pickup,861,0,0,13,320.5,46759.0,3,1,none,0
46289,-0.46069,0.542793,-2.163445,-0.374812,0.1999,-1.683487,1.347334,-0.57158,-0.903148,-0.188992,0.212914,0.956322,0.913336,-0.140858,0.290262,-0.749389,0.040783,-0.631365,-1.098638,1.184801,1.233387,-0.298419,-0.753632,-0.434624,-2.057578,0.417542,1.587249,0.594435,33.97,39329,ios_app,app,US->IN,airtime_topup,1186,0,0,11,129.2,21908.0,3,1,none,0
163505,-1.428625,-0.383145,2.181628,0.333606,0.407656,-1.520371,0.77705,-0.203811,0.725769,0.821203,0.193287,-0.304693,-1.230026,-0.076887,-0.646248,-0.896913,1.480738,1.327092,-0.440654,-0.000243,1.098052,-0.300115,-0.452044,1.09862,0.085372,0.408202,1.860692,0.179245,29.89,25621,ios_app,app,AU->PH,p2p_transfer,517,0,1,6,38.4,16208.0,5,1,none,0
142309,1.396855,0.089971,-1.18538,-0.14004,-0.320754,2.703943,1.081061,1.485909,-0.422964,-0.463832,-1.211987,0.22567,0.447624,0.074723,0.619908,0.914733,-0.135856,-1.003555,1.874517,1.339239,-0.003314,-1.193936,0.215507,-1.247516,0.514419,0.530616,-0.175609,-1.064644,44.11,16210,web_desktop,web,US->IN,p2p_transfer,18,0,0,13,133.4,2025.0,9,2,none,0
166264,1.020248,0.378246,-1.026843,0.302389,-1.503574,1.541268,0.078559,-0.357028,-0.168052,1.19671,0.138354,0.55772,-1.484319,-1.042467,0.198279,1.283181,0.967174,-0.95919,-1.109359,-0.534278,-1.14424,-0.26832,-0.896745,-0.225924,-0.254407,-0.011129,0.350256,-0.255946,22.01,38256,android_app,app,US->PH,p2p_transfer,531,1,0,12,40.1,16633.0,7,1,none,0
148456,-0.343395,-0.110394,-0.606234,1.024148,1.254822,1.479964,0.328404,0.864495,-0.135006,1.120874,2.261305,0.518456,-1.521185,-0.170743,-2.295347,-0.696992,-1.357902,-0.605048,0.138398,0.151127,-0.954095,0.531557,1.153522,0.289494,0.719367,-0.13472,1.107508,0.242728,35.34,43116,web_desktop,web,AU->PH,bill_pay,741,0,0,8,34.7,259.0,9,3,none,0
109523,1.842982,-0.05029,0.460279,0.755314,-0.273903,-0.687665,0.490995,-0.360599,1.175785,0.424251,-1.864978,1.305789,1.421325,-1.033564,0.593975,-0.535728,0.300112,1.523862,-0.246718,-2.30056,-0.340855,-0.197508,-1.150213,0.341055,1.414776,-0.100786,-1.172121,-0.633097,146.02,2900,web_desktop,web,CA->IN,cash_pickup,28,0,0,6,44.0,3645.0,4,1,none,0
99136,0.814633,0.072066,0.449103,-0.718977,1.08161,1.736744,0.17181,-0.16594,-2.005409,-1.155492,1.180565,0.023755,2.000247,-0.114986,-0.662349,-0.347699,-0.697041,1.624234,0.411466,-1.050518,0.368823,1.366048,-2.107756,0.176329,-0.868522,1.229652,0.989315,0.122128,16.73,14023,web_desktop,web,US->IN,p2p_transfer,800,1,0,8,44.0,20276.0,4,1,none,0
125601,1.06398,0.426487,-0.002947,-1.15669,0.718696,-0.996189,-0.958179,-0.811145,-0.751634,-0.134802,1.167167,-1.681895,0.796898,0.797103,-2.380601,-0.760063,0.187033,1.397927,0.23652,-0.345658,-0.498314,0.357861,1.690091,1.123262,0.067662,1.142661,0.505635,0.222969,29.13,30804,web_mobile,web,CA->IN,p2p_transfer,409,0,0,12,115.1,34041.0,3,1,none,0
80352,1.735508,0.000974,-1.169371,0.905934,0.338313,-1.211165,-2.423879,0.466672,-0.37619,-0.96871,-0.264845,0.245001,1.078708,-1.514113,0.044408,2.189193,1.257332,-0.818185,0.205627,-0.319429,0.360509,-0.011833,1.370139,0.285972,0.583471,1.902827,-0.239781,0.053428,26.07,45557,web_mobile,web,AU->PH,p2p_transfer,553,0,0,9,69.0,9411.0,3,1,none,0
48456,-1.498896,0.83751,-0.367509,0.743124,-0.226915,-2.289995,-0.987457,-0.57437,1.063491,-1.555732,0.110617,-0.36505,-0.745517,-1.414125,-1.58383,-0.523104,-0.151026,-0.225225,-0.199112,0.448228,0.263027,1.213629,-0.667302,-0.05682,-0.406314,-0.581449,1.201899,0.675503,15.33,3245,ios_app,app,US->NG,p2p_transfer,354,0,0,9,58.8,29679.0,2,1,none,0
22185,-1.05267,0.104926,1.6108,0.522844,0.998301,0.322519,0.174593,0.469359,0.296539,1.360823,-1.056081,-0.342468,1.155943,1.382768,-0.804678,-0.327191,0.643034,0.088846,-1.440004,-0.6862,-0.919631,0.897597,0.084378,-0.53446,0.361712,0.159696,0.472171,-0.243884,28.47,21493,ios_app,app,US->NG,p2p_transfer,680,0,0,11,72.2,807.0,2,2,none,0
54297,-0.503396,-0.977509,-1.518374,0.233937,-0.539315,0.320272,-0.711771,0.355862,1.122147,-1.413004,1.431822,0.699219,0.666322,-1.328751,-1.534353,-0.968345,-1.186921,-0.559465,0.456827,-1.649463,-0.678747,-0.98408,-0.695698,0.693891,0.170527,0.310315,-2.223653,0.558577,8.51,34183,ios_app,web,AU->PH,bill_pay,1032,1,0,13,43.1,18610.0,3,1,none,0
36566,0.460761,-1.487939,-1.223069,-0.408574,-1.169436,1.039462,-0.33758,-1.480622,-0.123865,-0.540105,-0.957215,0.180837,-0.43312,2.105438,-1.552221,-0.7378,0.150252,0.606993,-1.721559,-0.823076,0.493811,-1.779435,-0.040775,-1.364079,-0.257772,0.693863,-0.890485,-1.467279,8.26,32424,web_desktop,web,AU->PH,p2p_transfer,1079,0,0,7,212.7,999999.0,1,1,none,0
23500,-1.407343,1.316611,-0.772629,2.111552,-1.369912,-1.280751,-0.042431,0.34608,-0.03031,-0.281917,0.566134,-0.977048,-0.375687,-0.786713,-0.60287,-1.782385,-0.212983,0.573228,-0.515945,1.678755,1.186542,0.544878,-2.238184,-1.234583,0.120422,0.016373,-1.486589,-1.672024,5.56,42119,ios_app,app,CA->IN,airtime_topup,263,0,0,7,22.5,999999.0,1,1,none,0
114136,1.580892,-0.570383,-2.716941,0.515698,-0.395908,-1.990523,-0.867273,0.086142,1.621557,2.103811,-1.365094,0.396408,0.182054,0.697461,-0.042311,1.317298,-0.817934,1.97406,0.176664,0.415635,1.793483,-1.535265,-0.105965,0.392514,-0.952074,-1.287021,-1.394728,1.05227,20.67,28125,android_app,app,AU->PH,cash_pickup,1447,0,0,8,21.9,10360.0,2,1,none,0
123615,2.168856,2.441037,-0.100837,-0.108706,-1.535901,1.962741,0.611655,0.763089,0.347694,0.891565,-0.821476,0.616316,1.394416,0.437538,-0.413972,1.787017,1.231443,-0.095705,-0.006798,0.860996,-1.577703,1.610208,1.417916,0.674691,0.480722,-0.463557,2.062069,1.776444,40.33,40261,android_app,app,US->NG,cash_pickup,365,0,1,9,133.2,6282.0,9,1,none,0
13352,0.688698,0.903709,-1.405619,-0.589994,0.70264,-0.517331,0.624294,-0.953488,-1.335101,0.448196,-0.264407,-0.499136,0.388146,0.396205,-0.829884,-0.973422,0.047475,0.612249,-0.643472,0.534834,-0.984251,0.668232,1.0734,-0.755346,0.343584,0.921177,-2.171355,0.220119,12.39,2217,web_desktop,web,US->GT,p2p_transfer,444,0,0,12,48.2,999999.0,1,1,none,0
36892,0.249736,1.730179,-0.609032,2.696014,1.705211,-1.540268,0.257981,-1.64502,0.238615,1.355834,-0.96805,-1.168257,1.816959,-0.429722,-2.121801,0.271522,-0.716474,-1.54065,-0.6396,-0.112759,-1.386434,-0.218903,-0.313756,0.672651,0.072212,0.150448,-0.086148,-2.899863,25.43,43228,web_mobile,web,US->MX,p2p_transfer,1160,0,0,6,155.8,10631.0,3,1,none,0
42804,-0.736686,0.895082,0.806368,2.01837,-1.796211,-0.591337,1.65511,-0.496693,-0.636302,-0.127853,0.370361,0.791777,-0.668686,-0.134475,0.676011,-0.060018,-0.979601,-0.014056,1.166016,1.172303,0.383362,1.045098,-0.41745,-0.272701,0.047054,-0.415016,0.569365,0.525507,25.18,36627,web_mobile,web,US->MX,p2p_transfer,1278,0,0,13,62.1,15202.0,6,1,none,0
45120,0.515722,-0.119669,-0.29015,-1.440314,0.143407,1.655062,0.232929,-0.919475,-0.581156,0.015006,0.141489,-0.377707,1.41035,-0.523772,1.640635,-0.008854,-0.485925,-0.761526,0.150777,2.806304,1.191189,-1.127357,1.940751,-0.620636,-0.875729,-1.337242,0.754276,-0.135308,16.28,3632,web_desktop,web,US->PH,airtime_topup,1143,0,0,11,38.0,3078.0,2,2,none,0
14884,0.765444,-0.126045,-1.557742,0.839257,-0.906789,-0.0871,-0.546934,-0.795947,-0.508889,0.541732,-1.112408,0.378916,0.62487,-0.321066,0.230543,0.509238,0.343274,-0.675949,-0.016382,-2.057364,-0.714717,0.414458,0.689876,0.166561,2.34266,0.769758,1.591645,-0.797632,28.65,19169,ios_app,app,US->NG,p2p_transfer,5,0,0,13,56.3,999999.0,1,1,none,0
167004,0.412588,1.126801,-1.003538,-0.92705,-1.91242,0.427769,0.456024,-0.494312,0.824854,-0.88937,1.939453,1.113837,0.570082,1.372566,0.350734,-0.923107,-1.177057,0.551156,0.067651,0.006239,-2.469443,2.103687,-0.533784,-0.535607,-0.455113,-0.628719,-0.446036,-1.611062,17.53,39946,web_mobile,web,CA->IN,bill_pay,535,0,0,11,162.3,33443.0,4,1,none,0
96228,-0.081317,-0.438618,-0.811545,1.970745,-2.049999,-0.201639,-0.806105,-0.988946,0.08734,-0.217916,-0.389208,-0.100295,0.624612,-1.545943,1.188071,0.457866,1.57943,-0.765041,-1.658435,0.827759,0.28299,-0.618771,-0.542452,0.21079,-0.39792,0.180792,-0.558175,-0.469041,38.38,4787,web_mobile,web,UK->NG,p2p_transfer,316,0,0,13,92.2,36799.0,6,1,none,0
106096,0.297632,-0.644019,0.282053,0.913041,-0.664874,0.438518,-0.183673,-0.298856,0.145511,0.75718,-0.119865,1.619704,-1.182515,-0.218198,0.26756,-1.646953,-0.65854,1.288205,-0.651558,0.383545,-0.112206,1.063209,-0.436435,-0.934132,1.273073,2.050305,-0.254374,0.400232,211.17,38927,android_app,app,CA->IN,cash_pickup,60,0,0,12,22.9,83107.0,3,1,none,0
150601,-0.023192,-0.655544,0.646241,-0.962652,0.909743,1.694429,1.13559,0.724852,0.286337,-0.213934,0.368874,0.697609,1.737228,0.636366,-0.961202,-1.351893,-2.523625,-0.227809,-0.376001,-0.290756,-0.96776,-0.052966,-0.972929,1.202502,0.017604,-0.382687,0.173126,1.438776,17.93,3973,web_desktop,web,AU->PH,p2p_transfer,1366,0,0,10,58.0,4668.0,9,1,none,0
72880,-0.075159,0.855448,1.388515,0.714178,0.635578,1.381398,0.631222,-0.446309,0.720353,0.800561,-1.0619,-1.317406,-0.05776,0.846695,0.795003,-1.839397,-0.197394,-0.200955,-1.230964,1.396313,1.803895,-1.16786,-0.384633,0.773391,0.452157,0.256937,0.170147,1.302294,44.0,43655,web_desktop,web,CA->IN,p2p_transfer,1267,0,0,11,20.8,14011.0,5,1,none,0
113170,-0.159348,-0.301919,0.354659,0.165883,-0.849948,-0.796929,-0.650553,-0.069523,-0.779538,0.417867,-0.668246,0.599076,1.07659,-0.225296,1.342,0.057978,0.563615,0.504627,0.856406,0.558455,-0.044537,0.300384,1.218457,-0.361287,1.122999,-0.41567,-0.958939,-0.022819,7.88,23857,web_desktop,web,US->IN,p2p_transfer,1472,0,0,12,43.4,14257.0,5,1,none,0
25758,-0.175681,-0.121899,1.955691,0.200604,-0.359264,0.485752,1.210956,0.656121,-0.827532,-0.657117,-1.08318,0.660465,-0.375259,-0.140719,0.247678,-0.461532,-1.195825,-0.576179,0.75913,-1.290405,-0.802223,-0.376764,0.747676,-0.058419,-0.600985,0.505536,-1.040918,0.417826,15.71,33159,android_app,app,US->PH,bill_pay,276,0,0,5,50.0,24852.0,2,1,none,0
103737,1.61789,-0.221588,0.227662,0.031955,2.177595,-1.184331,-0.024172,-0.252837,0.178073,-0.015838,-1.432595,1.272236,0.684223,1.675125,-0.331025,0.595223,-0.15434,0.108749,2.442292,-2.198709,-0.402377,-0.298749,-2.0561,-0.243855,-0.247035,-0.454732,0.328328,0.791565,38.03,23267,android_app,app,AU->PH,cash_pickup,1469,0,0,10,223.0,70283.0,2,1,none,0
17597,0.683988,0.221354,2.216188,1.419096,0.207085,-0.8778,-0.000258,0.388318,-0.027201,-0.572632,0.515396,-0.778028,-0.614026,0.139196,0.405961,-0.437602,-0.593359,0.221034,0.879672,-1.236392,-0.398028,0.208958,0.741776,0.3132,0.685679,-0.27259,-0.368497,0.327613,45.24,27416,web_desktop,web,US->NG,p2p_transfer,743,0,0,13,139.9,4635.0,2,1,none,0
43361,-0.290832,0.523711,-0.58119,2.301315,0.526056,0.381645,1.928305,-0.721462,-0.445126,0.412449,1.091477,0.380489,-0.120276,0.309493,-0.155816,-0.025677,0.547087,-0.815753,-0.60733,0.41187,0.471204,-0.175769,0.137259,-1.373876,0.831995,-0.106445,0.307572,1.682765,8.2,37167,web_desktop,web,CA->IN,airtime_topup,402,0,0,16,210.2,34642.0,2,1,none,0
19759,-1.033871,1.595121,-0.399276,1.878715,-0.63874,-2.29073,-0.468782,1.691113,-0.17532,-0.015143,1.694238,-1.648751,-1.277854,1.032785,-0.543897,-0.150688,0.464389,0.543716,-0.05154,-0.586453,0.926596,-0.189915,0.421032,-0.212649,-0.099145,1.362466,-0.482279,-1.481691,4.96,3616,web_desktop,web,US->IN,p2p_transfer,85,0,0,14,134.2,999999.0,1,1,none,0
53409,-0.360016,0.81097,1.43279,0.608099,0.277158,0.428069,-0.196267,-0.071869,0.200888,2.039458,-0.320158,2.730851,-0.888005,-1.818513,0.439402,-0.723088,-0.178562,0.654915,0.078567,-0.299523,0.235569,-0.092328,1.203598,2.633553,2.681789,0.650942,-1.209229,-0.537635,15.8,10041,android_app,app,CA->IN,airtime_topup,745,0,0,14,51.6,17558.0,2,1,none,0
4158,1.693407,0.782048,1.389328,-0.472477,-0.007637,-0.831726,0.825328,0.537769,0.152034,-0.374394,-0.197082,-0.199139,-1.261798,-0.005386,0.751146,-1.450622,0.104941,1.612796,-0.213602,-0.014622,-0.15795,-0.341718,1.488495,-0.144575,0.61667,-1.5424,1.185286,0.048082,53.77,21809,web_mobile,web,CA->IN,bill_pay,293,0,0,10,49.9,999999.0,1,1,none,0
28621,2.611459,-0.41945,-0.281287,-0.491257,-1.135828,1.198212,-0.735524,-1.057747,0.517203,1.598727,-0.921544,-1.067522,1.138033,0.247046,-1.322354,1.327048,0.500815,-0.366685,-1.845229,-0.525621,2.542364,0.049777,-0.555566,0.398143,0.805331,-0.333566,-0.212992,0.164734,23.26,9246,android_app,app,US->MX,p2p_transfer,318,0,0,10,121.3,999999.0,1,1,none,0
127102,0.26808,-0.231034,-1.736428,-1.653673,-0.443283,-0.141771,-0.469641,0.09329,-1.55269,0.593612,0.816184,1.499609,0.114359,-0.471992,0.168371,1.80964,1.343549,-0.733897,-0.168189,-0.8087,-0.390956,-0.63849,0.65026,0.076325,0.212521,-0.313592,0.694158,1.350099,12.98,959,android_app,app,US->PH,bill_pay,1378,0,0,10,66.9,32434.0,5,1,none,0
2028,1.521166,0.931011,-1.359906,0.979414,1.274823,0.037623,-0.064952,-0.89115,-1.15283,-1.019534,0.431444,-2.176506,-1.219298,0.385317,1.685187,1.450055,-1.441518,0.06088,-0.801603,0.264137,-0.869025,-0.779703,-1.33961,0.431938,1.1245,-0.403819,0.174759,0.173831,9.8,44540,android_app,app,US->NG,cash_pickup,347,0,0,12,190.4,999999.0,1,1,none,0
107604,-0.773265,0.500679,0.37776,0.315793,-0.889851,0.090862,-0.231151,0.042502,-0.544562,0.043692,-0.454584,-2.111193,0.77003,0.244972,1.325324,0.210194,-1.176445,-0.598413,1.5647,-0.204845,-0.803007,1.014257,1.100406,-0.458165,0.364041,0.515322,1.967437,-0.886376,21.7,16253,web_desktop,web,US->NG,p2p_transfer,1266,0,0,5,69.3,79203.0,2,1,none,0
82721,1.277552,0.421272,-1.466813,0.763765,-1.215186,0.413866,0.023127,0.345897,-1.667838,-1.602604,-1.15042,0.462328,0.136188,1.356602,-0.585303,1.52781,0.609905,-0.588612,2.260033,-0.038891,-1.11238,0.12938,-1.880377,0.318372,0.126654,0.703471,-0.529909,-0.659175,40.39,23722,web_mobile,web,US->MX,p2p_transfer,1284,0,0,8,26.3,20116.0,5,1,none,0
110440,-1.109173,-2.584173,0.706214,-0.674702,0.962321,0.325349,0.014934,-1.294538,0.259813,1.09179,-1.774406,0.563186,-1.139244,1.858628,-0.306668,-0.82633,0.383314,0.207354,1.297022,-1.964572,-0.57189,0.923395,0.511453,-0.950065,1.733775,-0.061681,-0.62408,-1.210972,22.43,45180,ios_app,app,US->NG,p2p_transfer,494,0,0,13,89.5,2815.0,6,3,none,0
1383,1.554652,-0.777093,1.678912,0.320216,0.752221,0.529991,-0.619045,0.897065,0.393612,0.37197,-1.210514,0.395955,0.487228,-0.291008,0.724156,0.32038,0.572379,1.090124,0.577619,-0.829999,-0.125533,-1.508095,0.189209,-0.980267,-0.919871,-0.225997,0.353468,-2.016458,10.61,7766,ios_app,app,US->MX,airtime_topup,417,0,0,13,201.9,999999.0,1,1,none,0
59234,0.095412,-0.323022,-0.918476,-1.384987,-1.990565,0.591091,-1.292205,-1.289908,0.009119,0.222354,-1.573687,-0.189128,-0.723018,0.801455,1.224921,-0.149506,0.41813,1.058619,0.732552,1.431364,-0.599781,-0.046786,1.008648,-0.306982,0.602718,-0.472939,0.391935,-1.690998,38.36,21080,ios_app,app,US->MX,bill_pay,990,0,1,8,6.6,4447.0,4,1,none,0
41083,1.077091,0.038308,0.343867,-0.380634,0.092451,-0.34032,-0.852331,-0.54011,1.262357,2.452138,-1.352222,-0.640649,-0.924825,0.074237,1.40366,-1.859148,1.694014,0.5479,2.022126,-0.946975,-0.720719,0.112733,-1.00775,2.002136,-6.1e-05,1.227692,-1.651855,0.341367,18.9,18165,web_desktop,web,US->NG,p2p_transfer,1362,0,0,8,110.6,34888.0,4,1,none,0
37364,-0.970799,1.781393,1.785067,-0.597294,2.243614,0.090821,0.524212,-0.108945,-1.357499,0.367451,0.504157,0.489006,-0.559777,-0.39292,1.377321,1.109551,2.143396,0.354067,1.92359,1.550052,0.373399,-0.687696,-1.179514,0.693553,0.984376,-1.342526,0.479906,1.951041,17.23,22879,web_desktop,web,US->IN,p2p_transfer,1270,0,1,8,94.4,6486.0,4,1,none,0
165212,0.634058,-0.121044,1.488158,1.677044,-0.377169,-0.754004,-1.869708,-0.287595,-0.274007,-1.346961,-0.166829,1.322471,1.647558,-0.811414,0.281343,-0.182312,0.283461,-1.293709,1.398061,-0.595044,0.430801,-1.200831,0.027964,-0.998486,-0.881585,0.652442,-0.022126,0.162029,52.28,17858,web_desktop,web,US->GT,cash_pickup,585,0,0,10,160.6,51433.0,10,1,none,0
120454,-0.412738,0.1704,0.600855,-1.199937,-0.487821,0.657718,-0.111235,0.794955,-0.797272,0.78863,0.540979,3.904235,-0.252727,-1.146197,0.420432,-1.150111,-1.193127,1.267184,-1.642321,0.264293,-0.410079,0.722273,0.987434,-0.534455,-0.786219,0.474441,-1.415219,-0.4456,17.23,43307,web_desktop,web,AU->PH,cash_pickup,526,0,0,9,48.0,6276.0,5,1,none,0
150874,0.443664,1.494669,1.209377,1.389504,-1.361369,7e-05,-0.753555,0.546984,-0.565707,0.770412,-0.395563,-0.509082,1.243547,0.256243,2.815765,0.075939,0.450472,0.172083,-0.656705,0.407244,-0.937794,1.843948,-0.270697,-0.197429,0.360408,-0.4975,2.740748,0.32599,13.01,28175,android_app,app,AU->PH,bill_pay,1124,0,0,5,167.5,33191.0,6,1,none,0
23948,-0.519393,1.333485,0.055449,-0.271642,0.184923,-0.8409,-0.342,-0.657135,-0.144699,0.117385,0.862235,-0.819432,-1.32862,0.718436,-0.065799,0.023536,-0.343608,0.381393,-1.072653,-1.192603,0.492833,-0.226108,0.547629,-0.702312,-0.140039,-0.499057,-0.753006,-0.291607,11.05,36964,ios_app,app,US->MX,p2p_transfer,67,0,0,17,47.2,13779.0,3,1,none,0
143207,0.666269,-0.580584,-3.046969,0.286359,-0.953607,-1.182039,-1.011066,0.127013,-0.831913,-0.603913,-0.937405,0.747847,2.387915,0.371979,0.166042,-1.779854,1.134574,0.192522,2.120254,1.440974,0.35008,0.374471,1.847465,1.60716,0.765464,-0.684651,-1.553194,0.961064,25.05,38006,ios_app,app,AU->PH,p2p_transfer,296,0,1,8,80.0,68009.0,4,1,none,0
133784,-1.286144,1.290041,-0.23567,0.456089,-0.312836,0.720693,0.623612,0.090536,-0.273037,-2.276351,-0.336835,0.592164,-0.413787,0.334955,0.560025,0.083953,0.727103,-0.088638,-2.304826,-1.275407,0.841247,0.056785,1.435125,-1.375246,-0.925459,0.638688,-0.003687,-0.336156,34.0,8799,web_mobile,web,CA->IN,p2p_transfer,76,0,0,5,205.7,10914.0,5,1,none,0
49503,-1.325938,2.146235,-0.44275,0.796142,0.148349,0.209034,1.534347,0.748319,0.50337,0.073809,-0.677628,0.775406,0.132115,-0.092049,-1.363705,-1.595336,0.10794,1.063044,0.226367,-0.301673,-0.095583,-2.443967,-0.490973,0.91286,0.998973,-0.61797,0.451499,0.80877,8.81,29281,web_desktop,web,US->NG,bill_pay,1055,0,0,11,65.7,6389.0,5,1,none,0
5379,-0.013137,-1.391634,-0.812822,-0.328167,-0.461173,-0.679472,0.754642,-0.452397,0.275074,1.054384,-0.424112,1.67885,-0.094585,0.037375,-1.79714,0.40488,0.836139,1.223395,0.581306,-0.393056,0.565409,0.061506,-0.597565,-0.152997,0.179661,0.533343,0.108641,1.285151,24.92,26086,ios_app,app,US->NG,cash_pickup,1231,0,0,10,58.6,999999.0,1,1,none,0
87274,-2.536527,0.257924,-0.067723,-0.021041,-2.00074,1.754952,-1.31624,0.846321,-1.07233,0.046694,-0.535951,-1.485321,0.375348,0.201739,-0.066392,-0.525718,1.458601,-0.002297,0.439255,-0.419875,0.495745,-1.361385,-0.022755,1.169141,0.814449,1.111663,0.833213,0.846407,156.6,15250,ios_app,app,US->MX,airtime_topup,633,0,0,6,169.3,16928.0,4,1,none,0
75642,-0.172391,0.816719,-0.841237,0.555147,2.997628,-0.835518,-0.084202,-1.509103,0.608004,-0.179829,0.002965,-1.51354,0.479392,1.146588,-0.316453,-0.142523,-0.632483,-0.581863,0.691834,-0.225688,0.930745,-0.113156,0.212586,0.426283,-0.178357,1.88307,0.807108,1.216071,9.67,17321,web_desktop,web,US->GT,p2p_transfer,857,0,0,9,68.0,51034.0,3,1,none,0
102297,-0.568251,-0.641039,-1.44192,0.182465,0.288654,1.705874,-0.272304,0.222525,-1.029507,1.344242,0.382049,0.414838,-0.195558,-0.027091,-1.317363,-0.554204,-0.477884,0.373059,-0.623511,0.994137,-0.43754,0.393335,-0.451975,0.236185,-0.441383,-2.230873,-0.593589,-0.094014,12.63,11225,web_mobile,web,CA->IN,bank_deposit,1495,0,0,12,183.1,51505.0,2,1,none,0
124051,1.575594,-1.862643,-0.082494,-1.890081,1.268798,0.993216,-0.38838,-1.126388,-1.236747,-0.40977,-1.015527,-0.773452,1.062307,0.772213,-0.741454,1.482877,-2.257651,0.021184,-0.426235,-0.129614,-0.268851,-1.028304,1.526584,-0.623238,0.067639,0.87162,0.95154,1.848208,19.63,42793,web_mobile,web,CA->IN,p2p_transfer,505,0,1,11,148.3,11032.0,5,1,none,0
6469,-1.148206,0.011445,0.253591,-1.204327,0.510512,-0.849278,-0.490488,0.166556,-1.138311,0.509671,-1.056232,-0.216713,-1.522865,-1.038608,0.627702,1.016755,-0.522133,-1.576408,0.650629,-1.220108,0.868045,-0.472239,0.910318,0.763272,1.434686,-0.882338,0.690978,0.364664,11.87,11007,web_mobile,web,UK->NG,bank_deposit,760,0,0,8,71.9,999999.0,1,1,none,0
156920,0.951266,-0.485232,-0.187211,-0.17742,-0.004677,0.231007,0.35868,0.519935,-0.23953,0.412667,0.791489,0.842958,-0.922955,-1.104727,1.299576,-0.634575,0.393447,0.091834,1.187926,-1.804528,1.11692,0.544358,0.375687,0.282799,0.257826,1.713079,0.259744,0.087656,27.33,28846,ios_app,app,CA->IN,bank_deposit,531,0,0,12,140.8,13433.0,6,1,none,0
69798,1.862468,-0.63886,0.473796,0.048954,-0.135993,0.934516,0.886486,1.749726,-0.332325,1.890106,1.973669,0.029767,-0.776288,-1.178235,-1.47941,0.272392,0.433909,1.011017,0.525444,0.991766,0.822252,1.153899,-0.517739,0.467286,0.053989,-0.256034,-0.451463,1.812348,172.67,1462,web_desktop,web,AU->PH,bill_pay,446,0,0,10,25.1,1052.0,6,2,none,0
